product_title,product_description,ship_from,ship_to,seller,price,source
10mg Diazepam Tabletten - 10 Stück,"- 10mg Diazepam Tabletten - 10 Stück

- Diskreter Versand in neutralem Päckchen aus Deutschland.

- Bitte achten Sie darauf immer die richtige Versandadresse anzugeben.

- Anfragen und Bestellungen werden täglich ab 18.00 Uhr bearbeitet.

- Der Versand erfolgt immer spätestens zwei Tage nach Geldeingang.

*** Da ich ein gesichertes E-Mail Progamm habe können Sie mir Ihren Namen und Ihre Adresse einfach zukommen lassen***


Bitte schreiben Sie mir nach einer Bestellung keine PGP verschlüsselten Mails.
Mein Rechner / Server ist via TOR-Netzwerk und einer zusätzlichen VPN Verbindung gesichert sodass eine PGP Verschlüsselung nicht notwendig ist.

Wenn Sie eine Bestellung aufgeben, schreiben Sie mir bitte einfach eine Mail an 1776:


... mit dem Inhalt:


- Ihrem richtigen Namen
- Ihrer Adesse


Wenn Sie Fragen haben, stellen Sie diese bitte immer dirket über 1776",Germany,Worldwide,1XAnOYMoUsX1BXx,$67.01,1776
10mg Diazepam Tabletten - 50 Stück,"10 mg Diazepam / Valium / Valocordin Tabletten je Packung 50 Stück



- 1x Packung 50 Stück 10mg

- Diskreter Versand in neutralem Päckchen aus Deutschland.

- Bitte achten Sie darauf immer die richtige Versandadresse anzugeben.

- Anfragen und Bestellungen werden täglich ab 18.00 Uhr bearbeitet.

- Der Versand erfolgt immer spätestens zwei Tage nach Geldeingang.


*** Da ich ein gesichertes E-Mail Progamm habe können Sie mir Ihren Namen und Ihre Adresse einfach zukommen lassen***


Bitte schreiben Sie mir nach einer Bestellung keine PGP verschlüsselten Mails.
Mein Rechner / Server ist via TOR-Netzwerk und einer zusätzlichen VPN Verbindung gesichert sodass eine PGP Verschlüsselung nicht notwendig ist.

Wenn Sie eine Bestellung aufgeben, schreiben Sie mir bitte einfach eine Mail an 1776:


... mit dem Inhalt:


- Ihrem richtigen Namen
- Ihrer Adesse


Wenn Sie Fragen haben, stellen Sie diese bitte immer dirket über 1776",Germany,Worldwide,1XAnOYMoUsX1BXx,$93.82,1776
Sonderpreis !!! 10x Diazepam Tropfen 25ml,"Diazepam / Valium / Valocordin Tropfen je Flasche 25ml - 10mg/ml



- Zehn Flaschen je 25ml

- Diskreter Versand in neutralem Päckchen aus Deutschland.

- Bitte achten Sie darauf immer die richtige Versandadresse anzugeben.

- Anfragen und Bestellungen werden täglich ab 18.00 Uhr bearbeitet.

- Der Versand erfolgt immer spätestens zwei Tage nach Geldeingang.


*** Da ich ein gesichertes E-Mail Progamm habe können Sie mir Ihren Namen und Ihre Adresse einfach zukommen lassen***


Bitte schreiben Sie mir nach einer Bestellung keine PGP verschlüsselten Mails.
Mein Rechner / Server ist via TOR-Netzwerk und einer zusätzlichen VPN Verbindung gesichert sodass eine PGP Verschlüsselung nicht notwendig ist.

Wenn Sie eine Bestellung aufgeben, schreiben Sie mir bitte einfach eine Mail an 1776:


... mit dem Inhalt:


- Ihrem richtigen Namen
- Ihrer Adesse


Wenn Sie Fragen haben, stellen Sie diese bitte immer dirket über 1776.
Sollte alles zu Ihrer Zufriedenheit abgelaufen sein freue ich mich auf eine positive Bewertung.",Germany,Worldwide,1XAnOYMoUsX1BXx,$938.32,1776
Sonderpreis !!! 2x Diazepam Tropfen 25ml,"Diazepam / Valium / Valocordin Tropfen je Flasche 25ml - 10mg/ml



- Zwei Flaschen je 25ml

- Diskreter Versand in neutralem Päckchen aus Deutschland.

- Bitte achten Sie darauf immer die richtige Versandadresse anzugeben.

- Anfragen und Bestellungen werden täglich ab 18.00 Uhr bearbeitet.

- Der Versand erfolgt immer spätestens zwei Tage nach Geldeingang.


*** Da ich ein gesichertes E-Mail Progamm habe können Sie mir Ihren Namen und Ihre Adresse einfach zukommen lassen***


Bitte schreiben Sie mir nach einer Bestellung keine PGP verschlüsselten Mails.
Mein Rechner / Server ist via TOR-Netzwerk und einer zusätzlichen VPN Verbindung gesichert sodass eine PGP Verschlüsselung nicht notwendig ist.

Wenn Sie eine Bestellung aufgeben, schreiben Sie mir bitte einfach eine Mail an 1776:


... mit dem Inhalt:


- Ihrem richtigen Namen
- Ihrer Adesse


Wenn Sie Fragen haben, stellen Sie diese bitte immer dirket über 1776",Germany,Worldwide,1XAnOYMoUsX1BXx,$214.46,1776
1 gr indian Ketamin,"Very Strong Ketamin from India be careful

i dont send to usa and Australia sorry only with FE and for your own risk",Austria,Worldwide,ACAB23,$50.00,1776
Brand New CVV Dump,"Hi 1776 ! We are BlazedBank, a team of hackers based around the world with a knack for hacking SQL databases. Today we bring you a new product.

We are selling brand new CVV dumps, each dump is no less than one week old and our dumps are constantly changed on a weekly basis. None of the cards you receive upon purchase have been verified,you will receive a unused credit card. Please note that these are CVV dumps and not Track1/Track2 dumps. Purchase is for one card.

Example:
	Card Number:4789861591125343
	CVV: 514
	Full name: Ashleigh Crooks
	Expires: 09/14
	Country: Canada
	State: ON
	City: Thunder Bay
	Address: 733 Harkness St
	Post Code / ZIP: p7e 1s3
	Phone: 8076223833",Undeclared,Worldwide,BlazedBank,$5.00,1776
100g SPEED PASTE (wet),"SPEED PASTE  -  (Amphetamine)

***Very good SPEED for very good price.

***Very wet, very fresh.

***The loss due drying is about max. 40-45%!!!

***Discreet and safe „Ninja stealth” packaging and shipping !!! (Smell proof guaranteed!!!)

***You get exactly what you see on the picture! Photo is taken from the original product!!!",Hungary,Worldwide,BruceWillix,$490.00,1776
10g AFGHAN KUSH - Outdoor Weed (Very Strong!!!),"„AFGHAN KUSH”  - Outdoor WEED (Very Strong!!!) 


<<<<<<  Grade: AAA+ TOP QUALITY!

<<<<<<  Genetics: Pure Afghan Kush

<<<<<<  THC Content: High 22,60%

<<<<<<  Very clean, tasty, potent, high quality weed. No big leaves and crap, only fine selected buds full of sticky resin crystals.

<<<<<<  The smell and taste is sweet and spicey, the effect is powerful and stoney. 

<<<<<<  Discreet and safe „Ninja stealth” packaging and shipping!!! (Smell proof guaranteed!!!)

<<<<<<  You get exactly what you see on the picture! Photo is taken from the original product!!!",Hungary,Worldwide,BruceWillix,$100.00,1776
10g CHOCOLATE FONDUE - Specific Outdoor Weed (Top Quality!),"„CHOCOLATE FONDUE”  -  Specific Outdoor WEED (Sativa / Indica)


***--- Name: CHOCOLATE FONDUE

***--- Grade: A+++ TOP QUALITY!

***--- Genetics: Chocolope and Exodus Cheese

***--- THC Content: High 21%

***Very clean, tasty, potent, high quality weed. No big leaves and crap, only fine selected buds full of sticky resin crystals. :-)

***The smell and taste is sweet and spicey, the effect is powerful and stoney. 

***Discreet and safe „Ninja stealth” packaging and shipping!!! (Smell proof guaranteed!!!)

***You get exactly what you see on the picture! Photo is taken from the original product!!!",Hungary,Worldwide,BruceWillix,$90.00,1776
10g CRYSTAL SKUNK – Special Indoor Weed for Special People (High Quality!!!),"„CRYSTAL SKUNK”  - Indoor WEED (High Quality!!!)


<<<<<<  Grade: AAA+ TOP QUALITY!

<<<<<<  Genetics: Skunk #1 and Afghan Kush

<<<<<<  THC Content: High 23,00%

<<<<<<  Very clean, tasty, potent, high quality weed. No big leaves and crap, only fine selected buds full of sticky resin crystals. 

<<<<<<  The smell and taste are excellent and the effect is powerful and stoney. 

<<<<<<  Discreet and safe „Ninja stealth” packaging and shipping!!! (Smell proof guaranteed!!!)

<<<<<<  You get exactly what you see on the picture! Photo is taken from the original product!!!",Hungary,Worldwide,BruceWillix,$120.00,1776
10g SPEED - NORMAL DRY,">>>IMPORTANT - Before placing your order please message me.<<<

SPEED - NORMAL DRY  -  (Amphetamine)

<<<<<<  Very good SPEED for very good price. Not too wet, it dries very fast. The loss due drying is about max. 10% only!!!

<<<<<<  Discreet and safe „Ninja stealth” packaging and shipping !!! (Smell proof guaranteed!!!)

<<<<<<  You get exactly what you see on the picture! Photo is taken from the original product!!!",Hungary,Worldwide,BruceWillix,$100.00,1776
10g SPEED - NORMAL DRY (a little bit wet),"SPEED - NORMAL DRY  -  (Amphetamine)

***Very good SPEED for very good price.

***Not too wet, it dries very fast.

***The loss due drying is about max. 10-15% only!!!

***Discreet and safe „Ninja stealth” packaging and shipping !!! (Smell proof guaranteed!!!)

***You get exactly what you see on the picture! Photo is taken from the original product!!!",Hungary,Worldwide,BruceWillix,$90.00,1776
1g AFGHAN KUSH - Outdoor Weed (Very Strong!!!),"„AFGHAN KUSH”  -  Outdoor WEED (Very Strong!!!)



***--- Grade: AAA+ TOP QUALITY!

***--- Genetics: Pure Afghan Kush

***--- THC Content: High 22,60%

***Very clean, tasty, potent, high quality weed. No big leaves and crap, only fine selected buds full of sticky resin crystals. 

***The smell and taste are strong and spicey, the effect is powerful and stoney. 

***Discreet and safe „Ninja stealth” packaging and shipping!!! (Smell proof guaranteed!!!)

***You get exactly what you see on the picture! Photo is taken from the original product!!!",Hungary,Worldwide,BruceWillix,$12.00,1776
1g CHOCOLATE FONDUE - Outdoor Weed (Very Strong!!!),">>>IMPORTANT - Before placing your order please message me.<<<

„CHOCOLATE FONDUE”  - Outdoor WEED (Very Strong!!!) 




<<<<<<  Grade: A+++ TOP QUALITY!

<<<<<<  Genetics: Chocolope and Exodus Cheese

<<<<<<  THC Content: High 21%

<<<<<<  Very clean, tasty, potent, high quality weed. No big leaves and crap, only fine selected buds full of sticky resin crystals. :-)

<<<<<<  The smell and taste is sweet and spicey, the effect is powerful and stoney. 

<<<<<<  Discreet and safe „Ninja stealth” packaging and shipping!!! (Smell proof guaranteed!!!)

<<<<<<  You get exactly what you see on the picture! Photo is taken from the original product!!!",Hungary,Worldwide,BruceWillix,$12.00,1776
1g CHOCOLATE FONDUE - Specific Outdoor Weed (Top Quality!),"„CHOCOLATE FONDUE”  -  Specific Outdoor WEED (Sativa / Indica)


***--- Name: CHOCOLATE FONDUE

***--- Grade: A+++ TOP QUALITY!

***--- Genetics: Chocolope and Exodus Cheese

***--- THC Content: High 21%

***Very clean, tasty, potent, high quality weed. No big leaves and crap, only fine selected buds full of sticky resin crystals. :-)

***The smell and taste is sweet and spicey, the effect is powerful and stoney. 

***Discreet and safe „Ninja stealth” packaging and shipping!!! (Smell proof guaranteed!!!)

***You get exactly what you see on the picture! Photo is taken from the original product!!!",Hungary,Worldwide,BruceWillix,$12.00,1776
1g CRYSTAL SKUNK – Special Indoor Weed for Special People (High Quality!!!),"„CRYSTAL SKUNK”  - Indoor WEED (High Quality!!!) 




<<<<<<  Grade: AAA+ TOP QUALITY!

<<<<<<  Genetics: Skunk #1 and Afghan Kush

<<<<<<  THC Content: High 23,00%

<<<<<<  Very clean, tasty, potent, high quality weed. No big leaves and crap, only fine selected buds full of sticky resin crystals. 

<<<<<<  The smell and taste are excellent and the effect is powerful and stoney.

<<<<<<  Discreet and safe „Ninja stealth” packaging and shipping!!! (Smell proof guaranteed!!!)

<<<<<<  You get exactly what you see on the picture! Photo is taken from the original product!!!",Hungary,Worldwide,BruceWillix,$14.00,1776
1g MEPHEDRONE (4-MMC) microcrystal with little rocks (FAMOUS and RARE!) ***Top Quality***,"MEPHEDRONE (4-MMC)  ***Top Quality***

***Microcrystal with little rocks.

***Purity: 99,8%.

***Famous and very rare product.

***Limited Quantity.

***Discreet and safe „Ninja stealth” packaging and shipping !!! (Smell proof guaranteed!!!)

***You get exactly what you see on the picture! Photo is taken from the original product!!!",Hungary,Worldwide,BruceWillix,$34.00,1776
1g MEPHEDRONE Crystals (4-MMC),">>>IMPORTANT - Before placing your order please message me.<<<

MEPHEDRONE Crystals

<<<<<<  Purity: 99,8%. Famous and very rare product. Limited Quantity.

<<<<<<  Discreet and safe „Ninja stealth” packaging and shipping !!! (Smell proof guaranteed!!!)

<<<<<<  You get exactly what you see on the picture! Photo is taken from the original product!!!",Hungary,Worldwide,BruceWillix,$25.00,1776
1g SPEED - DRY POWDER (bone dry),"SPEED - DRY POWDER  -  (Amphetamine)

***Very good SPEED for very good price.

***Bone dry, very pure.

***Discreet and safe „Ninja stealth” packaging and shipping !!! (Smell proof guaranteed!!!)

***You get exactly what you see on the picture! Photo is taken from the original product!!!",Hungary,Worldwide,BruceWillix,$22.00,1776
1g SPEED - NORMAL DRY,">>>IMPORTANT - Before placing your order please message me.<<<

SPEED - NORMAL DRY  -  (Amphetamine)

<<<<<<  Very good SPEED for very good price. Not too wet, it dries very fast. The loss due drying is about max. 10% only!!!

<<<<<<  Discreet and safe „Ninja stealth” packaging and shipping !!! (Smell proof guaranteed!!!)

<<<<<<  You get exactly what you see on the picture! Photo is taken from the original product!!!",Hungary,Worldwide,BruceWillix,$12.00,1776
1g SPEED - NORMAL DRY (a little bit wet),"SPEED - NORMAL DRY  -  (Amphetamine)

***Very good SPEED for very good price.

***Not too wet, it dries very fast.

***The loss due drying is about max. 10-15% only!!!

***Discreet and safe „Ninja stealth” packaging and shipping !!! (Smell proof guaranteed!!!)

***You get exactly what you see on the picture! Photo is taken from the original product!!!",Hungary,Worldwide,BruceWillix,$12.00,1776
25g CHOCOLATE FONDUE - Specific Outdoor Weed (Top Quality!),"„CHOCOLATE FONDUE”  -  Specific Outdoor WEED (Sativa / Indica)


***--- Name: CHOCOLATE FONDUE

***--- Grade: A+++ TOP QUALITY!

***--- Genetics: Chocolope and Exodus Cheese

***--- THC Content: High 21%

***Very clean, tasty, potent, high quality weed. No big leaves and crap, only fine selected buds full of sticky resin crystals. :-)

***The smell and taste is sweet and spicey, the effect is powerful and stoney. 

***Discreet and safe „Ninja stealth” packaging and shipping!!! (Smell proof guaranteed!!!)

***You get exactly what you see on the picture! Photo is taken from the original product!!!",Hungary,Worldwide,BruceWillix,$215.00,1776
25g SPEED - NORMAL DRY (a little bit wet),"SPEED - NORMAL DRY  -  (Amphetamine)

***Very good SPEED for very good price.

***Not too wet, it dries very fast.

***The loss due drying is about max. 10-15% only!!!

***Discreet and safe „Ninja stealth” packaging and shipping !!! (Smell proof guaranteed!!!)

***You get exactly what you see on the picture! Photo is taken from the original product!!!",Hungary,Worldwide,BruceWillix,$200.00,1776
2g MEPHEDRONE (4-MMC) microcrystal with little rocks (FAMOUS and RARE!) ***Top Quality***,"MEPHEDRONE (4-MMC)  ***Top Quality***

***Microcrystal with little rocks.

***Purity: 99,8%.

***Famous and very rare product.

***Limited Quantity.

***Discreet and safe „Ninja stealth” packaging and shipping !!! (Smell proof guaranteed!!!)

***You get exactly what you see on the picture! Photo is taken from the original product!!!",Hungary,Worldwide,BruceWillix,$60.00,1776
2g MEPHEDRONE Crystals (4-MMC),">>>IMPORTANT - Before placing your order please message me.<<<

MEPHEDRONE Crystals

<<<<<<  Purity: 99,8%. Famous and Rare product. Limited Quantity.

<<<<<<  Discreet and safe „Ninja stealth” packaging and shipping !!! (Smell proof guaranteed!!!)

<<<<<<  You get exactly what you see on the picture! Photo is taken from the original product!!!",Hungary,Worldwide,BruceWillix,$46.00,1776
2g SPEED - DRY POWDER (bone dry),"SPEED - DRY POWDER  -  (Amphetamine)

***Very good SPEED for very good price.

***Bone dry, very pure.

***Discreet and safe „Ninja stealth” packaging and shipping !!! (Smell proof guaranteed!!!)

***You get exactly what you see on the picture! Photo is taken from the original product!!!",Hungary,Worldwide,BruceWillix,$40.00,1776
3g MEPHEDRONE (4-MMC) microcrystal with little rocks (FAMOUS and RARE!) ***Top Quality***,"MEPHEDRONE (4-MMC)  ***Top Quality***

***Microcrystal with little rocks.

***Purity: 99,8%.

***Famous and very rare product.

***Limited Quantity.

***Discreet and safe „Ninja stealth” packaging and shipping !!! (Smell proof guaranteed!!!)

***You get exactly what you see on the picture! Photo is taken from the original product!!!",Hungary,Worldwide,BruceWillix,$84.00,1776
3g MEPHEDRONE Crystals (4-MMC),">>>IMPORTANT - Before placing your order please message me.<<<

MEPHEDRONE Crystals

<<<<<<  Purity: 99,8%. Famous and very rare product. Limited Quantity.

<<<<<<  Discreet and safe „Ninja stealth” packaging and shipping !!! (Smell proof guaranteed!!!)

<<<<<<  You get exactly what you see on the picture! Photo is taken from the original product!!!",Hungary,Worldwide,BruceWillix,$63.00,1776
3g SPEED - DRY POWDER (bone dry),"SPEED - DRY POWDER  -  (Amphetamine)

***Very good SPEED for very good price.

***Bone dry, very pure.

***Discreet and safe „Ninja stealth” packaging and shipping !!! (Smell proof guaranteed!!!)

***You get exactly what you see on the picture! Photo is taken from the original product!!!",Hungary,Worldwide,BruceWillix,$54.00,1776
50g SPEED PASTE (wet),"SPEED PASTE  -  (Amphetamine)

***Very good SPEED for very good price.

***Very wet, very fresh.

***The loss due drying is about max. 40-45%!!!

***Discreet and safe „Ninja stealth” packaging and shipping !!! (Smell proof guaranteed!!!)

***You get exactly what you see on the picture! Photo is taken from the original product!!!",Hungary,Worldwide,BruceWillix,$268.00,1776
5g AFGHAN KUSH - Outdoor Weed (Very Strong!!!),"„AFGHAN KUSH”  -  Outdoor WEED (Very Strong!!!)



***--- Grade: AAA+ TOP QUALITY!

***--- Genetics: Pure Afghan Kush

***--- THC Content: High 22,60%

***Very clean, tasty, potent, high quality weed. No big leaves and crap, only fine selected buds full of sticky resin crystals. 

***The smell and taste are strong and spicey, the effect is powerful and stoney. 

***Discreet and safe „Ninja stealth” packaging and shipping!!! (Smell proof guaranteed!!!)

***You get exactly what you see on the picture! Photo is taken from the original product!!!",Hungary,Worldwide,BruceWillix,$55.00,1776
5g CHOCOLATE FONDUE - Outdoor Weed (Very Strong!!!),">>>IMPORTANT - Before placing your order please message me.<<<

„CHOCOLATE FONDUE”  - Outdoor WEED (Very Strong!!!)


<<<<<<  Grade: A+++ TOP QUALITY!

<<<<<<  Genetics: Chocolope and Exodus Cheese

<<<<<<  THC Content: High 21%

<<<<<<  Very clean, tasty, potent, high quality weed. No big leaves and crap, only fine selected buds full of sticky resin crystals. :-)


<<<<<<  Discreet and safe „Ninja stealth” packaging and shipping!!! (Smell proof guaranteed!!!)

<<<<<<  You get exactly what you see on the picture! Photo is taken from the original product!!!",Hungary,Worldwide,BruceWillix,$55.00,1776
5g CHOCOLATE FONDUE - Specific Outdoor Weed (Top Quality!),"„CHOCOLATE FONDUE”  -  Specific Outdoor WEED (Sativa / Indica)


***--- Name: CHOCOLATE FONDUE

***--- Grade: A+++ TOP QUALITY!

***--- Genetics: Chocolope and Exodus Cheese

***--- THC Content: High 21%

***Very clean, tasty, potent, high quality weed. No big leaves and crap, only fine selected buds full of sticky resin crystals. :-)

***The smell and taste is sweet and spicey, the effect is powerful and stoney. 

***Discreet and safe „Ninja stealth” packaging and shipping!!! (Smell proof guaranteed!!!)

***You get exactly what you see on the picture! Photo is taken from the original product!!!",Hungary,Worldwide,BruceWillix,$52.00,1776
5g CRYSTAL SKUNK – Special Indoor Weed for Special People (High Quality!!!),"„CRYSTAL SKUNK”  - Indoor WEED (High Quality!!!)


<<<<<<  Grade: AAA+ TOP QUALITY!

<<<<<<  Genetics: Skunk #1 and Afghan Kush

<<<<<<  THC Content: High 23%

<<<<<<  Very clean, tasty, potent, high quality weed. No big leaves and crap, only fine selected buds full of sticky resin crystals.


<<<<<<  Discreet and safe „Ninja stealth” packaging and shipping!!! (Smell proof guaranteed!!!)

<<<<<<  You get exactly what you see on the picture! Photo is taken from the original product!!!",Hungary,Worldwide,BruceWillix,$65.00,1776
5g MEPHEDRONE (4-MMC) microcrystal with little rocks (FAMOUS and RARE!) ***Top Quality***,"MEPHEDRONE (4-MMC)  ***Top Quality***

***Microcrystal with little rocks.

***Purity: 99,8%.

***Famous and very rare product.

***Limited Quantity.

***Discreet and safe „Ninja stealth” packaging and shipping !!! (Smell proof guaranteed!!!)

***You get exactly what you see on the picture! Photo is taken from the original product!!!",Hungary,Worldwide,BruceWillix,$130.00,1776
5g MEPHEDRONE Crystals (4-MMC),">>>IMPORTANT - Before placing your order please message me.<<<

MEPHEDRONE Crystals

<<<<<<  Purity: 99,8%. Famous and very rare product. Limited Quantity.

<<<<<<  Discreet and safe „Ninja stealth” packaging and shipping !!! (Smell proof guaranteed!!!)

<<<<<<  You get exactly what you see on the picture! Photo is taken from the original product!!!",Hungary,Worldwide,BruceWillix,$100.00,1776
5g SPEED - NORMAL DRY,">>>IMPORTANT - Before placing your order please message me.<<<

SPEED - NORMAL DRY  -  (Amphetamine)

<<<<<<  Very good SPEED for very good price. Not too wet, it dries very fast. The loss due drying is about max. 10-15% only!!!

<<<<<<  Discreet and safe „Ninja stealth” packaging and shipping !!! (Smell proof guaranteed!!!)

<<<<<< You get exactly what you see on the picture! Photo is taken from the original product!!!",Hungary,Worldwide,BruceWillix,$50.00,1776
5g SPEED - NORMAL DRY (a little bit wet),"SPEED - NORMAL DRY  -  (Amphetamine)

***Very good SPEED for very good price.

***Not too wet, it dries very fast.

***The loss due drying is about max. 10-15% only!!!

***Discreet and safe „Ninja stealth” packaging and shipping !!! (Smell proof guaranteed!!!)

***You get exactly what you see on the picture! Photo is taken from the original product!!!",Hungary,Worldwide,BruceWillix,$50.00,1776
7g CHOCOLATE FONDUE - Outdoor Weed (Very Strong!!!),">>>IMPORTANT - Before placing your order please message me.<<<

„CHOCOLATE FONDUE”  - Outdoor WEED (Very Strong!!!)


<<<<<<  Grade: A+++ TOP QUALITY!

<<<<<<  Genetics: Chocolope and Exodus Cheese

<<<<<<  THC Content: High 21%

<<<<<<  Very clean, tasty, potent, high quality weed. No big leaves and crap, only fine selected buds full of sticky resin crystals. :-)

<<<<<<  The smell and taste is sweet and spicey, the effect is powerful and stoney. 

<<<<<<  Discreet and safe „Ninja stealth” packaging and shipping!!! (Smell proof guaranteed!!!)

<<<<<<  You get exactly what you see on the picture! Photo is taken from the original product!!!",Hungary,Worldwide,BruceWillix,$73.00,1776
7g SPEED - NORMAL DRY,">>>IMPORTANT - Before placing your order please message me.<<<

SPEED - NORMAL DRY  -  (Amphetamine)

<<<<<<  Very good SPEED for very good price. Not too wet, it dries very fast. The loss due drying is about max. 10% only!!!

<<<<<<  Discreet and safe „Ninja stealth” packaging and shipping !!! (Smell proof guaranteed!!!)

<<<<<<  You get exactly what you see on the picture! Photo is taken from the original product!!!",Hungary,Worldwide,BruceWillix,$73.00,1776
TRAMADOL  50 mg  (20 capsules),"Tramadol-HCL capsules (50 mg)

***Strong opioid painkiller and narcotic-like pain reliever.

***Strong opioids (sometimes called opiates) are medicines used to treat severe pain. Tramadol is a type of strong opioid. It works on your nervous system and brain to reduce the way you feel pain.

***Pharmaticeutical quality!!!  (EUROPEAN PRODUCT).

***Store in a cool, dry place, away from direct heat and light.

***Discreet and safe „Ninja stealth” packaging and shipping!!! (Smell proof guaranteed!!!)

***You get exactly what you see on the picture! Photo is taken from the original product!!!",Hungary,Worldwide,BruceWillix,$30.00,1776
TRAMADOL  50 mg  (20 capsules),">>>IMPORTANT - Before placing your order please message me.<<<

Tramadol-HCL capsules (50 mg)

***Strong opioid painkiller and narcotic-like pain reliever.

***Strong opioids (sometimes called opiates) are medicines used to treat severe pain. Tramadol is a type of strong opioid. It works on your nervous system and brain to reduce the way you feel pain.

***Pharmaticeutical quality!!!  (EUROPEAN PRODUCT).

***Store in a cool, dry place, away from direct heat and light.

***Discreet and safe „Ninja stealth” packaging and shipping!!! (Smell proof guaranteed!!!)

***You get exactly what you see on the picture! Photo is taken from the original product!!!",Hungary,Worldwide,BruceWillix,$30.00,1776
TRAMADOL  50 mg  (40 capsules),"Tramadol-HCL capsules (50 mg)

***Strong opioid painkiller and narcotic-like pain reliever.

***Strong opioids (sometimes called opiates) are medicines used to treat severe pain. Tramadol is a type of strong opioid. It works on your nervous system and brain to reduce the way you feel pain.

***Pharmaticeutical quality!!!  (EUROPEAN PRODUCT).

***Store in a cool, dry place, away from direct heat and light.

***Discreet and safe „Ninja stealth” packaging and shipping!!! (Smell proof guaranteed!!!)

***You get exactly what you see on the picture! Photo is taken from the original product!!!",Hungary,Worldwide,BruceWillix,$55.00,1776
TRAMADOL  50 mg  (80 capsules),"Tramadol-HCL capsules (50 mg)

***Strong opioid painkiller and narcotic-like pain reliever.

***Strong opioids (sometimes called opiates) are medicines used to treat severe pain. Tramadol is a type of strong opioid. It works on your nervous system and brain to reduce the way you feel pain.

***Pharmaticeutical quality!!!  (EUROPEAN PRODUCT).

***Store in a cool, dry place, away from direct heat and light.

***Discreet and safe „Ninja stealth” packaging and shipping!!! (Smell proof guaranteed!!!)

***You get exactly what you see on the picture! Photo is taken from the original product!!!",Hungary,Worldwide,BruceWillix,$100.00,1776
10g Mid-Grade Northern Lights Cannabis Bud,Listing is for 10g Mid-Grade Northern Lights Cannabis Bud (Low smelling strain),United Kingdom,Worldwide,DRice2020,$80.00,1776
1g Mid-Grade Northern Lights Cannabis Bud,Listing for 1g Mid-Grade Northern Lights Cannabis Bud (Low smelling strain),United Kingdom,Worldwide,DRice2020,$9.50,1776
5g Mid-Grade Northern Lights Cannabis Bud,Listing is for 5g Mid-Grade Northern Lights Cannabis Bud (Low smelling strain),United Kingdom,Worldwide,DRice2020,$42.50,1776
0.5g no. 3 heroin (base),0.5g (500mg) of no. 3 heroin (base). Suitable for smoking off foil or injected if prepared properly by heating in water with a weak acid such as citric acid.,United Kingdom,United Kingdom,ElDorado,$90.00,1776
Beretta M9 Special Edition,"This is the Beretta M9 special edition featuring an attachment rail built into the frame. The gun was purchased out of state and is stolen. Serial numbers were removed and a new barrel was put in. Other than being stolen, the gun has never been used in a crime. Pictures of the real gun available upon request. Half of the total payment ($600) is required upfront before any parts are shipped. The gun is shipped in 4 packages and tracking numbers will be available for all of them.",Undeclared,Worldwide,Grantillion,$1200.00,1776
Hash Oil Applicator,"1g of Hash Oil in an Oral Syringe applicator. Sticky and a little runny. Dark in color. Whole plant used, fan leaves and trim.",Undeclared,United States,LibertyOrHemp,$20.00,1776
Honeycomb Wax,"Wax breaks apart into small chunks. Will stick to fingers or with some warmth, but otherwise crumbles apart. Brown - gold in color. Made from high quality trim.",Undeclared,United States,LibertyOrHemp,$35.00,1776
100 Pills Valium (Roche) 10 MG,"Valium (diazepam) is a benzodiazepine (ben-zoe-dye-AZE-eh-peens). Diazepam affects chemicals in the brain that may become unbalanced and cause anxiety. Valium is used to treat anxiety disorders. 


Packages:
M2B is offering small, regular and bulk quantity customers can view our listing here: 

Shipping Area: We ship from USA,UK and Philippines. 

Note:
Product delivered can be different from the image listed. We try our level best to ensure customer satisfaction. But in any case if you are not satisfied please contact us before throwing a negative feedback.

Skype ID : meds-2-buy 
Email ID : meds2buy@safe-mail.net",Worldwide,Worldwide,Meds2Buy,$105.00,1776
100 Pills Xanax 1 MG,"Xanax (alprazolam) is used to treat anxiety disorders, panic disorders, and anxiety caused by depression. It works by slowing down the movement of chemicals in the brain that may become unbalanced. This results in a reduction in nervous tension (anxiety).
[Shipping Area]:
We ship from USA,UK and Philippines.

[Note]:
Product delivered can be different from the image listed. We try our level best to ensure customer satisfaction. But in any case if you are not satisfied please contact us before throwing a negative feedback.

[Skype ID]: meds-2-buy

[Email ID]: meds2buy@safe-mail.net",Worldwide,Worldwide,Meds2Buy,$105.00,1776
1000 Pills Valium (Roche) 10 MG,"Valium (diazepam) is a benzodiazepine (ben-zoe-dye-AZE-eh-peens). Diazepam affects chemicals in the brain that may become unbalanced and cause anxiety. Valium is used to treat anxiety disorders. [Shipping Area]: We ship from USA,UK and Philippines. [Note]: Product delivered can be different from the image listed. We try our level best to ensure customer satisfaction. But in any case if you are not satisfied please contact us before throwing a negative feedback. [Skype ID]: meds-2-buy [Email ID]: meds2buy@safe-mail.net",Worldwide,Worldwide,Meds2Buy,$505.00,1776
1000 Pills Xanax 1 MG,"Xanax (alprazolam) is used to treat anxiety disorders, panic disorders, and anxiety caused by depression. It works by slowing down the movement of chemicals in the brain that may become unbalanced. This results in a reduction in nervous tension (anxiety).
[Shipping Area]:
We ship from USA,UK and Philippines.

[Note]:
Product delivered can be different from the image listed. We try our level best to ensure customer satisfaction. But in any case if you are not satisfied please contact us before throwing a negative feedback.

[Skype ID]: meds-2-buy

[Email ID]: meds2buy@safe-mail.net",Worldwide,Worldwide,Meds2Buy,$505.00,1776
150 Pills Valium (Roche) 10 MG,"Valium (diazepam) is a benzodiazepine (ben-zoe-dye-AZE-eh-peens). Diazepam affects chemicals in the brain that may become unbalanced and cause anxiety. Valium is used to treat anxiety disorders. [Shipping Area]: We ship from USA,UK and Philippines. [Note]: Product delivered can be different from the image listed. We try our level best to ensure customer satisfaction. But in any case if you are not satisfied please contact us before throwing a negative feedback. [Skype ID]: meds-2-buy [Email ID]: meds2buy@safe-mail.net",Worldwide,Worldwide,Meds2Buy,$145.00,1776
150 Pills Xanax 1 MG,"Xanax (alprazolam) is used to treat anxiety disorders, panic disorders, and anxiety caused by depression. It works by slowing down the movement of chemicals in the brain that may become unbalanced. This results in a reduction in nervous tension (anxiety).
[Shipping Area]:
We ship from USA,UK and Philippines.

[Note]:
Product delivered can be different from the image listed. We try our level best to ensure customer satisfaction. But in any case if you are not satisfied please contact us before throwing a negative feedback.

[Skype ID]: meds-2-buy

[Email ID]: meds2buy@safe-mail.net",Worldwide,Worldwide,Meds2Buy,$145.00,1776
200 Pills Valium (Roche) 10 MG,"Valium (diazepam) is a benzodiazepine (ben-zoe-dye-AZE-eh-peens). Diazepam affects chemicals in the brain that may become unbalanced and cause anxiety. Valium is used to treat anxiety disorders. [Shipping Area]: We ship from USA,UK and Philippines. [Note]: Product delivered can be different from the image listed. We try our level best to ensure customer satisfaction. But in any case if you are not satisfied please contact us before throwing a negative feedback. [Skype ID]: meds-2-buy [Email ID]: meds2buy@safe-mail.net",Worldwide,Worldwide,Meds2Buy,$185.00,1776
200 Pills Xanax 1 MG,"Xanax (alprazolam) is used to treat anxiety disorders, panic disorders, and anxiety caused by depression. It works by slowing down the movement of chemicals in the brain that may become unbalanced. This results in a reduction in nervous tension (anxiety).
[Shipping Area]:
We ship from USA,UK and Philippines.

[Note]:
Product delivered can be different from the image listed. We try our level best to ensure customer satisfaction. But in any case if you are not satisfied please contact us before throwing a negative feedback.

[Skype ID]: meds-2-buy

[Email ID]: meds2buy@safe-mail.net",Worldwide,Worldwide,Meds2Buy,$185.00,1776
350 Pills Valium (Roche) 10 MG,"Valium (diazepam) is a benzodiazepine (ben-zoe-dye-AZE-eh-peens). Diazepam affects chemicals in the brain that may become unbalanced and cause anxiety. Valium is used to treat anxiety disorders. [Shipping Area]: We ship from USA,UK and Philippines. [Note]: Product delivered can be different from the image listed. We try our level best to ensure customer satisfaction. But in any case if you are not satisfied please contact us before throwing a negative feedback. [Skype ID]: meds-2-buy [Email ID]: meds2buy@safe-mail.net",Worldwide,Worldwide,Meds2Buy,$265.00,1776
350 Pills Xanax 1 MG,"Xanax (alprazolam) is used to treat anxiety disorders, panic disorders, and anxiety caused by depression. It works by slowing down the movement of chemicals in the brain that may become unbalanced. This results in a reduction in nervous tension (anxiety).
[Shipping Area]:
We ship from USA,UK and Philippines.

[Note]:
Product delivered can be different from the image listed. We try our level best to ensure customer satisfaction. But in any case if you are not satisfied please contact us before throwing a negative feedback.

[Skype ID]: meds-2-buy

[Email ID]: meds2buy@safe-mail.net",Worldwide,Worldwide,Meds2Buy,$265.00,1776
50 Pills Ativan 2 MG,"Ativan (lorazepam) is used to treat anxiety disorders. It affects chemicals in the brain that may become unbalanced and cause anxiety.

[Shipping Area]:
We ship from USA,UK and Philippines.

[Note]:
Product delivered can be different from the image listed. We try our level best to ensure customer satisfaction. But in any case if you are not satisfied please contact us before throwing a negative feedback.

[Skype ID]: meds-2-buy

[Email ID]: meds2buy@safe-mail.net",Worldwide,Worldwide,Meds2Buy,$65.00,1776
50 Pills Valium (Roche) 10 MG,"Valium (diazepam) is a benzodiazepine (ben-zoe-dye-AZE-eh-peens). Diazepam affects chemicals in the brain that may become unbalanced and cause anxiety. Valium is used to treat anxiety disorders.

[Shipping Area]:
We ship from USA,UK and Philippines.

[Note]:
Product delivered can be different from the image listed. We try our level best to ensure customer satisfaction. But in any case if you are not satisfied please contact us before throwing a negative feedback.

[Skype ID]: meds-2-buy

[Email ID]: meds2buy@safe-mail.net",Worldwide,Worldwide,Meds2Buy,$65.00,1776
50 Pills Xanax 1 MG,"Xanax (alprazolam) is used to treat anxiety disorders, panic disorders, and anxiety caused by depression. It works by slowing down the movement of chemicals in the brain that may become unbalanced. This results in a reduction in nervous tension (anxiety).
[Shipping Area]:
We ship from USA,UK and Philippines.

[Note]:
Product delivered can be different from the image listed. We try our level best to ensure customer satisfaction. But in any case if you are not satisfied please contact us before throwing a negative feedback.

[Skype ID]: meds-2-buy

[Email ID]: meds2buy@safe-mail.net",Worldwide,Worldwide,Meds2Buy,$65.00,1776
500 Pills Valium (Roche) 10 MG,"Valium (diazepam) is a benzodiazepine (ben-zoe-dye-AZE-eh-peens). Diazepam affects chemicals in the brain that may become unbalanced and cause anxiety. Valium is used to treat anxiety disorders. [Shipping Area]: We ship from USA,UK and Philippines. [Note]: Product delivered can be different from the image listed. We try our level best to ensure customer satisfaction. But in any case if you are not satisfied please contact us before throwing a negative feedback. [Skype ID]: meds-2-buy [Email ID]: meds2buy@safe-mail.net",Worldwide,Worldwide,Meds2Buy,$325.00,1776
500 Pills Xanax 1 MG,"Xanax (alprazolam) is used to treat anxiety disorders, panic disorders, and anxiety caused by depression. It works by slowing down the movement of chemicals in the brain that may become unbalanced. This results in a reduction in nervous tension (anxiety).
[Shipping Area]:
We ship from USA,UK and Philippines.

[Note]:
Product delivered can be different from the image listed. We try our level best to ensure customer satisfaction. But in any case if you are not satisfied please contact us before throwing a negative feedback.

[Skype ID]: meds-2-buy

[Email ID]: meds2buy@safe-mail.net",Worldwide,Worldwide,Meds2Buy,$325.00,1776
750 Pills Valium (Roche) 10 MG,"Valium (diazepam) is a benzodiazepine (ben-zoe-dye-AZE-eh-peens). Diazepam affects chemicals in the brain that may become unbalanced and cause anxiety. Valium is used to treat anxiety disorders. [Shipping Area]: We ship from USA,UK and Philippines. [Note]: Product delivered can be different from the image listed. We try our level best to ensure customer satisfaction. But in any case if you are not satisfied please contact us before throwing a negative feedback. [Skype ID]: meds-2-buy [Email ID]: meds2buy@safe-mail.net",Worldwide,Worldwide,Meds2Buy,$425.00,1776
750 Pills Xanax 1 MG,"Xanax (alprazolam) is used to treat anxiety disorders, panic disorders, and anxiety caused by depression. It works by slowing down the movement of chemicals in the brain that may become unbalanced. This results in a reduction in nervous tension (anxiety).
[Shipping Area]:
We ship from USA,UK and Philippines.

[Note]:
Product delivered can be different from the image listed. We try our level best to ensure customer satisfaction. But in any case if you are not satisfied please contact us before throwing a negative feedback.

[Skype ID]: meds-2-buy

[Email ID]: meds2buy@safe-mail.net",Worldwide,Worldwide,Meds2Buy,$425.00,1776
*Free Sample 5 hit LSD 150ug,"Free sample of 5 hits, of very clean  and pure LSD to get my feedback up. Get them while they last, free shipping!",United States,United States,Nbomejohn,$0.00,1776
10 Strip of 25i-Nbome 1000ug,"10 strip of 25i-Nbome, 1000ug on some trippy blotter. Definitely a cheap, and awesome way to have some fun with a buddy or two. Awesome trips!",United States,United States,Nbomejohn,$20.00,1776
.25g sample of Ketamine,.25g of K for $10 with free shipping. Pretty sure racemic but hear excellent things in terms of strength.,United States,United States,RogerTheAlien,$10.00,1776
10 Strip of 125ug Fluff WoW,"I don't know the guy who lays it but the number MY guy picks up in are so large that quality is guaranteed to be uniform and what it is supposed to be.

Check out the sample listing if they are still up to give them a shot yourself.

Also keep your eyes out for a future 160ug WoW listing and dont be afraid to ask about bulk bc we have it!",United States,United States,RogerTheAlien,$5.00,1776
25 hits 125ug Fluff WoW,"I don't know the guy who lays it but the number MY guy picks up in are so large that quality is guaranteed to be uniform and what it is supposed to be.

Check out the sample listing if they are still up to give them a shot yourself.

Also keep your eyes out for a future 160ug WoW listing and dont be afraid to ask about bulk bc we have it!",United States,United States,RogerTheAlien,$175.00,1776
3x 125ug WoW samples free shipping for $5,"Sample listing for my LSD. Get em before they are gone because this stuff is good. I am not gonna sit here and lie about 200+ mic tabs, I just want to sell good LSD at a good price.

Give em a shot and check out the larger listings if you like em =)",United States,United States,RogerTheAlien,$5.00,1776
[10] 2mg Xanax Bars ---Chill Out----,"Tierd of being the DD when you an your buddies go out? Take a half of a Xanax bar. It's a really clean drunk feeling. Inhibitions lost! Anxitey gone! 30-45 mins post ingestion one begins to feel more social and less awkward at parties and gatherings. After 4 hours, if you manage to stay awake, you are litterally completely sober to finish the resposibily of getting your drunk friend back home. You'll be the only one who will score that night. If your still awake. ;-)

Have fun. Take a bar. Smoke a joint. Spit some smooth talk at some ladies.

This listing is for 10 2mg Xanax (Alprazolam) bars in the color yellow.

--- I have been asked if these ae ""real"" and my response is that these are given to me by TrusTed Walgreens for my personal use. They are 100% real pharmaceutical grade ""Made in the USA and approved by the FDA""",United States,United States,School_Supplies,$40.00,1776
[5] 30mg IR Adderall Tablets ---School Supplies---,"Can't stay focused after a small sleep? Exams seem overwellming? Work TOO fucking boring? I can help you get the edge you might need. It's called Adderall. You know you have heard it before.

College students have been taking these for years to cram for examinations. I use them when I have an early class, a full day, or if I need to turn the afterburners on late into the night.

WARNING: If you are under the assumtion that taking a pill and studying overnight will make you a genius. Reality check. If you feel that by taking Adderall your going to be smarter. I'm sorry. You never going to be smart. Adderall has no effect on IQ. It simply allows you to work harder with more focus and concentration especially under stressfull or sleep deprived situations. Simply put; its not going to change the fact that your an idiot. It is however great for writiing papers.

--- Please FE as soon as you can. :-0

***These are 30mg Instant Release D-Amphetamine (generic for Adderall) tablets manufactured by Barr Pharm. You will feel a large amount of energy and cognative alertness for 4-6 hours and will almost immediately be able to sleep after tthe pill has worn off.



This listing is for 5 tablets.

--- I have been asked if these are ""real"" and as far as I'm concerned these were given to me for my consumption by Walgreens. They are 100% real pharmaceutical grade ""Made in the USA and approved by the FDA""",United States,United States,School_Supplies,$40.00,1776
Premium Uncut Cocaine 0.5 Grams,"85% pure Uncut Cocaine, The quality speaks for itself. Shipping from 1/5/14.
Sold in 0.5 Gram Wraps.",United Kingdom,United Kingdom,SpeakEasyUK,$102.00,1776
Premium Uncut Cocaine 1 Gram,"85% pure Uncut Cocaine, The quality speaks for itself. Shipping from 1/5/14.
Sold in 0.5 Gram Wraps.
Package will contain 2x 0.5 Gram Wraps.",United Kingdom,United Kingdom,SpeakEasyUK,$185.00,1776
1Gr Crack Cocaine,This Crack cocaine will give you avery nice Flash and keeps you high for a long time when you smoke it.  Enjoy!!,Netherlands,Worldwide,ThinWhiteDuke,$175.00,1776
1Gr.The highest  quality heroin#3,I use this myself so i can tell you it is the best around!! guarenteed,Netherlands,Worldwide,ThinWhiteDuke,$81.00,1776
5Gr.The highest  quality heroin#3,I use this myself so i can tell you it is the best around!! guarenteed,Netherlands,Worldwide,ThinWhiteDuke,$390.00,1776
'A' GRADE COCAINE - 10 GRAMS,"*** THIS IS AN INTERNATIONAL LISTING - OUR PRICES MAY BE MORE EXPENSIVE THAN OUR COMPETITORS BUT PLEASE TAKE NOTE - WE OFFER FULL ESCROW FOR ALL CUSTOMERS (NO FE) AND IN THE CASE OF A NON ARRIVAL - WE OFFER A 100% REFUND OR RE-SHIP ***

This listing is for 10 Grams of 'A' Grade Cocaine - Disco Shit!!

Satisfaction Guaranteed.",United Kingdom,Worldwide,UKconnect,$1500.00,1776
'A' GRADE COCAINE - 28 GRAMS,"*** THIS IS AN INTERNATIONAL LISTING - OUR PRICES MAY BE MORE EXPENSIVE THAN OUR COMPETITORS BUT PLEASE TAKE NOTE - WE OFFER FULL ESCROW FOR ALL CUSTOMERS (NO FE) AND IN THE CASE OF A NON ARRIVAL - WE OFFER A 100% REFUND OR RE-SHIP *** This listing is for 28 Grams of 'A' Grade Cocaine - Disco Shit!!

Satisfaction Guaranteed.",United Kingdom,Worldwide,UKconnect,$3220.00,1776
Localbitcoin verified account,I offer verified localbitcoin accounts. Login and mail details will be sent to you within 24 hours max. These are phone verified and save you the trouble of linking private information.,Undeclared,Worldwide,XHP,$10.00,1776
1.8oz AAA Bubba Kush Indoor BC Bud,"Indoor AAA Organic BC Bud 

A sweet, earthy strain that is an indica dominant hybrid, Bubba Kush is a cross between Bubble Gum and Kush. It has an intense and relaxing high that starts in your head and moves down into your body. Dense nugs, foresty kush smell, good strain for after work.

50 grams.",Canada,Worldwide,bcdirect,$400.00,1776
1.8oz AAA Critical Plus BC Bud Greenhouse,"Organic greenhouse BC Bud, winner of the 1st High Life Cup in Barcelona 

One of Dinafem's flagship varieties, it won the 1st High Life Cup in Barcelona. Intense fruity and skunky aroma, with great aftertaste. This indica dominant looks like a sativa with fluffy buds and a strong body and mind stone. Organically grown in a greenhouse.

50 grams.",Canada,Worldwide,bcdirect,$360.00,1776
"1.8oz Grade A Indoor ""Bud-Shake""","Grade A Indoor ""Bud-Shake""

Just as it implies, a mix of smaller buds and shake from our other indoor products. Mostly crystalized buds and leaf/flower parts, some thc sand, may contain some stock (although we try to pick out most large stems). A fine smelling crystal crumble. Strains vary and sometimes are mixed.

Good to smoke or cook with.

50 grams.",Canada,Worldwide,bcdirect,$200.00,1776
1oz AAA Bubba Kush Indoor BC Bud,"Indoor AAA Organic BC Bud 

A sweet, earthy strain that is an indica dominant hybrid, Bubba Kush is a cross between Bubble Gum and Kush. It has an intense and relaxing high that starts in your head and moves down into your body. Dense nugs, foresty kush smell, good strain for after work.

29 grams.",Canada,Worldwide,bcdirect,$225.00,1776
1oz AAA Critical Plus BC Bud Greenhouse,"Organic greenhouse BC Bud, winner of the 1st High Life Cup in Barcelona 

One of Dinafem's flagship varieties, it won the 1st High Life Cup in Barcelona. Intense fruity and skunky aroma, with great aftertaste. This indica dominant looks like a sativa with fluffy buds and a strong body and mind stone. Organically grown in a greenhouse.

29 grams.",Canada,Worldwide,bcdirect,$200.00,1776
1oz Grade A  Hash,"Grade A Hash.

- Great high, strong but smooth
- Rich taste
- Medium-Soft preformed pucks.

It is dark brown on the exterior and medium brown/blond on the inside when broken or torn apart. It's medium-hard to start with and softens more in the fingers or against heat.

29 grams.",Canada,Worldwide,bcdirect,$225.00,1776
"1oz Grade A Indoor ""Bud-Shake""","Grade A Indoor ""Bud-Shake""

Just as it implies, a mix of smaller buds and shake from our other indoor products. Mostly crystalized buds and leaf/flower parts, some thc sand, may contain some stock (although we try to pick out most large stems). A fine smelling crystal crumble. Strains vary and sometimes are mixed.

Good to smoke or cook with.

29 grams.",Canada,Worldwide,bcdirect,$130.00,1776
1oz Vintage 2006 AAA Greenhouse BC Bud,"Popular medicinal strain, grown organically 

Lots of flavor and with a strong long lasting high. An indica dominant, Indica/sativa hybrid with pronounced sativa elements. Popular medicinal strain. It has a sweet citrusy smell and hits users quickly with an energizing, happy high. Good for daytime use. Greenhouse / Organic.

29 grams.",Canada,Worldwide,bcdirect,$225.00,1776
Butyrfentanyl nasal spray,"N-(1-(2-phenylethyl)-4-piperidinyl)-N-phenylbutyramide

delivered in a spray bottle (like ""nasal"" spray bottle) and diluted with a sterile water solution for safe handling as dry powder can cause dust clouds that could prove VERY dangerous upon accedental inhalation.

each spray is 0.25mg and each bottle gives 95-110 sprays.",Sweden,Undeclared,butyrfent,$80.00,1776
"0,25 afghan white heroine purity 90% sample","sample 0.5gr white pure heroine

hello to all 
this is the highest quality white heroin. 
purity about 90%. ittimo to smoke it and inject it. 

during the order indicate if you want to powder in capsule opened or closed. 

We are a group in this business for 7 years and we do our job in the best.",Italy,Worldwide,dealer007,$15.00,1776
"0,5 afghan white heroine purity 90% sample","sample 0.5gr white pure heroine

hello to all 
this is the highest quality white heroin. 
purity about 90%. ittimo to smoke it and inject it. 

during the order indicate if you want to powder in capsule opened or closed. 

We are a group in this business for 7 years and we do our job in the best.",Italy,Worldwide,dealer007,$70.00,1776
best 7gr high quality afghan white heroine  (90% purity ),"hello to all 
this is the highest quality white heroin. 
purity about 90%. ittimo to smoke it and inject it. 

during the order indicate if you want to powder in capsule opened or closed. 

We are a group in this business for 7 years and we do our job in the best. 

if you want proof, we give you 0.5 Arrange them in our catalog.",Italy,Worldwide,dealer007,$1000.00,1776
Freebase DMT 0.1g,"Fresh and selfmade freebase DMT, exracted from Brazilian mimosa hostilis rootbark.",France,Worldwide,dmtexpress,$15.00,1776
"0,5 gr  H #4","0,5 gr    Heroin #4

Shipment   piority mail free.If you want  another shippiment type ,the total cost is more of priority  mail .

Only in UE   


PS 

The name in the item image (bella-stuffandau) is the same that i use in other markets.
PAndora forum:
              http://bl3j73taluhwidx5.onion/index.php?topic=8172.30

Cloud-nine:
             http://bella.bviaqyj6obc54vhn.onion/on.c9?

Silk-street:
            http://silkr2xyqsu73qhh.onion/category/b2c01e15a9e76895
--------------------------------------------------------------

Before you order ,see my profile",Italy,Worldwide,faaraq,$56.44,1776
1 gr   Heroin #4,"1 gr    Heroin #4

Ship worldwide  except USA-AUSTRALIA


PS 

The name in the item image (bella-stuffandau) is the same that i use in other markets.
PAndora forum:
              http://bl3j73taluhwidx5.onion/index.php?topic=8172.30

Cloud-nine:
             http://bella.bviaqyj6obc54vhn.onion/on.c9?

 
---------------------------------------------------------

Before you order ,see my profile",Italy,Worldwide,faaraq,$106.00,1776
1 gr Heroin #4,"1 gr    Heroin #4

Shipment   piority mail free.If you want  another shippiment type ,the total cost is more of priority  mail .

Only in UE   


PS 

The name in the item image (bella-stuffandau) is the same that i use in other markets.
PAndora forum:
              http://bl3j73taluhwidx5.onion/index.php?topic=8172.30

Cloud-nine:
             http://bella.bviaqyj6obc54vhn.onion/on.c9?

Silk-strre:
            http://silkr2xyqsu73qhh.onion/category/b2c01e15a9e76895
---------------------------------------------------------

Before you order ,see my profile",Italy,Worldwide,faaraq,$106.00,1776
500  mg    H #4      no FE,"0,5 gr    Heroin #4

 

ship to worldwide 


PS 

The name in the item image (bella-stuffandau) is the same that i use in other markets.
PAndora forum:
              http://bl3j73taluhwidx5.onion/index.php?topic=8172.30

Cloud-nine:
             http://bella.bviaqyj6obc54vhn.onion/on.c9?

 

Before you order ,see my profile",Italy,Worldwide,faaraq,$56.44,1776
H #4       250 mg,"no FE 
  worldwide
Except USA-AUSTRALIA


NEW BATCH.

Before you order ,see my profile",Italy,Worldwide,faaraq,$25.50,1776
"H #4 sample 0,2 gr","H  #4  sample  0,200 gr
only 1 at person.
no FE 
i ship priority mail  only in UE. 
NEW BATCH.

Before you order ,see my profile",Italy,Worldwide,faaraq,$13.58,1776
"H #4 sample 0,2 gr","H  #4  sample  0,200 gr
only 1 at person.
no FE 
i ship priority mail  only in UE. 
NEW BATCH.",Italy,Undeclared,faaraq,$13.58,1776
100g 5F-AKB-48,"5F-AKB-48 is the a synthetic cannabinoid meaning it has been specially synthesised in a laboratory. unlike naturally ocurring cannabinoids. A 5-Fluoropenyl analogue of AKB-48, 5F-AKB-48 is previously unknown within medical or scientific literature and as a result offers chemistry students a unique chance to discover the intrinsic properties of this compound. 5F-AKB-48 is completely legal within the UK as it does not conform to the indole-adamantoyl structure. Any customer interested in studying this chemical should be well equipped with the necessary safety equipment prior to research as the properties of this chemical are not yet known.


The 5F-AKB-48 we stock is a high-purity off-white powder with a light solvent odour.


ALL PRODUCTS ARE SOLD STRICTLY AS A LABORATORY REFERENCE SAMPLE ONLY. IF INGESTED PLEASE SEEK MEDICAL ADVICE IMMIDIATELY.",Worldwide,Worldwide,feherszini,$627.00,1776
100g Ethylphenidate Big Crystal,"Ethylphenidate or EP is most commonly known as a transesterification metabolite, after methylphenidate and ethanol are consumed together. The spectrum of ethylphenidate HCl is remarkably similar to that of methylphenidate HCl. The only minor difference being some absorbance patterns which vary slightly. Because of this the use of a spectroscopic/spectrometric method is recommended for proper analysis. Buy Ethylphenidate from us to ensure you get the highest purity EP available anywhere online. All our Ethylphenidate is sourced directly from a certified Asian laboratory at over 99.5% purity, making it excellent for GC/MS reference purposes.",Worldwide,Worldwide,feherszini,$894.00,1776
10g 5F-AKB-48,"5F-AKB-48 is the a synthetic cannabinoid meaning it has been specially synthesised in a laboratory. unlike naturally ocurring cannabinoids. A 5-Fluoropenyl analogue of AKB-48, 5F-AKB-48 is previously unknown within medical or scientific literature and as a result offers chemistry students a unique chance to discover the intrinsic properties of this compound. 5F-AKB-48 is completely legal within the UK as it does not conform to the indole-adamantoyl structure. Any customer interested in studying this chemical should be well equipped with the necessary safety equipment prior to research as the properties of this chemical are not yet known.


The 5F-AKB-48 we stock is a high-purity off-white powder with a light solvent odour.


ALL PRODUCTS ARE SOLD STRICTLY AS A LABORATORY REFERENCE SAMPLE ONLY. IF INGESTED PLEASE SEEK MEDICAL ADVICE IMMIDIATELY.",Worldwide,Worldwide,feherszini,$120.00,1776
10g Ethylphenidate Big Crystal,"Ethylphenidate or EP is most commonly known as a transesterification metabolite, after methylphenidate and ethanol are consumed together. The spectrum of ethylphenidate HCl is remarkably similar to that of methylphenidate HCl. The only minor difference being some absorbance patterns which vary slightly. Because of this the use of a spectroscopic/spectrometric method is recommended for proper analysis.


Buy Ethylphenidate from us to ensure you get the highest purity EP available anywhere online. All our Ethylphenidate is sourced directly from a certified Asian laboratory at over 99.5% purity, making it excellent for GC/MS reference purposes.",Worldwide,Worldwide,feherszini,$183.00,1776
15g Ethylphenidate Big Crystal,"Ethylphenidate or EP is most commonly known as a transesterification metabolite, after methylphenidate and ethanol are consumed together. The spectrum of ethylphenidate HCl is remarkably similar to that of methylphenidate HCl. The only minor difference being some absorbance patterns which vary slightly. Because of this the use of a spectroscopic/spectrometric method is recommended for proper analysis.


Buy Ethylphenidate from us to ensure you get the highest purity EP available anywhere online. All our Ethylphenidate is sourced directly from a certified Asian laboratory at over 99.5% purity, making it excellent for GC/MS reference purposes.",Worldwide,Worldwide,feherszini,$244.50,1776
1kg 5F-AKB-48,"5F-AKB-48 is the a synthetic cannabinoid meaning it has been specially synthesised in a laboratory. unlike naturally ocurring cannabinoids. A 5-Fluoropenyl analogue of AKB-48, 5F-AKB-48 is previously unknown within medical or scientific literature and as a result offers chemistry students a unique chance to discover the intrinsic properties of this compound. 5F-AKB-48 is completely legal within the UK as it does not conform to the indole-adamantoyl structure. Any customer interested in studying this chemical should be well equipped with the necessary safety equipment prior to research as the properties of this chemical are not yet known.


The 5F-AKB-48 we stock is a high-purity off-white powder with a light solvent odour.


ALL PRODUCTS ARE SOLD STRICTLY AS A LABORATORY REFERENCE SAMPLE ONLY. IF INGESTED PLEASE SEEK MEDICAL ADVICE IMMIDIATELY.",Worldwide,Worldwide,feherszini,$4100.00,1776
250g 5F-AKB-48,"5F-AKB-48 is the a synthetic cannabinoid meaning it has been specially synthesised in a laboratory. unlike naturally ocurring cannabinoids. A 5-Fluoropenyl analogue of AKB-48, 5F-AKB-48 is previously unknown within medical or scientific literature and as a result offers chemistry students a unique chance to discover the intrinsic properties of this compound. 5F-AKB-48 is completely legal within the UK as it does not conform to the indole-adamantoyl structure. Any customer interested in studying this chemical should be well equipped with the necessary safety equipment prior to research as the properties of this chemical are not yet known.


The 5F-AKB-48 we stock is a high-purity off-white powder with a light solvent odour.


ALL PRODUCTS ARE SOLD STRICTLY AS A LABORATORY REFERENCE SAMPLE ONLY. IF INGESTED PLEASE SEEK MEDICAL ADVICE IMMIDIATELY.",Worldwide,Worldwide,feherszini,$1142.00,1776
25g 5F-AKB-48,"5F-AKB-48 is the a synthetic cannabinoid meaning it has been specially synthesised in a laboratory. unlike naturally ocurring cannabinoids. A 5-Fluoropenyl analogue of AKB-48, 5F-AKB-48 is previously unknown within medical or scientific literature and as a result offers chemistry students a unique chance to discover the intrinsic properties of this compound. 5F-AKB-48 is completely legal within the UK as it does not conform to the indole-adamantoyl structure. Any customer interested in studying this chemical should be well equipped with the necessary safety equipment prior to research as the properties of this chemical are not yet known.


The 5F-AKB-48 we stock is a high-purity off-white powder with a light solvent odour.


ALL PRODUCTS ARE SOLD STRICTLY AS A LABORATORY REFERENCE SAMPLE ONLY. IF INGESTED PLEASE SEEK MEDICAL ADVICE IMMIDIATELY.",Worldwide,Worldwide,feherszini,$236.00,1776
25g Ethylphenidate Big Crystal,"Ethylphenidate or EP is most commonly known as a transesterification metabolite, after methylphenidate and ethanol are consumed together. The spectrum of ethylphenidate HCl is remarkably similar to that of methylphenidate HCl. The only minor difference being some absorbance patterns which vary slightly. Because of this the use of a spectroscopic/spectrometric method is recommended for proper analysis.


Buy Ethylphenidate from us to ensure you get the highest purity EP available anywhere online. All our Ethylphenidate is sourced directly from a certified Asian laboratory at over 99.5% purity, making it excellent for GC/MS reference purposes.",Worldwide,Worldwide,feherszini,$333.00,1776
2g 5F-AKB-48,"5F-AKB-48 is the a synthetic cannabinoid meaning it has been specially synthesised in a laboratory. unlike naturally ocurring cannabinoids. A 5-Fluoropenyl analogue of AKB-48, 5F-AKB-48 is previously unknown within medical or scientific literature and as a result offers chemistry students a unique chance to discover the intrinsic properties of this compound. 5F-AKB-48 is completely legal within the UK as it does not conform to the indole-adamantoyl structure. Any customer interested in studying this chemical should be well equipped with the necessary safety equipment prior to research as the properties of this chemical are not yet known.


The 5F-AKB-48 we stock is a high-purity off-white powder with a light solvent odour.


ALL PRODUCTS ARE SOLD STRICTLY AS A LABORATORY REFERENCE SAMPLE ONLY. IF INGESTED PLEASE SEEK MEDICAL ADVICE IMMIDIATELY.",Worldwide,Worldwide,feherszini,$35.56,1776
3g 5F-AKB-48,"5F-AKB-48 is the a synthetic cannabinoid meaning it has been specially synthesised in a laboratory. unlike naturally ocurring cannabinoids. A 5-Fluoropenyl analogue of AKB-48, 5F-AKB-48 is previously unknown within medical or scientific literature and as a result offers chemistry students a unique chance to discover the intrinsic properties of this compound. 5F-AKB-48 is completely legal within the UK as it does not conform to the indole-adamantoyl structure. Any customer interested in studying this chemical should be well equipped with the necessary safety equipment prior to research as the properties of this chemical are not yet known.


The 5F-AKB-48 we stock is a high-purity off-white powder with a light solvent odour.


ALL PRODUCTS ARE SOLD STRICTLY AS A LABORATORY REFERENCE SAMPLE ONLY. IF INGESTED PLEASE SEEK MEDICAL ADVICE IMMIDIATELY.",Worldwide,Worldwide,feherszini,$50.00,1776
500g 5F-AKB-48,"5F-AKB-48 is the a synthetic cannabinoid meaning it has been specially synthesised in a laboratory. unlike naturally ocurring cannabinoids. A 5-Fluoropenyl analogue of AKB-48, 5F-AKB-48 is previously unknown within medical or scientific literature and as a result offers chemistry students a unique chance to discover the intrinsic properties of this compound. 5F-AKB-48 is completely legal within the UK as it does not conform to the indole-adamantoyl structure. Any customer interested in studying this chemical should be well equipped with the necessary safety equipment prior to research as the properties of this chemical are not yet known.


The 5F-AKB-48 we stock is a high-purity off-white powder with a light solvent odour.


ALL PRODUCTS ARE SOLD STRICTLY AS A LABORATORY REFERENCE SAMPLE ONLY. IF INGESTED PLEASE SEEK MEDICAL ADVICE IMMIDIATELY.",Worldwide,Worldwide,feherszini,$1978.00,1776
50g 5F-AKB-48,"5F-AKB-48 is the a synthetic cannabinoid meaning it has been specially synthesised in a laboratory. unlike naturally ocurring cannabinoids. A 5-Fluoropenyl analogue of AKB-48, 5F-AKB-48 is previously unknown within medical or scientific literature and as a result offers chemistry students a unique chance to discover the intrinsic properties of this compound. 5F-AKB-48 is completely legal within the UK as it does not conform to the indole-adamantoyl structure. Any customer interested in studying this chemical should be well equipped with the necessary safety equipment prior to research as the properties of this chemical are not yet known.


The 5F-AKB-48 we stock is a high-purity off-white powder with a light solvent odour.


ALL PRODUCTS ARE SOLD STRICTLY AS A LABORATORY REFERENCE SAMPLE ONLY. IF INGESTED PLEASE SEEK MEDICAL ADVICE IMMIDIATELY.",Worldwide,Worldwide,feherszini,$366.00,1776
50g Ethylphenidate Big Crystal,"Ethylphenidate or EP is most commonly known as a transesterification metabolite, after methylphenidate and ethanol are consumed together. The spectrum of ethylphenidate HCl is remarkably similar to that of methylphenidate HCl. The only minor difference being some absorbance patterns which vary slightly. Because of this the use of a spectroscopic/spectrometric method is recommended for proper analysis. Buy Ethylphenidate from us to ensure you get the highest purity EP available anywhere online. All our Ethylphenidate is sourced directly from a certified Asian laboratory at over 99.5% purity, making it excellent for GC/MS reference purposes.",Worldwide,Worldwide,feherszini,$526.00,1776
5g 5F-AKB-48,"5F-AKB-48 is the a synthetic cannabinoid meaning it has been specially synthesised in a laboratory. unlike naturally ocurring cannabinoids. A 5-Fluoropenyl analogue of AKB-48, 5F-AKB-48 is previously unknown within medical or scientific literature and as a result offers chemistry students a unique chance to discover the intrinsic properties of this compound. 5F-AKB-48 is completely legal within the UK as it does not conform to the indole-adamantoyl structure. Any customer interested in studying this chemical should be well equipped with the necessary safety equipment prior to research as the properties of this chemical are not yet known.


The 5F-AKB-48 we stock is a high-purity off-white powder with a light solvent odour.


ALL PRODUCTS ARE SOLD STRICTLY AS A LABORATORY REFERENCE SAMPLE ONLY. IF INGESTED PLEASE SEEK MEDICAL ADVICE IMMIDIATELY.",Worldwide,Worldwide,feherszini,$72.00,1776
5g Ethylphenidate Big Crystal,"Ethylphenidate or EP is most commonly known as a transesterification metabolite, after methylphenidate and ethanol are consumed together. The spectrum of ethylphenidate HCl is remarkably similar to that of methylphenidate HCl. The only minor difference being some absorbance patterns which vary slightly. Because of this the use of a spectroscopic/spectrometric method is recommended for proper analysis.


Buy Ethylphenidate from us to ensure you get the highest purity EP available anywhere online. All our Ethylphenidate is sourced directly from a certified Asian laboratory at over 99.5% purity, making it excellent for GC/MS reference purposes.",Worldwide,Worldwide,feherszini,$111.00,1776
ketamine 1oz of s-isomer  99% pure,Pure ketamine s-isomer which I can send to any country with 100% confidence you will recieve the product.,United Kingdom,Worldwide,ketaway,$177.00,1776
ketamine 4oz of s-isomer  99% pure,pure s-isomer ketamine which I can send world wide and it will 100% be delivered worldwide.,United Kingdom,Worldwide,ketaway,$500.00,1776
1 ounce of Afghani #1 - Ship to USA,"Afghani #1 is originally from the northern mountains of Afghanistan.  It is described as 95% indica, but I have to say it seems to me to be more like a sativa.  It is tall and lanky and has a strong ""up"" high.  She is known for strong and spicy flavor and is ideal for medical use.

Here are a few links to more about the strain:

http://cannacentral.com/strains/afghani/#&src=search

http://www.cannapot.com/shop/cannabis-seeds/hemcy-bv/afghani-no1_seeds.html   (this is where the seeds are from)

http://en.seedfinder.eu/strain-info/Afghani_Nr1/Sensi_Seeds/",United States,United States,laWnmoWermAn,$228.00,1776
1/2 Ounce of Wild Zombie,"Wild Zombie is covered in crystals and is deliciously floral in taste.  It has an ""up"" high that will not couch lock.  I can't find any reference of this variety online so I can't give a history or any links for further information.",United States,United States,laWnmoWermAn,$126.00,1776
1/2 ounce of Afghani #1 - Ship to USA,"Afghani #1 is originally from the northern mountains of Afghanistan.  It is described as 95% indica, but I have to say it seems to me to be more like a sativa.  It is tall and lanky and has a strong ""up"" high.  She is known for strong and spicy flavor and is ideal for medical use.

Here are a few links to more about the strain:

http://cannacentral.com/strains/afghani/#&src=search


http://www.cannapot.com/shop/cannabis-seeds/hemcy-bv/afghani-no1_seeds.html   (this is where the seeds are from)

http://en.seedfinder.eu/strain-info/Afghani_Nr1/Sensi_Seeds/",United States,United States,laWnmoWermAn,$126.00,1776
1/2 ounce of Lemon Kush - Ship to USA,"Lemon Kush is a cross between Master Kush and Lemon Joy.  It is Indica dominant and It clearly smells and tastes of Lemon.  Heavy on the crystals and a strong high, this delicious strain is very good for medical users since it has a high level of THC and CBDs.  You may want to test this at home before going out on it.  Some say it will cause sleepiness.




here are a few links to more about Lemon Kush:


http://www.medicalmarijuanastrains.com/lemon-kush/


http://www.strainbrain.com/marijuana/hybrid/lemon-kush


http://cannacentral.com/strains/lemon-kush/#&src=search


http://www.leafly.com/hybrid/lemon-kush",United States,United States,laWnmoWermAn,$126.00,1776
1/4 ounce of Afghani #1 - Ship to USA,"Afghani #1 is originally from the northern mountains of Afghanistan.  It is described as 95% indica, but I have to say it seems to me to be more like a sativa.  It is tall and lanky and has a strong ""up"" high.  She is known for strong and spicy flavor and is ideal for medical use.

Here are a few links to more about the strain:

http://cannacentral.com/strains/afghani/#&src=search

http://www.cannapot.com/shop/cannabis-seeds/hemcy-bv/afghani-no1_seeds.html   (this is where the seeds are from)

http://en.seedfinder.eu/strain-info/Afghani_Nr1/Sensi_Seeds/",United States,United States,laWnmoWermAn,$67.00,1776
1/4 ounce of Lemon Kush - Ship to USA,"Lemon Kush is a cross between Master Kush and Lemon Joy.  It is Indica dominant and It clearly smells and tastes of Lemon.  Heavy on the crystals and a strong high, this delicious strain is very good for medical users since it has a high level of THC and CBDs.  You may want to test this at home before going out on it.  Some say it will cause sleepiness.




here are a few links to more about Lemon Kush:


http://www.medicalmarijuanastrains.com/lemon-kush/


http://www.strainbrain.com/marijuana/hybrid/lemon-kush


http://cannacentral.com/strains/lemon-kush/#&src=search


http://www.leafly.com/hybrid/lemon-kush",United States,United States,laWnmoWermAn,$67.00,1776
1/8 ounce of Afghani #1 - Ship to USA,"Afghani #1 is originally from the northern mountains of Afghanistan.  It is described as 95% indica, but I have to say it seems to me to be more like a sativa.  It is tall and lanky and has a strong ""up"" high.  She is known for strong and spicy flavor and is ideal for medical use.

Here are a few links to more about the strain:

http://cannacentral.com/strains/afghani/#&src=search

http://www.cannapot.com/shop/cannabis-seeds/hemcy-bv/afghani-no1_seeds.html   (this is where the seeds are from)

http://en.seedfinder.eu/strain-info/Afghani_Nr1/Sensi_Seeds/",United States,United States,laWnmoWermAn,$34.00,1776
1/8 ounce of Lemon Kush - Ship to USA,"Lemon Kush is a cross between Master Kush and Lemon Joy.  It is Indica dominant and It clearly smells and tastes of Lemon.  Heavy on the crystals and a strong high, this delicious strain is very good for medical users since it has a high level of THC and CBDs.  You may want to test this at home before going out on it.  Some say it will cause sleepiness.




here are a few links to more about Lemon Kush:


http://www.medicalmarijuanastrains.com/lemon-kush/


http://www.strainbrain.com/marijuana/hybrid/lemon-kush


http://cannacentral.com/strains/lemon-kush/#&src=search


http://www.leafly.com/hybrid/lemon-kush",United States,United States,laWnmoWermAn,$34.00,1776
1 gr white widow weed,"1 gr of white widow weed

free daily shipping to EU Countries
vacuum packed",Spain,Worldwide,matze,$12.00,1776
25c-NBOMe (1mg Blotter) x 100,"A full sheet (100 hits) of our in house complexed and laid 25i-NBOMe blotters. Our NBOMe is all supplied by a reliable vendor, and we take the care to make sure sheets are lain evenly and accurately for your safety and enjoyment. - Youll find no hotspots to worry about here. 

With the NBOMe series, its recommend you start with half/quarter of a blotter to check for allergies and bad reactions, and then move to a single blotter, and work your way up from there until you find your own personal sweet spot. For most people, 1 blotter will be a great time. Please keep in mind these chemicals have a lot of power. 

And, before you ask - these are standard 1/4 inch blotters, no giant blotters here.",United States,Worldwide,mrpeanut,$125.00,1776
25c-NBOMe (1mg Blotter) x25,"A quarter sheet (25 hits) of our in house complexed and laid 25c-NBOMe blotters. Our NBOMe is all supplied by a reliable vendor, and we take the care to make sure sheets are lain evenly and accurately for your safety and enjoyment. - Youll find no hotspots to worry about here. 

With the NBOMe series, its recommend you start with half/quarter of a blotter to check for allergies and bad reactions, and then move to a single blotter, and work your way up from there until you find your own personal sweet spot. For most people, 1 blotter will be a great time. Please keep in mind these chemicals have a lot of power. 

And, before you ask - these are standard 1/4 inch blotters, no giant blotters here.",United States,Worldwide,mrpeanut,$50.00,1776
25c-NBOMe (1mg Blotter) x50,"A half sheet (50 hits) of our in house complexed and laid 25c-NBOMe blotters. Our NBOMe is all supplied by a reliable vendor, and we take the care to make sure sheets are lain evenly and accurately for your safety and enjoyment. - Youll find no hotspots to worry about here. 

With the NBOMe series, its recommend you start with half/quarter of a blotter to check for allergies and bad reactions, and then move to a single blotter, and work your way up from there until you find your own personal sweet spot. For most people, 1 blotter will be a great time. Please keep in mind these chemicals have a lot of power. 

And, before you ask - these are standard 1/4 inch blotters, no giant blotters here.",United States,Worldwide,mrpeanut,$75.00,1776
25i-NBOMe (1mg Blotters) - x100,"A full sheet (100 hits) of our in house complexed and laid 25i-NBOMe blotters. Our NBOMe is all supplied by a reliable vendor, and we take the care to make sure sheets are lain evenly and accurately for your safety and enjoyment. - Youll find no hotspots to worry about here. 

With the NBOMe series, its recommend you start with half/quarter of a blotter to check for allergies and bad reactions, and then move to a single blotter, and work your way up from there until you find your own personal sweet spot. For most people, 1 blotter will be a great time. Please keep in mind these chemicals have a lot of power. 

And, before you ask - these are standard 1/4 inch blotters, no giant blotters here.",United States,Worldwide,mrpeanut,$125.00,1776
25i-NBOMe (1mg Blotters) x25,"A quarter sheet (25 hits) of our in house complexed and laid 25i-NBOMe blotters. Our NBOMe is all supplied by a reliable vendor, and we take the care to make sure sheets are lain evenly and accurately for your safety and enjoyment. - Youll find no hotspots to worry about here. 

With the NBOMe series, its recommend you start with half/quarter of a blotter to check for allergies and bad reactions, and then move to a single blotter, and work your way up from there until you find your own personal sweet spot. For most people, 1 blotter will be a great time. Please keep in mind these chemicals have a lot of power. 

And, before you ask - these are standard 1/4 inch blotters, no giant blotters here.",United States,Worldwide,mrpeanut,$50.00,1776
25i-NBOMe (1mg Blotters) x50,"A half sheet (50 hits) of our in house complexed and laid 25i-NBOMe blotters. Our NBOMe is all supplied by a reliable vendor, and we take the care to make sure sheets are lain evenly and accurately for your safety and enjoyment. - Youll find no hotspots to worry about here. 

With the NBOMe series, its recommend you start with half/quarter of a blotter to check for allergies and bad reactions, and then move to a single blotter, and work your way up from there until you find your own personal sweet spot. For most people, 1 blotter will be a great time. Please keep in mind these chemicals have a lot of power. 

And, before you ask - these are standard 1/4 inch blotters, no giant blotters here.",United States,Worldwide,mrpeanut,$75.00,1776
2c-b (20mg) x10,"Our 2c-b pills, pressed in house. Each pill contains a precise 20mg.",United States,Worldwide,mrpeanut,$90.00,1776
2c-e (20mg) x10,"Our 2c-e pills, pressed in house. Each pill contains precisely 20mg.",United States,Worldwide,mrpeanut,$90.00,1776
2c-p (20mg) x10,"Our 2c-p pills, pressed in house. Each pill contains precisely 20mg.",United States,Worldwide,mrpeanut,$90.00,1776
DOC (8mg) x100,DOC is a long lasting DOx compound. Expect 24-48 hour trips with intense visuals. Start small and work your way up - no small listings on this compound.,United States,Worldwide,mrpeanut,$500.00,1776
DOM (8mg) x100,"DOM (STP) is a DOx compound famous for its incredibly long duration, intense visuals, and extreme euphoria. It was distributed during the 1960s as LSD and overwhealmed many consumers who had expected milder experiences. No small quantities on this compound.",United States,Worldwide,mrpeanut,$500.00,1776
FREE 25i/25c 1mg NBOMe Blotters!!!,"To celebrate our expansion to 1776 - we're giving away free NBOMe blotters for good reviews. First come, first serve.

You'll receive a pack of free sample blotters, some of our 25i, and some of our 25c.

Our NBOMe is all supplied by a reliable vendor, and we take the care to make sure sheets are lain evenly and accurately for your safety and enjoyment. - Youll find no hotspots to worry about here. With the NBOMe series, its recommend you start with half/quarter of a blotter to check for allergies and bad reactions, and then move to a single blotter, and work your way up from there until you find your own personal sweet spot. For most people, 1 blotter will be a great time. Please keep in mind these chemicals have a lot of power. And, before you ask - these are standard 1/4 inch blotters, not giants.",United States,Worldwide,mrpeanut,$0.00,1776
LSD (100 uG Blotter) x 25,A quarter sheet (25 hits) of our Dutch import LSD. Each blotter is precisely lain at 100 micrograms.,United States,Worldwide,mrpeanut,$125.00,1776
LSD (100 uG Blotter) x100,A full sheet (100 hits) of our Dutch import LSD. Each blotter is precisely lain at 100 micrograms.,United States,Worldwide,mrpeanut,$400.00,1776
LSD (100 uG Blotter) x50,A half sheet (50 hits) of our Dutch import LSD. Each blotter is precisely lain at 100 micrograms.,United States,Worldwide,mrpeanut,$250.00,1776
LSD (200uG Blotter) x100,A full sheet (100 hits) of our Dutch import LSD. Each blotter is precisely lain at 200 micrograms.,United States,Worldwide,mrpeanut,$700.00,1776
LSD (200uG Blotter) x25,A quarter sheet (25 hits) of our Dutch import LSD. Each blotter is precisely lain at 200 micrograms.,United States,Worldwide,mrpeanut,$200.00,1776
1 Hit of 25b-Nbome 1000ug,"1 hit of very strong 25b-nbome. Much stronger visuals than 25i, this stuff really packs a punch. 1 hit, your tripping. 2 hits, and I bet you've never tripped so hard. Go ahead, try me. :)",United States,United States,nbomejohn,$2.00,1776
1 Hit of 25i-Nbome 1000ug,"1 hit of 25i-Nbome, 1000ug on some trippy blotter. Definitely a cheap, and awesome way to have some fun trip. You only need 1, but I take 3 :)",United States,United States,nbomejohn,$2.00,1776
100x Orange Dom Perignons | 200 - 220mg MDMA!,"A new press by the UPS crew!

Name: Orange Dom Perignon
Logo: Dom Perignong
Colour: Orange
Shape: Shield
Texture: hard

You can also check them out here on pill reports, use at your own discretion, as it is a clearnet site:
http://pillreports.net/index.php?page=display_pill&id=34778

As with all our merchandise, we ship the pills super safe and stealthy, the people that know us will remember that we have always been praised for your shipping methods!

Please also see our vendor page for our terms and conditions. When ordering from us, you agree to these terms.

Nice a nice and safe trip everyone!",Germany,worldwide,03welle,2.17267965 ฿(€)Original  476.00 €,abraxas
1 x 115 µg LSD Blotters,"▄▄▄▄▄▄▄▄▄▄▄▄▄▄▄▄▄▄▄▄▄▄▄▄▄▄▄▄▄▄▄▄▄▄▄▄▄▄▄▄▄▄▄▄▄
▀▀▀▀▀▀▀▀▀▀▀▀▀▀▀▀▀▀▀▀▀▀▀▀▀▀▀▀▀▀▀▀▀▀▀▀▀▀▀▀▀▀▀▀▀

███████████████ 3-LEG-RACER ██████████████

▄▄▄▄▄▄▄▄▄▄▄▄▄▄▄▄▄▄▄▄▄▄▄▄▄▄▄▄▄▄▄▄▄▄▄▄▄▄▄▄▄▄▄▄▄
▀▀▀▀▀▀▀▀▀▀▀▀▀▀▀▀▀▀▀▀▀▀▀▀▀▀▀▀▀▀▀▀▀▀▀▀▀▀▀▀▀▀▀▀▀

!!!!!!!!!!!!! Please read my profile before ordering !!!!!!!!!!!!!!!

I am proud to offer you - 1 x 115 µg LSD Blotters

Each of these blotters have been profesionally dosed. They contain 115 micro grams of LSD.

* Good Clean Trip
* Nice visuals
* Suitable for beginners to seasoned veterans

All products come sealed in MBB.

Daily shipping cut of time is 2:30 pm. Order before 2:30pm IT WILL BE SHIPPED.


****** Make sure your address is in the correct format ******

Mr Super Hans
123 FAKE ST
SYDNEY NSW 2000

--> If you have any questions please feel free to contact me anytime I will reply to messages within 24hrs.",Australia,Australia,3-Leg-Racer,0.04694148 ฿(A$)Original  15.00 A$,abraxas
1 x 125 µg Hoffman LSD Blotters,"▄▄▄▄▄▄▄▄▄▄▄▄▄▄▄▄▄▄▄▄▄▄▄▄▄▄▄▄▄▄▄▄▄▄▄▄▄▄▄▄▄▄▄▄▄
▀▀▀▀▀▀▀▀▀▀▀▀▀▀▀▀▀▀▀▀▀▀▀▀▀▀▀▀▀▀▀▀▀▀▀▀▀▀▀▀▀▀▀▀▀

███████████████ 3-LEG-RACER ██████████████

▄▄▄▄▄▄▄▄▄▄▄▄▄▄▄▄▄▄▄▄▄▄▄▄▄▄▄▄▄▄▄▄▄▄▄▄▄▄▄▄▄▄▄▄▄
▀▀▀▀▀▀▀▀▀▀▀▀▀▀▀▀▀▀▀▀▀▀▀▀▀▀▀▀▀▀▀▀▀▀▀▀▀▀▀▀▀▀▀▀▀

!!!!!!!!!!!!! Please read my profile before ordering !!!!!!!!!!!!!!!

I am proud to offer you - 1 x 125 µg Hoffman LSD Blotters

Each of these blotters have been profesionally dosed. They contain 125 micro grams of LSD.

Albert Hoffman and his incredible formula. This is basically medical grade clean LSD.

THIS IS MY RECOMMENED LISTING FOR THE LSD CONNOISSEUR.

* Energetic, light visual awesome Quality (so called needlepoint LSD).
* Highest Grade of Purity I have ever seen.
* No taste, pure and smooth effects, Just LSD.
* Shiny with light clear effects on the mind.

All products come sealed in MBB along with excellent stealth.

Daily shipping cut of time is 2:30 pm. Order before 2:30pm IT WILL BE SHIPPED.


****** Make sure your address is in the correct format ******

Mr Super Hans
123 FAKE ST
SYDNEY NSW 2000

--> If you have any questions please feel free to contact me anytime",Australia,Australia,3-Leg-Racer,0.06258864 ฿(A$)Original  20.00 A$,abraxas
1 x 150 µg LSD Blotters,"▄▄▄▄▄▄▄▄▄▄▄▄▄▄▄▄▄▄▄▄▄▄▄▄▄▄▄▄▄▄▄▄▄▄▄▄▄▄▄▄▄▄▄▄▄
▀▀▀▀▀▀▀▀▀▀▀▀▀▀▀▀▀▀▀▀▀▀▀▀▀▀▀▀▀▀▀▀▀▀▀▀▀▀▀▀▀▀▀▀▀

███████████████ 3-LEG-RACER ██████████████

▄▄▄▄▄▄▄▄▄▄▄▄▄▄▄▄▄▄▄▄▄▄▄▄▄▄▄▄▄▄▄▄▄▄▄▄▄▄▄▄▄▄▄▄▄
▀▀▀▀▀▀▀▀▀▀▀▀▀▀▀▀▀▀▀▀▀▀▀▀▀▀▀▀▀▀▀▀▀▀▀▀▀▀▀▀▀▀▀▀▀


!!!!!!!!!!!!! Please read my profile before ordering !!!!!!!!!!!!!!!

I am proud to offer you - 1 x 150 µg LSD Blotters

Each of these blotters have been profesionally dosed. They contain 150 micro grams of LSD.

* Good Clean Trip
* Nice visuals
* Suitable for beginners to seasoned veterans

All products come sealed in MBB.

Daily shipping cut of time is 2:30 pm. Order before 2:30pm IT WILL BE SHIPPED.


****** Make sure your address is in the correct format ******

Mr Super Hans
123 FAKE ST
SYDNEY NSW 2000

--> If you have any questions please feel free to contact me anytime I will reply to messages within 24hrs.",Australia,Australia,3-Leg-Racer,0.05632978 ฿(A$)Original  18.00 A$,abraxas
1 x Green Heisenberg's 200mg,"▄▄▄▄▄▄▄▄▄▄▄▄▄▄▄▄▄▄▄▄▄▄▄▄▄▄▄▄▄▄▄▄▄▄▄▄▄▄▄▄▄▄▄▄▄▄▄▄▄▄▄▄▄▄▄▄▄▄▄▄▄▄▄▄▄▄▄▄▄▄▄▄▄▄▄▄▄▄▄
 ▀▀▀▀▀▀▀▀▀▀▀▀▀▀▀▀▀▀▀▀▀▀▀▀▀▀▀▀▀▀▀▀▀▀▀▀▀▀▀▀▀▀▀▀▀▀▀▀▀▀▀▀▀▀▀▀▀▀▀▀▀▀▀▀▀▀▀▀▀▀▀▀▀▀▀▀▀

████████████████████████████████ 3-LEG-RACER ████████████████████████████████

 ▄▄▄▄▄▄▄▄▄▄▄▄▄▄▄▄▄▄▄▄▄▄▄▄▄▄▄▄▄▄▄▄▄▄▄▄▄▄▄▄▄▄▄▄▄▄▄▄▄▄▄▄▄▄▄▄▄▄▄▄▄▄▄▄▄▄▄▄▄▄▄▄▄▄▄▄▄
▀▀▀▀▀▀▀▀▀▀▀▀▀▀▀▀▀▀▀▀▀▀▀▀▀▀▀▀▀▀▀▀▀▀▀▀▀▀▀▀▀▀▀▀▀▀▀▀▀▀▀▀▀▀▀▀▀▀▀▀▀▀▀▀▀▀▀▀▀▀▀▀▀▀▀▀▀▀▀

!!!!!!!!!!!!! Please read my profile before ordering !!!!!!!!!!!!!!!


1 x Green Heisenberg's 200mg 


✪ Imported.
✪ Professional 'Heisenberg' press.

Any fan of Breaking Bad will love these pills. 

You will not be dissapointed with this listing. 

✪✪✪✪ PLEASE NOTE ✪✪✪✪

✪ Every effort is taken to ensure pills arrive intact. However breakages do happen.
✪ I will NOT reship because of broken pills.

All products come sealed in MBB along with excellent stealth.

Daily shipping cut of time is 2:30 pm. Order before 2:30pm IT WILL BE SHIPPED.


****** Make sure your address is in the correct format ******

Mr Super Hans
123 FAKE ST
SYDNEY NSW 2000

--> If you have any questions please feel free to contact me anytime",Australia,Australia,3-Leg-Racer,0.13788588 ฿(A$)Original  42.50 A$,abraxas
3 x Green Heisenberg's 200mg,"▄▄▄▄▄▄▄▄▄▄▄▄▄▄▄▄▄▄▄▄▄▄▄▄▄▄▄▄▄▄▄▄▄▄▄▄▄▄▄▄▄▄▄▄▄▄▄▄▄▄▄▄▄▄▄▄▄▄▄▄▄▄▄▄▄▄▄▄▄▄▄▄▄▄▄▄▄▄▄
 ▀▀▀▀▀▀▀▀▀▀▀▀▀▀▀▀▀▀▀▀▀▀▀▀▀▀▀▀▀▀▀▀▀▀▀▀▀▀▀▀▀▀▀▀▀▀▀▀▀▀▀▀▀▀▀▀▀▀▀▀▀▀▀▀▀▀▀▀▀▀▀▀▀▀▀▀▀

████████████████████████████████ 3-LEG-RACER ████████████████████████████████

 ▄▄▄▄▄▄▄▄▄▄▄▄▄▄▄▄▄▄▄▄▄▄▄▄▄▄▄▄▄▄▄▄▄▄▄▄▄▄▄▄▄▄▄▄▄▄▄▄▄▄▄▄▄▄▄▄▄▄▄▄▄▄▄▄▄▄▄▄▄▄▄▄▄▄▄▄▄
▀▀▀▀▀▀▀▀▀▀▀▀▀▀▀▀▀▀▀▀▀▀▀▀▀▀▀▀▀▀▀▀▀▀▀▀▀▀▀▀▀▀▀▀▀▀▀▀▀▀▀▀▀▀▀▀▀▀▀▀▀▀▀▀▀▀▀▀▀▀▀▀▀▀▀▀▀▀▀

!!!!!!!!!!!!! Please read my profile before ordering !!!!!!!!!!!!!!!


3 x Green Heisenberg's 200mg 


✪ Imported.
✪ Professional 'Heisenberg' press.

Any fan of Breaking Bad will love these pills. 

You will not be dissapointed with this listing. 

✪✪✪✪ PLEASE NOTE ✪✪✪✪

✪ Every effort is taken to ensure pills arrive intact. However breakages do happen.
✪ I will NOT reship because of broken pills.

All products come sealed in MBB along with excellent stealth.

Daily shipping cut of time is 2:30 pm. Order before 2:30pm IT WILL BE SHIPPED.


****** Make sure your address is in the correct format ******

Mr Super Hans
123 FAKE ST
SYDNEY NSW 2000

--> If you have any questions please feel free to contact me anytime",Australia,Australia,3-Leg-Racer,0.38989661 ฿(A$)Original  120.00 A$,abraxas
5 x 115 µg LSD Blotters,"▄▄▄▄▄▄▄▄▄▄▄▄▄▄▄▄▄▄▄▄▄▄▄▄▄▄▄▄▄▄▄▄▄▄▄▄▄▄▄▄▄▄▄▄▄
▀▀▀▀▀▀▀▀▀▀▀▀▀▀▀▀▀▀▀▀▀▀▀▀▀▀▀▀▀▀▀▀▀▀▀▀▀▀▀▀▀▀▀▀▀

███████████████ 3-LEG-RACER ██████████████

▄▄▄▄▄▄▄▄▄▄▄▄▄▄▄▄▄▄▄▄▄▄▄▄▄▄▄▄▄▄▄▄▄▄▄▄▄▄▄▄▄▄▄▄▄
▀▀▀▀▀▀▀▀▀▀▀▀▀▀▀▀▀▀▀▀▀▀▀▀▀▀▀▀▀▀▀▀▀▀▀▀▀▀▀▀▀▀▀▀▀

!!!!!!!!!!!!! Please read my profile before ordering !!!!!!!!!!!!!!!

I am proud to offer you - 5 x 115 µg LSD Blotters

Each of these blotters have been profesionally dosed. They contain 115 micro grams of LSD.

* Good Clean Trip
* Nice visuals
* Suitable for beginners to seasoned veterans

All products come sealed in MBB.

Daily shipping cut of time is 2:30 pm. Order before 2:30pm IT WILL BE SHIPPED.


****** Make sure your address is in the correct format ******

Mr Super Hans
123 FAKE ST
SYDNEY NSW 2000

--> If you have any questions please feel free to contact me anytime I will reply to messages within 24hrs.",Australia,Australia,3-Leg-Racer,0.21906024 ฿(A$)Original  70.00 A$,abraxas
5 x 125 µg Hoffman LSD Blotters,"▄▄▄▄▄▄▄▄▄▄▄▄▄▄▄▄▄▄▄▄▄▄▄▄▄▄▄▄▄▄▄▄▄▄▄▄▄▄▄▄▄▄▄▄▄
▀▀▀▀▀▀▀▀▀▀▀▀▀▀▀▀▀▀▀▀▀▀▀▀▀▀▀▀▀▀▀▀▀▀▀▀▀▀▀▀▀▀▀▀▀

███████████████ 3-LEG-RACER ██████████████

▄▄▄▄▄▄▄▄▄▄▄▄▄▄▄▄▄▄▄▄▄▄▄▄▄▄▄▄▄▄▄▄▄▄▄▄▄▄▄▄▄▄▄▄▄
▀▀▀▀▀▀▀▀▀▀▀▀▀▀▀▀▀▀▀▀▀▀▀▀▀▀▀▀▀▀▀▀▀▀▀▀▀▀▀▀▀▀▀▀▀

!!!!!!!!!!!!! Please read my profile before ordering !!!!!!!!!!!!!!!

I am proud to offer you - 5 x 125 µg Hoffman LSD Blotters

Each of these blotters have been profesionally dosed. They contain 125 micro grams of LSD.

Albert Hoffman and his incredible formula. This is basically medical grade clean LSD.

THIS IS MY RECOMMENED LISTING FOR THE LSD CONNOISSEUR.

* Energetic, light visual awesome Quality (so called needlepoint LSD).
* Highest Grade of Purity I have ever seen.
* No taste, pure and smooth effects, Just LSD.
* Shiny with light clear effects on the mind.

All products come sealed in MBB along with excellent stealth.

Daily shipping cut of time is 2:30 pm. Order before 2:30pm IT WILL BE SHIPPED.


****** Make sure your address is in the correct format ******

Mr Super Hans
123 FAKE ST
SYDNEY NSW 2000

--> If you have any questions please feel free to contact me anytime",Australia,Australia,3-Leg-Racer,0.29729605 ฿(A$)Original  95.00 A$,abraxas
5 x Green Heisenberg's 200mg,"▄▄▄▄▄▄▄▄▄▄▄▄▄▄▄▄▄▄▄▄▄▄▄▄▄▄▄▄▄▄▄▄▄▄▄▄▄▄▄▄▄▄▄▄▄▄▄▄▄▄▄▄▄▄▄▄▄▄▄▄▄▄▄▄▄▄▄▄▄▄▄▄▄▄▄▄▄▄▄
 ▀▀▀▀▀▀▀▀▀▀▀▀▀▀▀▀▀▀▀▀▀▀▀▀▀▀▀▀▀▀▀▀▀▀▀▀▀▀▀▀▀▀▀▀▀▀▀▀▀▀▀▀▀▀▀▀▀▀▀▀▀▀▀▀▀▀▀▀▀▀▀▀▀▀▀▀▀

████████████████████████████████ 3-LEG-RACER ████████████████████████████████

 ▄▄▄▄▄▄▄▄▄▄▄▄▄▄▄▄▄▄▄▄▄▄▄▄▄▄▄▄▄▄▄▄▄▄▄▄▄▄▄▄▄▄▄▄▄▄▄▄▄▄▄▄▄▄▄▄▄▄▄▄▄▄▄▄▄▄▄▄▄▄▄▄▄▄▄▄▄
▀▀▀▀▀▀▀▀▀▀▀▀▀▀▀▀▀▀▀▀▀▀▀▀▀▀▀▀▀▀▀▀▀▀▀▀▀▀▀▀▀▀▀▀▀▀▀▀▀▀▀▀▀▀▀▀▀▀▀▀▀▀▀▀▀▀▀▀▀▀▀▀▀▀▀▀▀▀▀

!!!!!!!!!!!!! Please read my profile before ordering !!!!!!!!!!!!!!!


5 x Green Heisenberg's 200mg 


✪ Imported.
✪ Professional 'Heisenberg' press.

Any fan of Breaking Bad will love these pills. 

You will not be dissapointed with this listing. 

✪✪✪✪ PLEASE NOTE ✪✪✪✪

✪ Every effort is taken to ensure pills arrive intact. However breakages do happen.
✪ I will NOT reship because of broken pills.

All products come sealed in MBB along with excellent stealth.

Daily shipping cut of time is 2:30 pm. Order before 2:30pm IT WILL BE SHIPPED.


****** Make sure your address is in the correct format ******

Mr Super Hans
123 FAKE ST
SYDNEY NSW 2000

--> If you have any questions please feel free to contact me anytime",Australia,Australia,3-Leg-Racer,0.61733630 ฿(A$)Original  190.00 A$,abraxas
10 x Pink Lions XTC Pills 200mg-+220mg,"!!!!!! 10 Pink Lions XTC Pills !!!!!

Straight from our trusted seller in The Netherlands.

Pills have been tested between 200mg-220mg.

STRONG and CLEAN Pills!!

ONLY FOR EXPERIENCED USERS!!!!
If you are a beginner, start with half or 1/4!!!!

SUPERB 3D Hard Pressed Pills !!

I only have a limited stock left so be quick.

No FE required if you have more than 10 in your history or are a returning customer.
Under 10 (or see profile for country list), please FE.

We ship NEXT DAY with EXPRESS stealth delivery",Belgium,WorldWide (FE list see profile),AfterShop,0.22173922 ฿(€)Original  50.00 €,abraxas
10 x Pink Route66 XTC Pills 240mg-260mg,"!!!!!! 10 Pink Route66 XTC Pills !!!!!

Straight from our trusted seller in The Netherlands.

Pills have been tested between 240mg-260mg.

THESE PILLS ARE FROM ANOTHER WORLD!!
Never had so STRONG and CLEAN Pills!!

ONLY FOR EXPERIENCED USERS!!!!
If you are a beginner, start with half or 1/4!!!!

SUPERB 3D Hard Pressed Pills !!

I only have a limited stock left so be quick.

No FE required if you have more than 10 in your history.
Under 10, please FE.
See our profile for more information.

We ship NEXT DAY with EXPRESS stealth delivery.",Belgium,WorldWide (FE list see profile),AfterShop,0.27794776 ฿(€)Original  62.00 €,abraxas
100 x Pink Lions XTC Pills 200mg-+220mg,"!!!!!! 10 Pink Lions XTC Pills !!!!!

No FE required if you are a returning customer.

Straight from our trusted seller in The Netherlands.

Pills have been tested between 200mg-220mg.

STRONG and CLEAN Pills!!

ONLY FOR EXPERIENCED USERS!!!!
If you are a beginner, start with half or 1/4!!!!

SUPERB 3D Hard Pressed Pills !!

I only have a limited stock left so be quick.
See our profile for more information.

We ship NEXT DAY with EXPRESS stealth delivery",Belgium,WorldWide,AfterShop,1.54773979 ฿(€)Original  349.00 €,abraxas
100 x Pink Route66 XTC Pills 240mg-260mg,"!!!!!! 100 Pink Route66 XTC Pills !!!!!

Straight from our trusted seller in The Netherlands.

Pills have been tested between 240mg-260mg.

THESE PILLS ARE FROM ANOTHER WORLD!!
Never had so STRONG and CLEAN Pills!!

ONLY FOR EXPERIENCED USERS!!!!
If you are a beginner, start with half or 1/4!!!!

SUPERB 3D Hard Pressed Pills !!

I only have a limited stock left so be quick.

No FE required if you are a returning customer.
See our profile for more information.

We ship NEXT DAY with EXPRESS stealth delivery.",Belgium,WorldWide (FE list see profile),AfterShop,1.68113564 ฿(€)Original  375.00 €,abraxas
100g dutch SPEED paste 70% straight uncut,"100g of uncut dutch Speed paste
great quality
no FE required (if you are a returning customer, so if you didn't buy from us before, please first buy 10gr or FE the first time)

We're just starting up so this is why we keep a low price so we can show our great quality to new customers.
Shipping from Belgium and the Netherlands.

La communication peut se faire en Francais.

Speed should be cheap for everybody.
We have years of experience in private, club and street dealing and are now moving on to the darknet markets.",Belgium,WorldWide (FE list see profile),AfterShop,1.53887022 ฿(€)Original  347.00 €,abraxas
10g dutch SPEED paste 70% straight uncut,"10g of uncut dutch Speed paste
great quality
no FE required (only if you have less than 5 history or see profile for specific country exceptions)
send in stealth envelop and express delivery

We're just starting up so this is why we keep a low price so we can show our great quality to new customers.
Shipping from Belgium, France and the Netherlands.

La communication peut se faire en Francais.

Speed should be cheap for everybody.
We have years of experience in private, club and street dealing and are now moving on to the darknet markets.

Try us, you won't regret it.",France,WorldWide (FE list see profile),AfterShop,0.21730444 ฿(€)Original  49.00 €,abraxas
10g dutch SPEED paste 70% straight uncut,"10g of uncut dutch Speed paste
great quality
no FE required (only if you have less than 5 history or see profile for specific country exceptions)
send in stealth envelop and express delivery

We're just starting up so this is why we keep a low price so we can show our great quality to new customers.
Shipping from Belgium.

La communication peut se faire en Francais.

Speed should be cheap for everybody.
We have years of experience in private, club and street dealing and are now moving on to the darknet markets.

Try us, you won't regret it.",Belgium,WorldWide (FE list see profile),AfterShop,0.21673590 ฿(€)Original  49.00 €,abraxas
1gr SAMPLE dutch SPEED paste 70% uncut,"1g of uncut dutch Speed paste
great quality
no FE required (if you have more than 5 history or see profile for country policies)
send in stealth envelop and express delivery

Can ONLY BE BOUGHT ONCE / ACCOUNT or address!!

We're just starting up so this is why we keep a low price so we can show our great quality to new customers.
Shipping from Belgium.

La communication peut se faire en Francais.

Speed should be cheap for everybody.
We have years of experience in private, club and street dealing and are now moving on to the darknet markets.

Please check our others sales, the feedback we got and our profile.

Try us, you won't regret it.",Belgium,WorldWide (FE list see profile),AfterShop,0.03104349 ฿(€)Original  7.00 €,abraxas
25 x Yellow PlusMinus (aka Magnets) XTC Pills 200mg,"!!!!! Yellow PlusMinus (aka Magnets) XTC Pills 200mg !!!!!

Straight from our trusted seller in The Netherlands.
Pills have been tested between 200mg.
Same producer as the well known Nintendo Pills.
Remember the purple batch from a while ago?

THESE PILLS ARE FROM ANOTHER WORLD!!
Never had so STRONG and CLEAN Pills!!

ONLY FOR EXPERIENCED USERS!!!!
If you are a beginner, start with half or 1/4!!!!

SUPERB 3D Hard Pressed Pills !!

I only have a limited stock left so be quick.

No FE required if you are a returning customer for these amounts. first timers (or people from FE countries) please FE.
See our profile for more information.

We ship NEXT DAY with EXPRESS stealth delivery.",Belgium,WorldWide (FE list see profile),AfterShop,0.54808745 ฿(€)Original  110.00 €,abraxas
25g dutch SPEED paste 70% straight uncut,"25g of uncut dutch Speed paste
great quality
no FE required (if you are a returning customer, so if you didn't buy from us before, please first buy 10gr or FE the first time)

send in stealth envelop and express delivery

We're just starting up so this is why we keep a low price so we can show our great quality to new customers.
Shipping from Belgium and the Netherlands.

La communication peut se faire en Francais.

Speed should be cheap for everybody.
We have years of experience in private, club and street dealing and are now moving on to the darknet markets.",Belgium,WorldWide (FE list see profile),AfterShop,0.50113065 ฿(€)Original  113.00 €,abraxas
50 x Yellow PlusMinus (aka Magnets) XTC Pills 200mg,"!!!!! 50 x Yellow PlusMinus (aka Magnets) XTC Pills 200mg !!!!!

Straight from our trusted seller in The Netherlands.
Pills have been tested between 200mg.
Same producer as the well known Nintendo Pills.
Remember the purple batch from a while ago?

THESE PILLS ARE FROM ANOTHER WORLD!!
Never had so STRONG and CLEAN Pills!!

ONLY FOR EXPERIENCED USERS!!!!
If you are a beginner, start with half or 1/4!!!!

SUPERB 3D Hard Pressed Pills !!

I only have a limited stock left so be quick.

No FE required if you are a returning customer for bulk volumes (except for FE countries of course).
See our profile for more information.

We ship NEXT DAY with EXPRESS stealth delivery.",Belgium,WorldWide (FE list see profile),AfterShop,0.91724059 ฿(€)Original  200.00 €,abraxas
50g dutch SPEED paste 70% straight uncut,"50g of uncut dutch Speed paste
great quality
no FE required (if you are a returning customer, so if you didn't buy from us before, please first buy 10gr or FE the first time)

send in stealth envelop and express delivery

We're just starting up so this is why we keep a low price so we can show our great quality to new customers.
Shipping from Belgium.

La communication peut se faire en Francais.

Speed should be cheap for everybody.
We have years of experience in private, club and street dealing and are now moving on to the darknet markets.",Belgium,WorldWide (FE list see profile),AfterShop,0.82043513 ฿(€)Original  185.00 €,abraxas
1 Free Gram for every 5 you order. 28g OG KUSH HONEYCOMB,"New Vendor Free Shipping Promo available for a limited time.
1 Free Gram for every 5 you order.

Made from Top Tier Indoor Organic Sugar Shake and Trim. Vaccum purged for over 48 hours and Air Purged for no less than 1 week before being considered for shipment. This product is great for dabbing and miking edibles. The smoke is very smooth. The high starts off extremely cerebral and finishes with a relaxing couchy feel. Try us out and see fro yourself why we are the best.",Unknown,USA ONLY,AmonBlack,3.32543491 ฿($)Original  805.00 $,abraxas
1 Free Gram for every 5 you order. 28g ORIGINAL OG KUSH BUDDER,"New Vendor Free Shipping Promo available for a limited time.
1 Free Gram for every 5 you order.

Made from Top Tier Indoor Organic Sugar Shake and Trim. Vaccum purged for over 48 hours and Air Purged for no less than 1 week before being considered for shipment. This product is great for dabbing and miking edibles. The smoke is very smooth. The high starts off extremely cerebral and finishes with a relaxing couchy feel. Try us out and see fro yourself why we are the best.",Unknown,USA ONLY,AmonBlack,2.97396787 ฿($)Original  720.00 $,abraxas
1 Free Gram for every 5 you order. 7g ORIGINAL OG KUSH BUDDER,"New Vendor Free Shipping Promo available for a limited time.
1 Free Gram for every 5 you order.

Made from Top Tier Indoor Organic Sugar Shake and Trim. Vaccum purged for over 48 hours and Air Purged for no less than 1 week before being considered for shipment. This product is great for dabbing and miking edibles. The smoke is very smooth. The high starts off extremely cerebral and finishes with a relaxing couchy feel. Try us out and see fro yourself why we are the best.",Unknown,USA ONLY,AmonBlack,0.86740729 ฿($)Original  210.00 $,abraxas
1 Free Gram for every 5 you order.14g OG KUSH HONEYCOMB,"New Vendor Free Shipping Promo available for a limited time.
1 Free Gram for every 5 you order.

Made from Top Tier Indoor Organic Sugar Shake and Trim. Vaccum purged for over 48 hours and Air Purged for no less than 1 week before being considered for shipment. This product is great for dabbing and miking edibles. The smoke is very smooth. The high starts off extremely cerebral and finishes with a relaxing couchy feel. Try us out and see fro yourself why we are the best.",Unknown,USA ONLY,AmonBlack,1.75566439 ฿($)Original  425.00 $,abraxas
1 Free Gram for every 5 you order.14g ORIGINAL OG KUSH BUDDER,"New Vendor Free Shipping Promo available for a limited time.
1 Free Gram for every 5 you order.

Made from Top Tier Indoor Organic Sugar Shake and Trim. Vaccum purged for over 48 hours and Air Purged for no less than 1 week before being considered for shipment. This product is great for dabbing and miking edibles. The smoke is very smooth. The high starts off extremely cerebral and finishes with a relaxing couchy feel. Try us out and see fro yourself why we are the best.",Unknown,USA ONLY,AmonBlack,1.54911564 ฿($)Original  375.00 $,abraxas
1 Free Gram for every 5 you order.7g OG KUSH HONEYCOMB,"New Vendor Free Shipping Promo available for a limited time.
1 Free Gram for every 5 you order.

Made from Top Tier Indoor Organic Sugar Shake and Trim. Vaccum purged for over 48 hours and Air Purged for no less than 1 week before being considered for shipment. This product is great for dabbing and miking edibles. The smoke is very smooth. The high starts off extremely cerebral and finishes with a relaxing couchy feel. Try us out and see fro yourself why we are the best.",Unknown,USA ONLY,AmonBlack,1.01197518 ฿($)Original  245.00 $,abraxas
3.5g OG KUSH HONEYCOMB,"New Vendor Free Shipping Promo available for a limited time.

Made from Top Tier Indoor Organic Sugar Shake and Trim. Vaccum purged for over 48 hours and Air Purged for no less than 1 week before being considered for shipment. This product is great for dabbing and miking edibles. The smoke is very smooth. The high starts off extremely cerebral and finishes with a relaxing couchy feel. Try us out and see fro yourself why we are the best.",Unknown,USA ONLY,AmonBlack,0.60925036 ฿($)Original  147.50 $,abraxas
1 x 50 mg MDA cap,"MDA, lovely smell - very pure 50 mg caps - to top up your roll.",Australia,Australia,AngelTech,0.04341235 ฿($)Original  10.00 $,abraxas
1 x Suboxone 8 mg / 2 mg 8mg/2mg strip,"Notice I have plenty of these to go around so feel free to order as many as you like, it will go out the next day.

%^&*SHIPPING INFO PLEASE READ ME*&^%

Unless we have discussed otherwise your product will be shipped by priority mail, this includes a tracking number. If you either have a PGP key posted or send me one to use I will gladly send you the tracking info unlike most vendors i have dealt with.

I normally do not offer express shipping for a variety of reasons but the largest is that I actually have to go across town to the post office and there is a paper trail and video that go along with it. If we have done at least a couple transactions in the past and everything went smoothly we can talk about it but not as a first transaction.

I also ship to Canada but only via untracked first-class mail which can take up to 14 days to be delivered however it is quite safe to send it this way since it looks just like a normal letter.

Other countries will have to be discussed with me so that I can charge the correct amount of shipping.

Buprenorphine is a semisynthetic opioid derivative of thebaine. It is a mixed agonist–antagonist opioid receptor modulator that is used to treat opioid addiction in higher dosages, to control moderate acute pain in non-opioid-tolerant individuals in lower dosages and to control moderate chronic pain in even smaller doses.[3] It is available in a variety of formulations: Subutex, Suboxone, Zubsolv, Bunavail (available as buprenorphine HCl alone or buprenorphine and naloxone HCl; typically used for opioid addiction), Temgesic (sublingual tablets for moderate to severe pain), Buprenex (solutions for injection often used for acute pain in primary-care settings), Norspan and Butrans (transdermal preparations used for chronic pain).",United States,anywhere,Asphyxiated,0.08726110 ฿($)Original  19.95 $,abraxas
10 x Suboxone 8 mg / 2 mg 8mg/2mg strips,"Notice I have plenty of these to go around so feel free to order as many as you like, it will go out the next day.

%^&*SHIPPING INFO PLEASE READ ME*&^%

Unless we have discussed otherwise your product will be shipped by priority mail, this includes a tracking number. If you either have a PGP key posted or send me one to use I will gladly send you the tracking info unlike most vendors i have dealt with.

I normally do not offer express shipping for a variety of reasons but the largest is that I actually have to go across town to the post office and there is a paper trail and video that go along with it. If we have done at least a couple transactions in the past and everything went smoothly we can talk about it but not as a first transaction.

I also ship to Canada but only via untracked first-class mail which can take up to 14 days to be delivered however it is quite safe to send it this way since it looks just like a normal letter.

Other countries will have to be discussed with me so that I can charge the correct amount of shipping.

Buprenorphine is a semisynthetic opioid derivative of thebaine. It is a mixed agonist–antagonist opioid receptor modulator that is used to treat opioid addiction in higher dosages, to control moderate acute pain in non-opioid-tolerant individuals in lower dosages and to control moderate chronic pain in even smaller doses.[3] It is available in a variety of formulations: Subutex, Suboxone, Zubsolv, Bunavail (available as buprenorphine HCl alone or buprenorphine and naloxone HCl; typically used for opioid addiction), Temgesic (sublingual tablets for moderate to severe pain), Buprenex (solutions for injection often used for acute pain in primary-care settings), Norspan and Butrans (transdermal preparations used for chronic pain).",United States,anywhere,Asphyxiated,0.91853793 ฿($)Original  210.00 $,abraxas
20 x 8mg / 2mg Suboxone Strips,"Notice I have plenty of these to go around so feel free to order as many as you like, it will go out the next day.

%^&*SHIPPING INFO PLEASE READ ME*&^%

Unless we have discussed otherwise your product will be shipped by priority mail, this includes a tracking number. If you either have a PGP key posted or send me one to use I will gladly send you the tracking info unlike most vendors i have dealt with.

I normally do not offer express shipping for a variety of reasons but the largest is that I actually have to go across town to the post office and there is a paper trail and video that go along with it. If we have done at least a couple transactions in the past and everything went smoothly we can talk about it but not as a first transaction.

I also ship to Canada but only via untracked first-class mail which can take up to 14 days to be delivered however it is quite safe to send it this way since it looks just like a normal letter.

Other countries will have to be discussed with me so that I can charge the correct amount of shipping.

Buprenorphine is a semisynthetic opioid derivative of thebaine. It is a mixed agonist–antagonist opioid receptor modulator that is used to treat opioid addiction in higher dosages, to control moderate acute pain in non-opioid-tolerant individuals in lower dosages and to control moderate chronic pain in even smaller doses.[3] It is available in a variety of formulations: Subutex, Suboxone, Zubsolv, Bunavail (available as buprenorphine HCl alone or buprenorphine and naloxone HCl; typically used for opioid addiction), Temgesic (sublingual tablets for moderate to severe pain), Buprenex (solutions for injection often used for acute pain in primary-care settings), Norspan and Butrans (transdermal preparations used for chronic pain).",United States,anywhere,Asphyxiated,1.68399873 ฿($)Original  385.00 $,abraxas
30 x Suboxone 8 mg / 2 mg 8mg/2mg buprenorphine / naloxone,"custom listing for you know who you are, if you aren't him/her then don't order this",United States,United States,Asphyxiated,1.44125835 ฿($)Original  375.00 $,abraxas
5 x Suboxone 8 mg / 2 mg 8mg/2mg strips,"Notice I have plenty of these to go around so feel free to order as many as you like, it will go out the next day.

%^&*SHIPPING INFO PLEASE READ ME*&^%

Unless we have discussed otherwise your product will be shipped by priority mail, this includes a tracking number. If you either have a PGP key posted or send me one to use I will gladly send you the tracking info unlike most vendors i have dealt with.

I normally do not offer express shipping for a variety of reasons but the largest is that I actually have to go across town to the post office and there is a paper trail and video that go along with it. If we have done at least a couple transactions in the past and everything went smoothly we can talk about it but not as a first transaction.

I also ship to Canada but only via untracked first-class mail which can take up to 14 days to be delivered however it is quite safe to send it this way since it looks just like a normal letter.

Other countries will have to be discussed with me so that I can charge the correct amount of shipping.

Buprenorphine is a semisynthetic opioid derivative of thebaine. It is a mixed agonist–antagonist opioid receptor modulator that is used to treat opioid addiction in higher dosages, to control moderate acute pain in non-opioid-tolerant individuals in lower dosages and to control moderate chronic pain in even smaller doses.[3] It is available in a variety of formulations: Subutex, Suboxone, Zubsolv, Bunavail (available as buprenorphine HCl alone or buprenorphine and naloxone HCl; typically used for opioid addiction), Temgesic (sublingual tablets for moderate to severe pain), Buprenex (solutions for injection often used for acute pain in primary-care settings), Norspan and Butrans (transdermal preparations used for chronic pain).",United States,anywhere,Asphyxiated,0.44615031 ฿($)Original  102.00 $,abraxas
Angelina's THC Daze Suckers ( x1),"1 x Angelina's THC Daze Lollipops!!

From ""Angelina's Daze Range"" of THC Products!!
Edible THC Lolliops - Imported Direct from the Producer in the USA!!

That's right!! AuStore is the Official Australian Importer & Distributor for 
~~Angelina's THC Daze Range of Products!!~~

Three Flavours are available:
-------------------------------------
B) Butterscotch - 68mg THC
L) Lemon-Aide - 94mg THC
S) Stras-Berry - 94mg THC

Please list which combination of flavours You want on the Order Form when Ordering!!!",Australia,Worldwide EXCEPT USA & Canada!!,AuStore,0.03812347 ฿(A$)Original  12.99 A$,abraxas
Angelina's THC Daze Suckers ( x11),"11x Angelina's THC Daze Lollipops!!!
(The Stoners 10pk Party Pack - Contains x11)

From ""Angelina's Daze Range"" of THC Products!!
Edible THC Lolliops - Imported Direct from the Producer in the USA!!

That's right!! AuStore is the Official Australian Importer & Distributor for 
~~Angelina's THC Daze Range of Products!!~~

Three Flavours are available:
-------------------------------------
B) Butterscotch - 68mg THC
L) Lemon-Aide - 94mg THC
S) Stras-Berry - 94mg THC

Please list which combination of flavours You want on the Order Form when Ordering!!!",Australia,Worldwide EXCEPT USA & Canada!!,AuStore,0.35215050 ฿(A$)Original  119.99 A$,abraxas
Angelina's THC Daze Suckers ( x5),"5x Angelina's THC Daze Lollipops!!!

From ""Angelina's Daze Range"" of THC Products!!
Edible THC Lolliops - Imported Direct from the Producer in the USA!!

That's right!! AuStore is the Official Australian Importer & Distributor for 
~~Angelina's THC Daze Range of Products!!~~

Three Flavours are available:
-------------------------------------
B) Butterscotch - 68mg THC
L) Lemon-Aide - 94mg THC
S) Stras-Berry - 94mg THC

Please list which combination of flavours You want on the Order Form when Ordering!!!",Australia,Worldwide EXCEPT USA & Canada!!,AuStore,0.17606057 ฿(A$)Original  59.99 A$,abraxas
Cannabis 1.00g (hydro pot),"A single gram of hydroponically grown cannabis straight from the vacuum packed pound to YOU!!!

Proudly Australian... AuStore!!",Australia,Australia Only,AuStore,0.07335682 ฿(A$)Original  24.99 A$,abraxas
Cannabis 1.0g (hydro pot),"Each of the Hydro Grown Cannabis types we Buy, Stock & Sell at AuStore is equal to the finest types available here on the Eastern Coast of Australia. 
From the Northern Tip to the Southern Beaches this hydro can be found vacuum packed and distributed all the way from top to down under this fin continent. 

Try Australias top standard Hydro Smoke from AuStore. 
Always changing strains and getting the best cannabis available at the time of Purchase. 

Order some today, smoke it tomorrow and realise why AuStore has made +150 Flawless 5/5 Sales on Agora in just 1 single Month!!! Its First!! Go AuStore!! 


Proudly Australian... AuStore!!",Australia,Worldwide,AuStore,0.06357665 ฿(A$)Original  25.00 A$,abraxas
Cannabis 14.0g (half oz hydro),"Half Ounce of Top Notch Hydro Cannabis 

This is one of the many typical vacuum packed types of hydro found up and down the entire East Coast of Australia from Melbourne all the way to Weipa and Port Hedland. 
In fact yep, its all over this Great Continent!! Yay! 

Order some today and be smoking it Tomorrow in UR own home without ever leaving or having to go score. 
What a relief. 

What a Store. 
What a Score.. .AuStores!! 


Proudly Australian.. AuStore!",Australia,Worldwide,AuStore,0.49899666 ฿(A$)Original  169.99 A$,abraxas
Cannabis 14g (half oz hydro),"Half Ounce of Top Notch Hydro Cannabis 

This is one of the many typical vacuum packed types of hydro found up and down the entire East Coast of Australia from Melbourne all the way to Weipa and Port Hedland. 
In fact yep, its all over this Great Continent!! Yay! 

Order some today and be smoking it Tomorrow in UR own home without ever leaving or having to go score. 
What a relief. 

What a Store. 
What a Score.. .AuStores!! 


Proudly Australian.. AuStore!",Australia,Worldwide,AuStore,0.43207699 ฿(A$)Original  170.00 A$,abraxas
Cannabis 2.50g (hydro pot),"Each of the Hydro Grown Cannabis types we Buy, Stock & Sell at AuStore is equal to the finest types available here on the Eastern Coast of Australia. 
From the Northern Tip to the Southern Beaches this hydro can be found vacuum packed and distributed all the way from top to down under this fin continent. 

Try Australias top standard Hydro Smoke from AuStore. 
Always changing strains and getting the best cannabis available at the time of Purchase. 

Order some today, smoke it tomorrow and realise why AuStore has made +150 Flawless 5/5 Sales on Agora in just 1 single Month!!! Its First!! Go AuStore!! 


Proudly Australian... AuStore!!",Australia,Australia Only!!,AuStore,0.14674300 ฿(A$)Original  49.99 A$,abraxas
Cannabis 2.5g (hydro pot),"Each of the Hydro Grown Cannabis types we Buy, Stock & Sell at AuStore is equal to the finest types available here on the Eastern Coast of Australia. 
From the Northern Tip to the Southern Beaches this hydro can be found vacuum packed and distributed all the way from top to down under this fin continent. 

Try Australias top standard Hydro Smoke from AuStore. 
Always changing strains and getting the best cannabis available at the time of Purchase. 

Order some today, smoke it tomorrow and realise why AuStore has made +150 Flawless 5/5 Sales on Agora in just 1 single Month!!! Its First!! Go AuStore!! 


Proudly Australian... AuStore!!",Australia,Worldwide,AuStore,0.12715331 ฿(A$)Original  50.00 A$,abraxas
Cannabis 28.0g (1 Ounce hydro),"One Whole Ounce of Sweet Fruity Hydro!! (28.0g) 

This is one of the many types of pot we get all round this Great Country of ours, its available EVERYWHERE it comes in them tilla foodsaver vacuum bags and we've all smoked it I can assure U. 

Order some Hydro today and Be Smoking it TOMORROW without EVER leaving UR home to score. 
Wait in the Air Conditioned Comfort of UR Own Home this Summer and Order with AuStores.. we can keep U stoned this Summer! 

AuStores!! 



Proudly Australian... AuStores!",Australia,Australia Only!,AuStore,0.96866821 ฿(A$)Original  329.99 A$,abraxas
Cannabis 28g (ounce hydro),"One Whole Ounce of Sweet Fruity Hydro!! (28.0g) 

This is one of the many types of pot we get all round this Great Country of ours, its available EVERYWHERE it comes in them tilla foodsaver vacuum bags and we've all smoked it I can assure U. 

Order some Hydro today and Be Smoking it TOMORROW without EVER leaving UR home to score. 
Wait in the Air Conditioned Comfort of UR Own Home this Summer and Order with AuStores.. we can keep U stoned this Summer! 

AuStores!! 



Proudly Australian... AuStores!",Australia,Worldwide,AuStore,0.83873768 ฿(A$)Original  330.00 A$,abraxas
Cannabis 7.00g (Quarter-Ounce),"Each of the Hydro Grown Cannabis types we Buy, Stock & Sell at AuStore is equal to the finest types available here on the Eastern Coast of Australia. 
From the Northern Tip to the Southern Beaches this hydro can be found vacuum packed and distributed all the way from top to down under this fin continent. 

Try Australias top standard Hydro Smoke from AuStore. 
Always changing strains and getting the best cannabis available at the time of Purchase. 

Order some today, smoke it tomorrow and realise why AuStore has made +150 Flawless 5/5 Sales on Agora in just 1 single Month!!! Its First!! Go AuStore!! 


Proudly Australian... AuStore!!",Australia,Australia,AuStore,0.26416089 ฿(A$)Original  89.99 A$,abraxas
Cannabis 7g (hyrdro pot),"Each of the Hydro Grown Cannabis types we Buy, Stock & Sell at AuStore is equal to the finest types available here on the Eastern Coast of Australia. 
From the Northern Tip to the Southern Beaches this hydro can be found vacuum packed and distributed all the way from top to down under this fin continent. 

Try Australias top standard Hydro Smoke from AuStore. 
Always changing strains and getting the best cannabis available at the time of Purchase. 

Order some today, smoke it tomorrow and realise why AuStore has made +150 Flawless 5/5 Sales on Agora in just 1 single Month!!! Its First!! Go AuStore!! 


Proudly Australian... AuStore!!",Australia,Worldwide,AuStore,0.25416293 ฿(A$)Original  100.00 A$,abraxas
Heroin 0.07g (A Grade #4),"This WhiteRock Heroin is the type of gear most people search their life time for and never find..
It's definitelty one of the top three Ive ever used and its certainly worth the extra spend.

This new A Grade #4 Heroin mixes up Super Clear & Clean in the bag within seconds, no need for spoons & lighters!! 

One 'Cap' of really clean nice chemical tasting heroin! (0.070g) 

All the feedback says this gear has great leggs on it and keeps them aches & pains away a few hours more. 
Enjoy.. 
------------------------------------------------------- 
All AuStore Products as seen on Agora!! 
Almost +1000 x 5/5 Flawless Sales in Just 5 Months!!!! 
----------------------------------------------------------- 
Proudly Australian",Australia,Worldwide On Request,AuStore,0.14675912 ฿(A$)Original  49.99 A$,abraxas
Heroin 0.07g (Regular #4),"A ""Cap"" of White Rock #4 Heroin (0.07g)

This is the same white rock You see here in the picture, 
chipped from the brick to You!!

See why AuStore has +300 Flawless Sales in just the previous 45 Days!!!
ALL Orders made by 1500hrs / 3pm WILL BE SENT SAME DAY!!! At 1700hrs / 5pm (Sydney time)

This is NOT A CLEAR MIXING GEAR!!
When water is added it goes milkly/cloudy white and NEEDS heat to cook clear.,
However this Heroin DOES NOT Require Cooking before use, but it looks much better!!!
WIth a good strong sharp chemical flavour 20-50 seconds after IV use.

A good strong clean heroin rock to Your door in 24 hours from 1700.
(If delivery address is within AP's Express Zones)



Proudly Australian...",Australia,Australia,AuStore,0.11740142 ฿(A$)Original  39.99 A$,abraxas
Heroin 0.07g (white rock #4),"A ""Cap"" of White Rock #4 Heroin (0.07g)

This is the same white rock You see here in the picture, 
chipped from the brick to You!!

See why AuStore has +300 Flawless Sales in just the previous 45 Days!!!

ALL Orders made by 1500hrs / 3pm WILL BE SENT SAME DAY!!! At 1700hrs / 5pm (Sydney time)

This is a really clean clear mixing gear that takes just seconds in the sappy.
WIth a good strong sharp chemical flavour 20-50 seconds after IV use.

Have had a dozen or so great reports also from Smokers and those Racking up and Snorting it.

A good strong clean heroin rock to Your door in 24 hours from 1700.
(Assuming Your delivery address is within AP's Express Zones)



Proudly Australian...",Australia,Australia,AuStore,0.15190743 ฿($)Original  49.99 $,abraxas
Heroin 0.07g (white-rock),"This WhiteRock Heroin mixes up Super Clear & Clean in the bag within seconds, no need for spoons & lighters!! 

One 'Cap' of really clean nice chemical tasting heroin! (0.070g) 

All the feedback says this gear has great leggs on it and keeps them aches & pains away a few hours more. 
Enjoy.. 
------------------------------------------------------- 
All AuStore Products as seen on Agora!! 
+150 x 5/5 Flawless Sales in Just 1 Month!!!! 
----------------------------------------------------------- 
Proudly Australian",Australia,Worldwide,AuStore,0.12715331 ฿(A$)Original  50.00 A$,abraxas
Heroin 0.10g (A Grade #4),"This A Grade #4 Heroin mixes up Super Clear & Clean in the bag within seconds, no need for spoons & lighters!! 

One Point of really clean nice chemical tasting heroin! (0.100g) 

All the feedback says this gear has great leggs on it and keeps them aches & pains away a few hours more. 
Enjoy.. 
------------------------------------------------------- 
All AuStore Products as seen on Agora!! 
+1000 x 5/5 Flawless Sales in Just 5 Months!!!! 
----------------------------------------------------------- 
Proudly Australian",Australia,Worldwide on Request,AuStore,0.20547451 ฿(A$)Original  69.99 A$,abraxas
Heroin 0.10g (Regular #4),"A ""Point"" of White Rock #4 Heroin (0.10g)

This is the same white rock You see here in the picture, 
chipped from the brick to You!!

See why AuStore has +1000 Flawless Sales in just the previous 5 Months Days!!!

ALL Orders made by 1500hrs / 3pm WILL BE SENT SAME DAY!!! At 1700hrs / 5pm (Sydney time)

This is a cloudy/milky gear when water is added.
Heat is NEEDEd to cook it clear, however HEATING is NOT REQUIRED before IV Use.

WIth a good strong sharp chemical flavour 20-50 seconds after IV use.

A good strong heroin rock to Your door in 24 hours from 1700.
(Assuming Your delivery address is within AP's Express Zones)



Proudly Australian...",Australia,Australia,AuStore,0.14675912 ฿(A$)Original  49.99 A$,abraxas
Heroin 0.10g (white rock #4),"A ""Point"" of White Rock #4 Heroin (0.10g)

This is the same white rock You see here in the picture, 
chipped from the brick to You!!

See why AuStore has +300 Flawless Sales in just the previous 45 Days!!!

ALL Orders made by 1500hrs / 3pm WILL BE SENT SAME DAY!!! At 1700hrs / 5pm (Sydney time)

This is a really clean clear mixing gear that takes just seconds in the sappy.
WIth a good strong sharp chemical flavour 20-50 seconds after IV use.

Have had a dozen or so great reports also from Smokers and those Racking up and Snorting it.

A good strong clean heroin rock to Your door in 24 hours from 1700.
(Assuming Your delivery address is within AP's Express Zones)



Proudly Australian...",Australia,Australia,AuStore,0.21268255 ฿($)Original  69.99 $,abraxas
Heroin 0.10g (white-rock),"This WhiteRock Heroin mixes up Super Clear & Clean in the bag within seconds, no need for spoons & lighters!! 

One Point of really clean nice chemical tasting heroin! (0.100g) 

All the feedback says this gear has great leggs on it and keeps them aches & pains away a few hours more. 
Enjoy.. 
------------------------------------------------------- 
All AuStore Products as seen on Agora!! 
+150 x 5/5 Flawless Sales in Just 1 Month!!!! 
----------------------------------------------------------- 
Proudly Australian",Australia,Worldwide,AuStore,0.17801463 ฿(A$)Original  70.00 A$,abraxas
Heroin 0.14g (A Grade #4),"This A Grade WhiteRock #4 Heroin mixes up Super Clear & Clean in the bag within seconds, no need for spoons & lighters!! 

One 'Tunn' of really clean nice chemical tasting heroin! (0.140g) 

All the feedback says this gear has great leggs on it and keeps them aches & pains away a few hours more. 
Enjoy.. 
------------------------------------------------------- 
All AuStore Products as seen on Agora!! 
+1000 x 5/5 Flawless Sales in Just 5 Months!!!! 
----------------------------------------------------------- 
Proudly Australian",Australia,Worldwide on Request Only,AuStore,0.29354759 ฿(A$)Original  99.99 A$,abraxas
Heroin 0.15g (white rock #4),"A ""Tun"" of White Rock #4 Heroin (0.15g)

This is the same white rock You see here in the picture, 
chipped from the brick to You!!

See why AuStore has +300 Flawless Sales in just the previous 45 Days!!!

ALL Orders made by 1500hrs / 3pm WILL BE SENT SAME DAY!!! At 1700hrs / 5pm (Sydney time)

This is a really clean clear mixing gear that takes just seconds in the sappy.
WIth a good strong sharp chemical flavour 20-50 seconds after IV use.

Have had a dozen or so great reports also from Smokers and those Racking up and Snorting it.

A good strong clean heroin rock to Your door in 24 hours from 1700.
(Assuming Your delivery address is within AP's Express Zones)



Proudly Australian...",Australia,Australia,AuStore,0.30384524 ฿($)Original  99.99 $,abraxas
Heroin 0.15g (white-rock),"This WhiteRock Heroin mixes up Super Clear & Clean in the bag within seconds, no need for spoons & lighters!! 

One 'Tunn' of really clean nice chemical tasting heroin! (0.150g) 

All the feedback says this gear has great leggs on it and keeps them aches & pains away a few hours more. 
Enjoy.. 
------------------------------------------------------- 
All AuStore Products as seen on Agora!! 
+150 x 5/5 Flawless Sales in Just 1 Month!!!! 
----------------------------------------------------------- 
Proudly Australian",Australia,Worldwide,AuStore,101.06287451 ฿(A$)Original  39740.56 A$,abraxas
Heroin 0.20g (Regular #4),"A ""Tun"" of Regular (White Rock) #4 Heroin (0.20g)

This is the same white rock You see here in the picture, 
chipped from the brick to You!!

See why AuStore has +1000 Flawless Sales in just the previous 5 Months!!!

ALL Orders made by 1500hrs / 3pm WILL BE SENT SAME DAY!!! At 1700hrs / 5pm (Sydney time)

This is a milky white color when mixed with water needing heat to cook it clear,
BUT COOKING IS NOT REQUIRED Before IV Use!!!

WIth a good strong sharp chemical flavour 20-50 seconds after IV use.

A good strong clean heroin rock to Your door in 24 hours from 1700.
(Assuming Your delivery address is within AP's Express Zones)

Proudly Australian...",Australia,Australia,AuStore,0.29354759 ฿(A$)Original  99.99 A$,abraxas
Heroin 0.25g (A Grade #4),"This A Grade WhiteRock #4 Heroin mixes up Super Clear & Clean in the bag within seconds, no need for spoons & lighters!! 
 I challenge you to try this and tell me where to find better from an Aussie Vendor right now!!??

One Quarter gram of really clean nice chemical tasting heroin! (0.250g) 
All the feedback says this gear has great leggs on it and keeps them aches & pains away a few hours more. 
Enjoy.. 
------------------------------------------------------- 
All AuStore Products as seen on Agora!! 
+1000 x 5/5 Flawless Sales in Just 5 Months!!!! 
----------------------------------------------------------- 
Proudly Australian",Australia,Worldwide on Request Only,AuStore,0.52840915 ฿(A$)Original  179.99 A$,abraxas
Heroin 0.25g (Regular #4),"Heroin #4 (white rock)

What You see in the picture is exactly what You get!!
This gear was chipped from that very brick You see here!!!

Mixes milky white with water and needs cooking to clear,
BUT Cooking IS NOT REQUIRED before IV Use!!!

Gives a real nice clean chemical taste about 30-60seconds after IV use,

Give it a go and see why I'm just about to make 1000 flawless sales on Agora & Evolution(RIP).
Now I'm here at Abraxas to spread the good stuff around..


Proudly Australian...",Australia,Worldwide on REQUEST,AuStore,0.36694183 ฿(A$)Original  124.99 A$,abraxas
Heroin 0.25g (White-Rock),"This WhiteRock Heroin mixes up Super Clear & Clean in the bag within seconds, no need for spoons & lighters!! 

One Quarter gram of really clean nice chemical tasting heroin! (0.250g) 
All the feedback says this gear has great leggs on it and keeps them aches & pains away a few hours more. 
Enjoy.. 
------------------------------------------------------- 
All AuStore Products as seen on Agora!! 
+150 x 5/5 Flawless Sales in Just 1 Month!!!! 
----------------------------------------------------------- 
Proudly Australian",Australia,Worldwide,AuStore,0.38145993 ฿(A$)Original  150.00 A$,abraxas
Heroin 0.25g (white rock #4),"Heroin #4 (white rock)

What You see in the picture is exactly what You get!!
This gear was chipped from that very brick You see here!!!

Really clean and easy to mix up You don't need mixing or cooking here,
Just mix with water and in seconds its mixed clean & clear ready to go!

Gives a real nice clean chemical taste about 30-60seconds after IV use,
also suitable for snorting and smoking.
I have had at least a dozen good reports from smokers at Agora as well as those racking it.

Give it a go and see why I'm just about to make 300 flawless sales on Agora & Evolution.
Now I'm here at Abraxas to spread the good stuff around..


Proudly Australian...",Australia,Worldwide on REQUEST,AuStore,0.43841820 ฿($)Original  139.99 $,abraxas
Heroin 0.50g (A Grade #4),"This A Grade WhiteRock #4 Heroin mixes up Super Clear & Clean in the bag within seconds, no need for spoons & lighters!! 

One Half-Gram of really clean nice chemical tasting heroin! (0.500g) 

All the feedback says this gear has great leggs on it and 
keeps them aches & pains away a few hours more. 
Enjoy.. 
------------------------------------------------------- 
All AuStore Products as seen on Agora!! 
+1000 x 5/5 Flawless Sales in Just 5 Months!! 
----------------------------------------------------------- 
Proudly Australian",Australia,Worldwide on Request Only!!,AuStore,1.02807337 ฿(A$)Original  349.99 A$,abraxas
Heroin 0.50g (Regular #4),"A Half-Gram of White Rock #4 Heroin

This is the same white rock You see here in the picture, 
chipped from the brick to You!!

See why AuStore has +1000 Flawless Sales in just 5 Months!!

ALL Orders made by 1500hrs / 3pm WILL BE SENT SAME DAY!!! At 1700hrs / 5pm (Sydney time)

This gear mixes milky white with water & NEEDS Heat to Cook Clear!!
Although - Cooking is NOT REQUIRED for IV Use!!!

WIth a good strong sharp chemical flavour 20-50 seconds after IV use.

A good strong clean heroin rock to Your door in 24 hours from 1700.
(Assuming Your delivery address is within AP's Express Zones)

Proudly Australian...",Australia,Australia,AuStore,0.70461675 ฿(A$)Original  239.99 A$,abraxas
Heroin 0.50g (White-Rock),"This WhiteRock Heroin mixes up Super Clear & Clean in the bag within seconds, no need for spoons & lighters!! 

One Half gram of really clean nice chemical tasting heroin! (0.500g) 

All the feedback says this gear has great leggs on it and 
keeps them aches & pains away a few hours more. 
Enjoy.. 
------------------------------------------------------- 
All AuStore Products as seen on Agora!! 
+150 x 5/5 Flawless Sales in Just 1 Month!!!! 
----------------------------------------------------------- 
Proudly Australian",Australia,Worldwide,AuStore,0.66119721 ฿(A$)Original  260.00 A$,abraxas
Heroin 0.50g (white rock #4),"A Half-Gram of White Rock #4 Heroin

This is the same white rock You see here in the picture, 
chipped from the brick to You!!

See why AuStore has +300 Flawless Sales in just the previous 45 Days!!!

ALL Orders made by 1500hrs / 3pm WILL BE SENT SAME DAY!!! At 1700hrs / 5pm (Sydney time)

This is a really clean clear mixing gear that takes just seconds in the sappy.
WIth a good strong sharp chemical flavour 20-50 seconds after IV use.

Have had a dozen or so great reports also from Smokers and those Racking up and Snorting it.

A good strong clean heroin rock to Your door in 24 hours from 1700.
(Assuming Your delivery address is within AP's Express Zones)



Proudly Australian...",Australia,Australia,AuStore,0.73593751 ฿($)Original  234.99 $,abraxas
Heroin 1.00g (A Grade #4),"This is the latest & Greatest Product to AuStores Listings!!!
AuStores A Grade WhiteRock #4 Heroin mixes up Super Clear & Clean in the bag within seconds, no need for spoons & lighters!! 

One Gram of really clean nice chemical tasting heroin! (1.000g) 
Very few people out there will be able to Order this Heroin & honestly say they can source better currently.
In fact I dare you to take the challenge and point me the right way.. I dont think you will get better.
Not currently from an Aussie Vendor online, and if that changes Ill remove this claim!!

All the feedback says this gear has great leggs on it and keeps them aches & pains away a few hours more. 
Enjoy.. 
------------------------------------------------------- 
All AuStore Products as seen on Agora!! 
+1000 x 5/5 Flawless Sales in Just 5 Months!! 
----------------------------------------------------------- 
Proudly Australian",Australia,Worldwide on Request Only!!,AuStore,2.05478366 ฿(A$)Original  699.99 A$,abraxas
Heroin 1.00g (Regular #4),"A Gram of AuStores Regular Strength White Rock #4 Heroin (1.00g)

This is the same white rock You see here in the picture, 
chipped from the brick to You!!

See why AuStore has +1000 Flawless Sales in just the previous 5 Months!!

ALL Orders made by 1500hrs / 3pm WILL BE SENT SAME DAY!!! At 1700hrs / 5pm (Sydney time)

This heroin mixes milky white with water & requires cooking to go clear!!
However - Heating is NOT NEEDED Before IV Use!! But it looks a lot better!!


WIth a good strong sharp chemical flavour 20-50 seconds after IV use.

A good strong clean heroin rock to Your door in 24 hours from 1700.
(Assuming Your delivery address is within AP's Express Zones)

Proudly Australian...",Australia,Australia,AuStore,1.32118210 ฿(A$)Original  449.99 A$,abraxas
Heroin 1.00g (white rock #4),"A Gram of White Rock #4 Heroin (1.00g)

This is the same white rock You see here in the picture, 
chipped from the brick to You!!

See why AuStore has +300 Flawless Sales in just the previous 45 Days!!!

ALL Orders made by 1500hrs / 3pm WILL BE SENT SAME DAY!!! At 1700hrs / 5pm (Sydney time)

This is a really clean clear mixing gear that takes just seconds in the sappy.
WIth a good strong sharp chemical flavour 20-50 seconds after IV use.

Have had a dozen or so great reports also from Smokers and those Racking up and Snorting it.

A good strong clean heroin rock to Your door in 24 hours from 1700.
(Assuming Your delivery address is within AP's Express Zones)



Proudly Australian...",Australia,Australia,AuStore,1.36566698 ฿($)Original  449.99 $,abraxas
Heroin 1.0g (white-rock),"This WhiteRock Heroin mixes up Super Clear & Clean in the bag within seconds, no need for spoons & lighters!! 

One Gram of really clean nice chemical tasting heroin! (1.000g) 

All the feedback says this gear has great leggs on it and keeps them aches & pains away a few hours more. 
Enjoy.. 
------------------------------------------------------- 
All AuStore Products as seen on Agora!! 
+150 x 5/5 Flawless Sales in Just 1 Month!!!! 
----------------------------------------------------------- 
Proudly Australian",Australia,Worldwide,AuStore,1.27153310 ฿(A$)Original  500.00 A$,abraxas
Heroin 3.50g (A-Grade #4),"An ""Eight-Ball"" of A-Grade White Rock #4 Heroin (1 x 3.50g)
================================================
BUY THREE GRAMS & GET HALF A GRAM FOR FREE!!!!
----------------------------------------------------------------------------
PAY FOR 3.00g OF A-GRADE #4 RECEIVE 3.50g A-GRADE #4 HEROIN!!!
------------------------------------------------------------------------------------------------
This is a Large Quantity of AuStore's A-Grade #4 Heroin Product..
Not for Beginners, Posers or Try Hards - This is not a fucking game.
Use this without prior experience & its likely you WILL OVERDOSE!!

This is the purity & strength of heroin most people search their entire lives to find, 
right here on the AuStore shelf ready for IMMEDIATE DISPATCH !!!!
For OVERNIGHT DELIVERY if You Order BEFORE 3pm & Reside INSIDE AP's Express Zone!!!!??? 

Comes from a brick of white rock just like here in the picture, 
chipped from the brick to You!!

NOTE: If You select the ENVELOPE Post Options the 8Ball will be crushed to Powder!!
If You want the gear left as rock You NEED to use the Express Satchel Options!!

See why AuStore has ALMOST 2000+ Flawless Sales in just the previous 6 Months!!!

ALL Orders made by 1500hrs / 3pm WILL BE SENT SAME DAY!!! At 1700hrs / 5pm (Sydney time)



100% Proudly Australian...",Australia,Australia Only!!,AuStore,7.06351951 ฿(A$)Original  2099.99 A$,abraxas
Heroin 3.50g (Regular #4),"An ""Eight-Ball"" of White Rock #4 Heroin (3.50g)

This is the same white rock You see here in the picture, 
chipped from the brick to You!!

NOTE: If You select the ENVELOPE Post Options the 8Ball will be crushed to Powder!!
If You want the gear left as rock You NEED to use the Express Satchel Options!!

See why AuStore has +1000 Flawless Sales in just the previous 45 Days!!!

ALL Orders made by 1500hrs / 3pm WILL BE SENT SAME DAY!!! At 1700hrs / 5pm (Sydney time)

This gear goes milky white with water but cooks clear with a little heat and looks much better.
At times it also has a propensity to go solid again when cooling down, so a few properties to improve on,
But as far as result, it has everything most street heroins offer, the chemy taste, warm feeling and morph itch.
Please Note - Heating/Cooking with heat is NOT REQUIRED before IV Use although recommended.

WIth a good strong sharp chemical flavour 20-50 seconds after IV use.

A good strong clean heroin rock to Your door in 24 hours from 1700.
(Assuming Your delivery address is within AP's Express Zones)


Proudly Australian...",Australia,Australia Only!!,AuStore,3.66927961 ฿(A$)Original  1249.99 A$,abraxas
Heroin 3.50g (white rock #4),"An ""Eight-Ball"" of White Rock #4 Heroin (3.50g)

This is the same white rock You see here in the picture, 
chipped from the brick to You!!

NOTE: If You select the ENVELOPE Post Options the 8Ball will be crushed to Powder!!
If You want the gear left as rock You NEED to use the Express Satchel Options!!

See why AuStore has +300 Flawless Sales in just the previous 45 Days!!!

ALL Orders made by 1500hrs / 3pm WILL BE SENT SAME DAY!!! At 1700hrs / 5pm (Sydney time)

This is a really clean clear mixing gear that takes just seconds in the sappy.
WIth a good strong sharp chemical flavour 20-50 seconds after IV use.

Have had a dozen or so great reports also from Smokers and those Racking up and Snorting it.

A good strong clean heroin rock to Your door in 24 hours from 1700.
(Assuming Your delivery address is within AP's Express Zones)



Proudly Australian...",Australia,Australia,AuStore,3.94531748 ฿($)Original  1299.99 $,abraxas
Ice 0.07g (meth-amphetamine),"This Meth-Amphetamine (Ice) is a Really Top Quality Imported ICe.. 

Its obviously made from the real chemical ingredients only the big producers use. 
None of these adulterated chemicals cooked from shit U buy at the locl hardware or hairdressers. 

No way. This Ice is bloody strong, seriously I cannot have more then 1/10th a point. 
That's 1/100th gram is my dose. Seriously. 

Give it a go, if Ur a MethHead - U will LOVE this meth its just awesome. 

All AuStores Products are As seen and purchased on Agora Marketplace for the last month 
I have made +150 x 5/5 flawless feedbacked sales in just 1 month of vending!!! 
What a start!! PPL LOVE ME!!! 

90% of My Orders Arrive within 48hrs of Dispatch!!! 
75% Within 24hours of Dispatch!!!! 

Never lost a parcel Yet!!!! 

AuStore-The Store 2 Score!!! 


Proudly Australian",Australia,Worldwide,AuStore,0.12715331 ฿(A$)Original  50.00 A$,abraxas
Ice 0.07g (methamphetamine),"A ""Cap"" of Ice / MethAmphetamine (0.07g)

This is really great quality Ice that suits all sorts including Smokers & IV Users.

It packs quite a punch through the fit, but also melts well in the pipe.

Whichever way You use it here it is.. Top Quality Meth for immediate dispatch!!
1 Day Express Within Australia is AuStore Specialty
Fast Deliveries for the Fast!!!



Proudly Australian...",Australia,Australia,AuStore,0.15171380 ฿($)Original  49.99 $,abraxas
Ice 0.10g (meth-amphetamine),"This Meth-Amphetamine (Ice) is a Really Top Quality Imported ICe.. 

Its obviously made from the real chemical ingredients only the big producers use. 
None of these adulterated chemicals cooked from shit U buy at the locl hardware or hairdressers. 

No way. This Ice is bloody strong, seriously I cannot have more then 1/10th a point. 
That's 1/100th gram is my dose. Seriously. 

Give it a go, if Ur a MethHead - U will LOVE this meth its just awesome. 

All AuStores Products are As seen and purchased on Agora Marketplace for the last month 
I have made +150 x 5/5 flawless feedbacked sales in just 1 month of vending!!! 
What a start!! PPL LOVE ME!!! 

90% of My Orders Arrive within 48hrs of Dispatch!!! 
75% Within 24hours of Dispatch!!!! 

Never lost a parcel Yet!!!! 

AuStore-The Store 2 Score!!! 


Proudly Australian",Australia,Worldwide,AuStore,0.17801463 ฿(A$)Original  70.00 A$,abraxas
Ice 0.10g (methamphetamine),"A ""Point"" of Ice / MethAmphetamine (0.10g)

This is really great quality Ice that suits all sorts including Smokers & IV Users.

It packs quite a punch through the fit, but also melts well in the pipe.

Whichever way You use it here it is.. Top Quality Meth for immediate dispatch!!
1 Day Express Within Australia is AuStore Specialty
Fast Deliveries for the Fast!!!



Proudly Australian...",Australia,Australia,AuStore,0.21241146 ฿($)Original  69.99 $,abraxas
Ice 0.15g (meth-amphetamine),"This Meth-Amphetamine (Ice) is a Really Top Quality Imported ICe.. 

Its obviously made from the real chemical ingredients only the big producers use. 
None of these adulterated chemicals cooked from shit U buy at the locl hardware or hairdressers. 

No way. This Ice is bloody strong, seriously I cannot have more then 1/10th a point. 
That's 1/100th gram is my dose. Seriously. 

Give it a go, if Ur a MethHead - U will LOVE this meth its just awesome. 

All AuStores Products are As seen and purchased on Agora Marketplace for the last month 
I have made +150 x 5/5 flawless feedbacked sales in just 1 month of vending!!! 
What a start!! PPL LOVE ME!!! 

90% of My Orders Arrive within 48hrs of Dispatch!!! 
75% Within 24hours of Dispatch!!!! 

Never lost a parcel Yet!!!! 

AuStore-The Store 2 Score!!! 


Proudly Australian",Australia,Worldwide,AuStore,0.25416293 ฿(A$)Original  100.00 A$,abraxas
Ice 0.15g (methamphetamine),"A ""Tun"" of Ice / MethAmphetamine (0.15g)

This is really great quality Ice that suits all sorts including Smokers & IV Users.

It packs quite a punch through the fit, but also melts well in the pipe.

Whichever way You use it here it is.. Top Quality Meth for immediate dispatch!!
1 Day Express Within Australia is AuStore Specialty
Fast Deliveries for the Fast!!!



Proudly Australian...",Australia,Australia,AuStore,0.30361182 ฿($)Original  99.99 $,abraxas
Ice 0.25g (meth-amphetamine),"This Meth-Amphetamine (Ice) is a Really Top Quality Imported ICe.. 

Its obviously made from the real chemical ingredients only the big producers use. 
None of these adulterated chemicals cooked from shit U buy at the locl hardware or hairdressers. 

No way. This Ice is bloody strong, seriously I cannot have more then 1/10th a point. 
That's 1/100th gram is my dose. Seriously. 

Give it a go, if Ur a MethHead - U will LOVE this meth its just awesome. 

All AuStores Products are As seen and purchased on Agora Marketplace for the last month 
I have made +150 x 5/5 flawless feedbacked sales in just 1 month of vending!!! 
What a start!! PPL LOVE ME!!! 

90% of My Orders Arrive within 48hrs of Dispatch!!! 
75% Within 24hours of Dispatch!!!! 

Never lost a parcel Yet!!!! 

AuStore-The Store 2 Score!!! 


Proudly Australian",Australia,Worldwide,AuStore,0.38124440 ฿(A$)Original  150.00 A$,abraxas
Ice 0.25g (methamphetamine),"A Quarter-Gram of Ice / MethAmphetamine (0.25g)

This is really great quality Ice that suits all sorts including Smokers & IV Users.

It packs quite a punch through the fit, but also melts well in the pipe.

Whichever way You use it here it is.. Top Quality Meth for immediate dispatch!!
1 Day Express Within Australia is AuStore Specialty
Fast Deliveries for the Fast!!!



Proudly Australian...",Australia,Australia,AuStore,0.42506870 ฿($)Original  139.99 $,abraxas
Ice 0.50g (meth-amphetamine),"This Meth-Amphetamine (Ice) is a Really Top Quality Imported ICe.. 

Its obviously made from the real chemical ingredients only the big producers use. 
None of these adulterated chemicals cooked from shit U buy at the locl hardware or hairdressers. 

No way. This Ice is bloody strong, seriously I cannot have more then 1/10th a point. 
That's 1/100th gram is my dose. Seriously. 

Give it a go, if Ur a MethHead - U will LOVE this meth its just awesome. 

All AuStores Products are As seen and purchased on Agora Marketplace for the last month 
I have made +150 x 5/5 flawless feedbacked sales in just 1 month of vending!!! 
What a start!! PPL LOVE ME!!! 

90% of My Orders Arrive within 48hrs of Dispatch!!! 
75% Within 24hours of Dispatch!!!! 

Never lost a parcel Yet!!!! 

AuStore-The Store 2 Score!!! 


Proudly Australian",Australia,Worldwide,AuStore,0.63576655 ฿(A$)Original  250.00 A$,abraxas
Ice 0.50g (methamphetamine),"A Half-Gram of Ice / MethAmphetamine (0.50g)

This is really great quality Ice that suits all sorts including Smokers & IV Users.

It packs quite a punch through the fit, but also melts well in the pipe.

Whichever way You use it here it is.. Top Quality Meth for immediate dispatch!!
1 Day Express Within Australia is AuStore Specialty
Fast Deliveries for the Fast!!!



Proudly Australian...",Australia,Australia,AuStore,0.71407734 ฿($)Original  234.99 $,abraxas
Ice 1.00g (methamphetamine),"A Gram of Ice / MethAmphetamine (0.50g)

This is really great quality Ice that suits all sorts including Smokers & IV Users.

It packs quite a punch through the fit, but also melts well in the pipe.

Whichever way You use it here it is.. Top Quality Meth for immediate dispatch!!
1 Day Express Within Australia is AuStore Specialty
Fast Deliveries for the Fast!!!



Proudly Australian...",Australia,Australia,AuStore,1.33599526 ฿($)Original  439.99 $,abraxas
Ice 3.50g (methamphetamine),"An ""Eight-Ball"" of Ice / MethAmphetamine (3.50g)

This is really great quality Ice that suits all sorts including Smokers & IV Users.

It packs quite a punch through the fit, but also melts well in the pipe.

Whichever way You use it here it is.. Top Quality Meth for immediate dispatch!!
1 Day Express Within Australia is AuStore Specialty
Fast Deliveries for the Fast!!!

NOTE: If You select an ENVELOPE Post Option then I will have to CRUSH the Product,
If You want the product to arrive intact as it is now, then You MUST ORDER an Express Satchel!!!


Proudly Australian...",Australia,Australia,AuStore,3.94731808 ฿($)Original  1299.99 $,abraxas
Meth/Ice 0.07g,"A ""Cap"" of Ice / MethAmphetamine (0.07g)

This is really great quality Ice that suits all sorts including Smokers & IV Users.

It packs quite a punch through the fit, but also melts well in the pipe.

Whichever way You use it here it is.. Top Quality Meth for immediate dispatch!!
1 Day Express Within Australia is AuStore Specialty
Fast Deliveries for the Fast!!!



Proudly Australian...",Australia,Australia,AuStore,0.11737313 ฿(A$)Original  39.99 A$,abraxas
Meth/Ice 0.10g,"A ""Point"" of Ice / MethAmphetamine (0.10g)

This is really great quality Ice that suits all sorts including Smokers & IV Users.

It packs quite a punch through the fit, but also melts well in the pipe.

Whichever way You use it here it is.. Top Quality Meth for immediate dispatch!!
1 Day Express Within Australia is AuStore Specialty
Fast Deliveries for the Fast!!!



Proudly Australian...",Australia,Australia,AuStore,0.14672375 ฿(A$)Original  49.99 A$,abraxas
Meth/Ice 0.15g,"A ""Tun"" of Ice / MethAmphetamine (0.15g)

This is really great quality Ice that suits all sorts including Smokers & IV Users.

It packs quite a punch through the fit, but also melts well in the pipe.

Whichever way You use it here it is.. Top Quality Meth for immediate dispatch!!
1 Day Express Within Australia is AuStore Specialty
Fast Deliveries for the Fast!!!



Proudly Australian...",Australia,Australia,AuStore,0.22010030 ฿(A$)Original  74.99 A$,abraxas
Meth/Ice 0.20g,"This Meth-Amphetamine (Ice) is a Really Top Quality Imported ICe.. 

Its obviously made from the real chemical ingredients only the big producers use. 
None of these adulterated chemicals cooked from shit U buy at the locl hardware or hairdressers. 

No way. This Ice is bloody strong, seriously I cannot have more then 1/10th a point. 
That's 1/100th gram is my dose. Seriously. 

Give it a go, if Ur a MethHead - U will LOVE this meth its just awesome. 

All AuStores Products are As seen and purchased on Agora Marketplace for the last month 
I have made +150 x 5/5 flawless feedbacked sales in just 1 month of vending!!! 
What a start!! PPL LOVE ME!!! 

90% of My Orders Arrive within 48hrs of Dispatch!!! 
75% Within 24hours of Dispatch!!!! 

Never lost a parcel Yet!!!! 

AuStore-The Store 2 Score!!! 


Proudly Australian",Australia,Australia,AuStore,0.29347685 ฿(A$)Original  99.99 A$,abraxas
Meth/Ice 0.25g,"A Quarter-Gram of Ice / MethAmphetamine (0.25g)

This is really great quality Ice that suits all sorts including Smokers & IV Users.

It packs quite a punch through the fit, but also melts well in the pipe.

Whichever way You use it here it is.. Top Quality Meth for immediate dispatch!!
1 Day Express Within Australia is AuStore Specialty
Fast Deliveries for the Fast!!!



Proudly Australian...",Australia,Australia,AuStore,0.36714899 ฿(A$)Original  124.99 A$,abraxas
Meth/Ice 0.50g,"This Meth-Amphetamine (Ice) is a Really Top Quality Imported ICe.. 

Its obviously made from the real chemical ingredients only the big producers use. 
None of these adulterated chemicals cooked from shit U buy at the locl hardware or hairdressers. 

No way. This Ice is bloody strong, seriously I cannot have more then 1/10th a point. 
That's 1/100th gram is my dose. Seriously. 

Give it a go, if Ur a MethHead - U will LOVE this meth its just awesome. 

All AuStores Products are As seen and purchased on Agora Marketplace for the last month 
I have made +150 x 5/5 flawless feedbacked sales in just 1 month of vending!!! 
What a start!! PPL LOVE ME!!! 

90% of My Orders Arrive within 48hrs of Dispatch!!! 
75% Within 24hours of Dispatch!!!! 

Never lost a parcel Yet!!!! 

AuStore-The Store 2 Score!!! 


Proudly Australian",Australia,Worldwide,AuStore,0.70438554 ฿(A$)Original  239.99 A$,abraxas
Meth/Ice 1.00g,"A Gram of Ice / MethAmphetamine (1.00g)

This is really great quality Ice that suits all sorts including Smokers & IV Users.

It packs quite a punch through the fit, but also melts well in the pipe.

Whichever way You use it here it is.. Top Quality Meth for immediate dispatch!!
1 Day Express Within Australia is AuStore Specialty
Fast Deliveries for the Fast!!!



Proudly Australian...",Australia,Australia,AuStore,1.35009919 ฿(A$)Original  459.99 A$,abraxas
Meth/Ice 3.50g (Eight-Ball),"An ""Eight-Ball"" of Ice / MethAmphetamine (3.50g)

This is really great quality Ice that suits all sorts including Smokers & IV Users.

It packs quite a punch through the fit, but also melts well in the pipe.

Whichever way You use it here it is.. Top Quality Meth for immediate dispatch!!
1 Day Express Within Australia is AuStore Specialty
Fast Deliveries for the Fast!!!

NOTE: If You select an ENVELOPE Post Option then I will have to CRUSH the Product,
If You want the product to arrive intact as it is now, then You MUST ORDER an Express Satchel!!!


Proudly Australian...",Australia,Australia,AuStore,3.81555131 ฿(A$)Original  1299.99 A$,abraxas
New Vendor Trial Pack,"1 x Cap of Heroin (white-rock) 
1 x Cap of Ice (meth-amphetamine) 
1 x gram of hydro Cannabis 

All for an amazing $99!!! 

This is to thank You all for the first Months Support, 
coming from Agora with +150 Flawless 5/5 Feedbacks & Sales in Our First Month!!! 

WooHoo!! 


Proudly Australian.. AuStore!!",Australia,Worldwide,AuStore,0.25162131 ฿(A$)Original  99.00 A$,abraxas
OxyContin 10mg (Oxycodone hydrochloride),"OxyContin 10mg - Oxycodone hydrochloride modified release.

Manufactured by 'Mundipharma'.

Each capsule contains 10mg OxyContin & can be used IV


Proudly Aussie..",Australia,Australia,AuStore,0.07334145 ฿(A$)Original  24.99 A$,abraxas
OxyNorm 20mg (Immediate Release),"OxyNorm 20mg - Oxycodone hydrochloride immediate release.

Manufactured by 'Mundipharma'.

Each capsule contains 20mg Oxycodone & can be used IV


Proudly Aussie..",Australia,Australia,AuStore,0.14671225 ฿(A$)Original  49.99 A$,abraxas
Xanax 2mg Bricks (Aussie Pressed Alprazolam Tabs),"Aussie Pressed Alprazolam Tabs to Generic Xanax 2mg Standards!!
Aside from the slight variation on one face of these tabs you wouldnt notice the difference.

These tabs are a great quality press and have 'xanax' on one side & '2' on the other.
Well pressed and fast acting these tabs are a near match for generic kalmas.

With one particular difference.. these tabs are rumoured to dissolve allowing them to be mixed for IV use.
Now I cannot be quoted on this, since I cannot confirm this to be true, but when you add water it pretty well stays clear 
in the spoon, a little cloudy maybe, but clear, In fact I've seen plenty of heroin that mixes up worse then these.

Anyone that does / has used these IV please drop Me a line and let Me know.

100% Aussie Made & Proud..
AUz1.",Australia,Australia!! Worldwide on REQUEST,AuStore,0.03358814 ฿(A$)Original  9.99 A$,abraxas
1 Gram Australian Outdoor Cannabis,"1 GRAM SALE $9!

Aussie outdoor Grown Cannabis

cannabis is B grade,do not expect Hydro still awesome smoke nether the less,nice and stoney for a great price :)

all packages are tracked.
Discreet packaging.
FULL ESCROW :)


Welcome to AussieBud!",Australia,Australia,AussieBud,,abraxas
28 Grams Australian Outdoor Cannabis(FE special $140),"28 Grams just 140$ get in Quick!!

Aussie outdoor Grown Cannabis

Cannabis is B grade,do not expect Hydro still awesome smoke nether the less,nice and stoney for a great price :)

All packages are tracked.
Discreet packaging.


THIS LISTING REQUIRES FE FOR SPECIAL PRICE.
if you do not wish to FE please buy other listing:)






Welcome to AussieBud!",Australia,Australia,AussieBud,,abraxas
28 Grams Australian Outdoor Cannabis(FE special $180),"28 Grams just 180$ get in Quick!!

Aussie outdoor Grown Cannabis

Cannabis is B grade,do not expect Hydro still awesome smoke nether the less,nice and stoney for a great price :)

All packages are tracked.
Discreet packaging.


THIS LISTING REQUIRES FE FOR SPECIAL PRICE.
if you do not wish to FE please buy other listing:)






Welcome to AussieBud!",Australia,Australia,AussieBud,,abraxas
3.5 Grams Australian Outdoor Cannabis,"3.5 grams just $30 get in quick!!

Aussie outdoor Grown Cannabis

cannabis is B grade,do not expect Hydro still awesome smoke nether the less,nice and stoney for a great price :)

all packages are tracked.
Discreet packaging.
FULL ESCROW:)

Welcome to AussieBud!",Australia,Australia,AussieBud,,abraxas
7 Grams Australian Outdoor Cannabis,"7 Grams just 60$ get in Quick!!

Aussie outdoor Grown Cannabis

cannabis is B grade,do not expect Hydro still awesome smoke nether the less,nice and stoney for a great price :)

all packages are tracked.
Discreet packaging.
FULL ESCROW:)


Welcome to AussieBud!",Australia,Australia,AussieBud,,abraxas
2 Grams Medical Grade BHO ~ Laboratory Extracted ~ Free Shipping,"Laboratory extracted BHO, from White Widow greenhouse organic cannabis strain, freely shipped in silicone container. This is the highest quality BHO, high in THC, solvent and impurities free, and has a distinct fragrance and pleasant aroma. Can be smoked, safely ingested or vaporised. It is stable at room temperature.

The extraction process starts by keeping the weed in the dehumidification chamber for 24 hours, after which the  production process starts, involving sterile tools and high quality borosilicate glass extractors, clean premium grade butane is used everytime in an open-loop system, no plastic tools are used at any time of the process, and in the final phase concentrates are purged for 72 hours in a lab vacuum chamber, temperatures are always kept at a steady 45C during the entire process. These standards allow us to achieve a truly medical grade BHO, which we are proudly presenting to our customers.

FREE GIFT: A silicone container for all BHO orders.

Shipping: Max 24 hours after receiving the order, usually same day (except weekends and holidays).

For more details about us, please visit the about page.",Spain,Worldwide (Except USA-CA/AU-NZ),BHOLabs,0.30594245 ฿($)Original  70.00 $,abraxas
2 Grams Medical Grade BHO ~ White Widow ~ Lab Extracted ~ Free EU Shipping ~,"Laboratory extracted BHO, from White Widow greenhouse organic cannabis strain, freely shipped in silicone container. This is the highest quality BHO, high in THC, solvent and impurities free, and has a distinct fragrance and pleasant aroma. Can be smoked, safely ingested or vaporised. It is stable at room temperature.

The extraction process starts by keeping the weed in the dehumidification chamber for 24 hours, after which the production process starts, involving sterile tools and high quality borosilicate glass extractors, clean premium grade butane is used everytime in an open-loop system, no plastic tools are used at any time of the process, and in the final phase concentrates are purged for 72 hours in a lab vacuum chamber, temperatures are always kept at a steady 45C during the entire process.
These standards allow us to achieve a truly medical grade BHO, which we are proudly presenting to our customers.

FREE GIFT: A silicone container for all BHO orders.

Shipping: Max 24 hours after receiving the order, usually same day (except weekends and holidays).

PAYMENT: Escrow is available. For more details about this and our business, please visit the about page.

Happy Shopping!",Spain,EU,BHOLabs,0.27420173 ฿($)Original  60.00 $,abraxas
2 Grams Medical Grade BHO ~ White Widow ~ Lab Extracted ~ Worldwide ~,"Laboratory extracted BHO, from White Widow greenhouse organic cannabis strain, shipped in silicone container. This is the highest quality BHO, high in THC, solvent and impurities free, and has a distinct fragrance and pleasant aroma. Can be smoked, safely ingested or vaporised. It is stable at room temperature.

The extraction process starts by keeping the weed in the dehumidification chamber for 24 hours, after which the production process starts, involving sterile tools and high quality borosilicate glass extractors, clean premium grade butane is used everytime in an open-loop system, no plastic tools are used at any time of the process, and in the final phase concentrates are purged for 72 hours in a lab vacuum chamber, temperatures are always kept at a steady 45C during the entire process.
These standards allow us to achieve a truly medical grade BHO, which we are proudly presenting to our customers.

FREE GIFT: A silicone container for all BHO orders.

Shipping: Max 24 hours after receiving the order, usually same day (except weekends and holidays).

PAYMENT: Escrow is available. For more details about this and our business, please visit the about page.

Happy Shopping!",Spain,Worldwide,BHOLabs,0.27420173 ฿($)Original  60.00 $,abraxas
250 Grams Critical 2.0 Indoor - CoffeeShop Quality - Free EU Shipping,"250 grams of Critical 2.0 top shelf buds, coffeeshop quality, indoor grown, free EU shipping.
The flavour and aroma of Critical + 2.0 are pronounced, with hints of lemon, pine and spices. The effect is powerful and cerebral, providing a long-lasting, uplifting, euphoric high. It is the perfect cannabis strain to have a good time with your friends.

THC: 20%
CBD: 0.3%
THC/CBD ratio: 66:1

This is very high quality marijuana, professionally grown and selected by us from many possible strains available.
We use very good stealth and diversions and we ship only to the EU.

Shipping: 24 hours maximum after ordering, usually the same day except for weekends/holidays. Shipping is tracked and dispatched with priority shipping. FE is required for users with less than 10 transactions.

We can supply up to 3kg of indoor/greenhouse/outdoor weed from multiple strains, anytime of the year.

If you have any questions, please send us a message. For more information  about our services, please visit the About page.

Happy Shopping!",Spain,EU,BHOLabs,7.58377471 ฿($)Original  1750.00 $,abraxas
3 Grams Medical BHO ~ Amnesia Haze + Critical 2.0 ~ Lab Extracted,"Laboratory extracted BHO, from Amnesia indoor grown + Critical 2.0 greenhouse organic cannabis strain 50%/50% bud mix, freely shipped in silicone container. This is the highest quality BHO, high in THC, solvent and impurities free, and has a distinct fragrance and pleasant aroma. Can be smoked, safely ingested or vaporised. It is stable at room temperature.

This IS one of a kind, our very little experiment! VERY limited supply.

Our BHO production starts with an especially selected cannabis strain, checked for bugs or other impurities, which we first keep in the dehumidification chamber for 24 hours, after which the production process starts, involving sterile tools and high quality borosilicate glass extractors, fresh premium grade butane is used every time in an open-loop system, we never re-use the gas, no plastic tools are used at any time of the process, and in the final phase concentrates are purged for 72 hours in a pressure and temperature controlled lab vacuum chamber.
Starting with the present batch, we will only process the buds of the selected cannabis strain, by selecting and discarding from start all trim/leaf from the process in order to achieve great improvement in overall purity combined with lower sediment ratios, better structure and color, results obtained when all leaf material is discarded.
So in the quest to further purify our product we will not use any leaf/trim, this way making the BHO even more sterile and safer for ingestion while more effective when its used for medical purposes, and not the least, this method greatly improves taste, and overall THC concentration in the final product, and this is also the explanation for the slight but necessary price increase.
We also lowered the temperature during the whole process, and we are able to produce the BHO without any heat application, now temperature during the whole process is never higher than ambient temperature (22-26C).
These standards allow us to achieve a truly medical grade BHO, which we are proudly presenting to our customers.

FREE GIFT: A silicone container for all BHO orders.

Shipping: Max 24 hours after receiving the order, usually same day (except weekends and holidays).

PAYMENT: Escrow is available. For more details about this and our business, please visit the about page.",Spain,EU,BHOLabs,0.62595486 ฿($)Original  140.00 $,abraxas
5 Grams Medical BHO ~ Amnesia Haze + Critical 2.0 ~ Lab Extracted,"Laboratory extracted BHO, from Amnesia indoor grown + Critical 2.0 greenhouse organic cannabis strain 50%/50% bud mix, freely shipped in silicone container. This is the highest quality BHO, high in THC, solvent and impurities free, and has a distinct fragrance and pleasant aroma. Can be smoked, safely ingested or vaporised. It is stable at room temperature.

This IS one of a kind, our very little experiment! VERY limited supply.

Our BHO production starts with an especially selected cannabis strain, checked for bugs or other impurities, which we first keep in the dehumidification chamber for 24 hours, after which the production process starts, involving sterile tools and high quality borosilicate glass extractors, fresh premium grade butane is used every time in an open-loop system, we never re-use the gas, no plastic tools are used at any time of the process, and in the final phase concentrates are purged for 72 hours in a pressure and temperature controlled lab vacuum chamber.
Starting with the present batch, we will only process the buds of the selected cannabis strain, by selecting and discarding from start all trim/leaf from the process in order to achieve great improvement in overall purity combined with lower sediment ratios, better structure and color, results obtained when all leaf material is discarded.
So in the quest to further purify our product we will not use any leaf/trim, this way making the BHO even more sterile and safer for ingestion while more effective when its used for medical purposes, and not the least, this method greatly improves taste, and overall THC concentration in the final product, and this is also the explanation for the slight but necessary price increase.
We also lowered the temperature during the whole process, and we are able to produce the BHO without any heat application, now temperature during the whole process is never higher than ambient temperature (22-26C).
These standards allow us to achieve a truly medical grade BHO, which we are proudly presenting to our customers.

FREE GIFT: A silicone container for all BHO orders.

Shipping: Max 24 hours after receiving the order, usually same day (except weekends and holidays).

PAYMENT: Escrow is available. For more details about this and our business, please visit the about page.

Happy Shopping!",Spain,EU,BHOLabs,0.89422123 ฿($)Original  200.00 $,abraxas
5 Grams Medical Grade BHO ~ Laboratory Extracted ~ Free Shipping,"Laboratory extracted BHO, from White Widow greenhouse organic cannabis strain, freely shipped in silicone container. This is the highest quality BHO, high in THC, solvent and impurities free, and has a distinct fragrance and pleasant aroma. Can be smoked, safely ingested or vaporised. It is stable at room temperature.

The extraction process starts by keeping the weed in the dehumidification chamber for 24 hours, after which the  production process starts, involving sterile tools and high quality borosilicate glass extractors, clean premium grade butane is used everytime in an open-loop system, no plastic tools are used at any time of the process, and in the final phase concentrates are purged for 72 hours in a lab vacuum chamber, temperatures are always kept at a steady 45C during the entire process. These standards allow us to achieve a truly medical grade BHO, which we are proudly presenting to our customers.

FREE GIFT: A silicone container for all BHO orders.

Shipping: Max 24 hours after receiving the order, usually same day (except weekends and holidays).

For more details about us, please visit the about page.",Spain,Worldwide (Except USA-CA/AU-NZ),BHOLabs,0.65559097 ฿($)Original  150.00 $,abraxas
5 Grams Medical Grade BHO ~ White Widow ~ Lab Extracted ~ Free EU Shipping ~,"Laboratory extracted BHO, from White Widow greenhouse organic cannabis strain, freely shipped in silicone container. This is the highest quality BHO, high in THC, solvent and impurities free, and has a distinct fragrance and pleasant aroma. Can be smoked, safely ingested or vaporised. It is stable at room temperature.

The extraction process starts by keeping the weed in the dehumidification chamber for 24 hours, after which the production process starts, involving sterile tools and high quality borosilicate glass extractors, clean premium grade butane is used everytime in an open-loop system, no plastic tools are used at any time of the process, and in the final phase concentrates are purged for 72 hours in a lab vacuum chamber, temperatures are always kept at a steady 45C during the entire process.
These standards allow us to achieve a truly medical grade BHO, which we are proudly presenting to our customers.

FREE GIFT: A silicone container for all BHO orders.

Shipping: Max 24 hours after receiving the order, usually same day (except weekends and holidays).

PAYMENT: Escrow is available. For more details about this and our business, please visit the about page.

Happy Shopping!",Spain,EU,BHOLabs,0.57125360 ฿($)Original  125.00 $,abraxas
5 Grams Medical Grade BHO ~ White Widow ~ Lab Extracted ~ Free EU Shipping ~,"*RESERVED FOR USER 999SOLDIER* 

Laboratory extracted BHO, from White Widow greenhouse organic cannabis strain, freely shipped in silicone container. This is the highest quality BHO, high in THC, solvent and impurities free, and has a distinct fragrance and pleasant aroma. Can be smoked, safely ingested or vaporised. It is stable at room temperature.

Our BHO production starts with an especially selected cannabis strain, checked for bugs or other impurities, which we first keep in the dehumidification chamber for 24 hours, after which the production process starts, involving sterile tools and high quality borosilicate glass extractors, fresh premium grade butane is used every time in an open-loop system, we never re-use the gas, no plastic tools are used at any time of the process, and in the final phase concentrates are purged for 72 hours in a pressure and temperature controlled lab vacuum chamber, temperatures are always kept at a steady 45C during the entire process. These standards allow us to achieve a truly medical grade BHO, which we are proudly presenting to our customers.

FREE GIFT: A silicone container for all BHO orders.

Shipping: Max 24 hours after receiving the order, usually same day (except weekends and holidays).

PAYMENT: Escrow is available. For more details about this and our business, please visit the about page.

Happy Shopping!",Spain,EU,BHOLabs,0.52131838 ฿($)Original  125.00 $,abraxas
5 Grams Medical Grade BHO ~ White Widow ~ Lab Extracted ~ Worldwide ~,"Laboratory extracted BHO, from White Widow greenhouse organic cannabis strain, shipped in silicone container. This is the highest quality BHO, high in THC, solvent and impurities free, and has a distinct fragrance and pleasant aroma. Can be smoked, safely ingested or vaporised. It is stable at room temperature.

The extraction process starts by keeping the weed in the dehumidification chamber for 24 hours, after which the production process starts, involving sterile tools and high quality borosilicate glass extractors, clean premium grade butane is used everytime in an open-loop system, no plastic tools are used at any time of the process, and in the final phase concentrates are purged for 72 hours in a lab vacuum chamber, temperatures are always kept at a steady 45C during the entire process.
These standards allow us to achieve a truly medical grade BHO, which we are proudly presenting to our customers.

FREE GIFT: A silicone container for all BHO orders.

Shipping: Max 24 hours after receiving the order, usually same day (except weekends and holidays).

PAYMENT: Escrow is available. For more details about this and our business, please visit the about page.

Happy Shopping!",Spain,Worldwide,BHOLabs,0.57125360 ฿($)Original  125.00 $,abraxas
1000x Heineken 240mg MDMA pills | FINALIZE EARLY,"########################################
BULLSEYE AAA+ quality 1000x 240 mg MDMA pills FE listing

!!!! NINJA STEALTH SHIPMENT OPTION AVAILABLE!!!!!
########################################


we proudly present you 240mg MDMA pillls made of clean white crystal MDMA.",Germany,WORLDWIDE,BULLSEYE,9.55420495 ฿($)Original  2300.00 $,abraxas
100g 84% MDMA crystal | FINALIZE EARLY,"#########################################
BULLSEYE AAA+ quality 100g 84% MDMA crystal FE listing
#########################################


we proudly present you a actual batch of badass mdma with 84% purity. this will rock you the whole night without any negative sideeffects for sure ;)",Germany,WORLDWIDE,BULLSEYE,5.24275361 ฿($)Original  1300.00 $,abraxas
100g 84% MDMA crystal | FINALIZE EARLY,"#########################################
BULLSEYE AAA+ quality 100g 84% MDMA crystal FE listing

!!!! NINJA STEALTH SHIPMENT OPTION AVAILABLE!!!!!
#########################################


we proudly present you a actual batch of badass mdma with 84% purity. this will rock you the whole night without any negative sideeffects for sure ;)",Germany,WORLDWIDE,BULLSEYE,4.15162102 ฿($)Original  999.00 $,abraxas
100g Ketama Rif Hash | FINALIZE EARLY,"########################################
BULLSEYE AAA+ coffeeshop quality 100g Ketama Rif Hash FE listing
########################################


this is our new special hash. The Hash comes directly from the source at the rif mountains!

COLOR : light brown
TASTE : spicy + light mint
STONE LEVEL 5/5",Germany,WORLDWIDE,BULLSEYE,3.63475188 ฿($)Original  875.00 $,abraxas
100g R-Ketamin | FINALIZE EARLY,"#########################################
BULLSEYE AAA+ quality 100g Premium R-Ketamin FE listing
#########################################


we proudly present you the current batch of our R-Ketamin!",Germany,WORLDWIDE,BULLSEYE,12.09745711 ฿($)Original  3000.00 $,abraxas
100g R-Ketamin | FINALIZE EARLY,"#########################################
BULLSEYE AAA+ quality 100g Premium R-Ketamin FE listing

!!!! NINJA STEALTH SHIPMENT OPTION AVAILABLE!!!!!

#########################################


we proudly present you the current batch of our R-Ketamin!",Germany,WORLDWIDE,BULLSEYE,9.54596882 ฿($)Original  2300.00 $,abraxas
10g 84% MDMA crystal | FINALIZE EARLY,"#########################################
BULLSEYE AAA+ quality 10g 84% MDMA crystal FE listing
#########################################


we proudly present you a actual batch of badass mdma with 84% purity. this will rock you the whole night without any negative sideeffects for sure ;)",Germany,WORLDWIDE,BULLSEYE,0.72591973 ฿($)Original  180.00 $,abraxas
10g AMNESIA HAZE | FINALIZE EARLY,"########################################
BULLSEYE AAA+ quality 10g AMNESIA HAZE
########################################


This Amnesia Haze is the real deal. If you dont smoke daily be careful with this weed, it will let you forget about everything ;)

Amnesia Haze is the name of two specific sets of genetics that are Sativa heavy, one bred by Soma Seeds and the other by First Medicinal Seeds. While both produce powerful cerebral effects, the line from Soma Seeds is reportedly near psychedelic and won the 2004 High Times Cannabis Cup. Neither strain is recommended for the amateur user but they impart intense euphoria that causes users to feel very happy. The Soma Seeds line specifically will sometimes make users feel lazy but both strains can spark a user’s creativity. Both strains also, however, succumb to the wiles of the average negative side-effects such as, dry mouth and eyes, paranoia, dizziness, anxiety and headaches.",Germany,WORLDWIDE,BULLSEYE,0.60947999 ฿($)Original  135.00 $,abraxas
10g Ketama Rif Hash | FINALIZE EARLY,"########################################
BULLSEYE AAA+ coffeeshop quality 10g Ketama Rif Hash FE listing
########################################


this is our new special hash. The Hash comes directly from the source at the rif mountains!

COLOR : light brown
TASTE : spicy + light mint
STONE LEVEL 5/5",Germany,WORLDWIDE,BULLSEYE,0.60947999 ฿($)Original  135.00 $,abraxas
10g R-Ketamin | FINALIZE EARLY,"#########################################
BULLSEYE AAA+ quality 10g Premium R-Ketamin FE listing
#########################################


we proudly present you the current batch of our R-Ketamin!",Germany,WORLDWIDE,BULLSEYE,1.93559314 ฿($)Original  480.00 $,abraxas
1kg 84% MDMA crystal | FINALIZE EARLY,"#########################################
BULLSEYE AAA+ quality 1kg 84% MDMA crystal FE listing
#########################################


we proudly present you a actual batch of badass mdma with 84% purity. this will rock you the whole night without any negative sideeffects for sure ;)",Germany,WORLDWIDE,BULLSEYE,34.27612849 ฿($)Original  8500.00 $,abraxas
1kg Ketama Rif Hash | FINALIZE EARLY,"########################################
BULLSEYE AAA+ coffeeshop quality 1kg Ketama Rif Hash FE listing

!!!! NINJA STEALTH SHIPMENT OPTION AVAILABLE!!!!!
########################################


this is our new special hash. The Hash comes directly from the source at the rif mountains!

COLOR : light brown
TASTE : spicy + light mint
STONE LEVEL 5/5",Germany,WORLDWIDE,BULLSEYE,24.42553266 ฿($)Original  5880.00 $,abraxas
1kg R-Ketamin | FINALIZE EARLY,"#########################################
BULLSEYE AAA+ quality 1kg Premium R-Ketamin FE listing
#########################################


we proudly present you the current batch of our R-Ketamin!",Germany,WORLDWIDE,BULLSEYE,72.58474269 ฿($)Original  18000.00 $,abraxas
1kg R-Ketamin | FINALIZE EARLY,"#########################################
BULLSEYE AAA+ quality 1kg Premium R-Ketamin FE listing

!!!! NINJA STEALTH SHIPMENT OPTION AVAILABLE!!!!!

#########################################


we proudly present you the current batch of our R-Ketamin!",Germany,WORLDWIDE,BULLSEYE,62.25631839 ฿($)Original  15000.00 $,abraxas
2.5g 84% MDMA crystal | FINALIZE EARLY,"#########################################
BULLSEYE AAA+ quality 2.5g 84% MDMA crystal FE listing
#########################################


we proudly present you a actual batch of badass mdma with 84% purity. this will rock you the whole night without any negative sideeffects for sure ;)",Germany,WORLDWIDE,BULLSEYE,0.24197324 ฿($)Original  60.00 $,abraxas
2.5g R-Ketamin | FINALIZE EARLY,"#########################################
BULLSEYE AAA+ quality 2.5g Premium R-Ketamin FE listing
#########################################


we proudly present you the current batch of our R-Ketamin!",Germany,WORLDWIDE,BULLSEYE,0.58471043 ฿($)Original  145.00 $,abraxas
250g 84% MDMA crystal | FINALIZE EARLY,"#########################################
BULLSEYE AAA+ quality 250g 84% MDMA crystal FE listing
#########################################


we proudly present you a actual batch of badass mdma with 84% purity. this will rock you the whole night without any negative sideeffects for sure ;)",Germany,WORLDWIDE,BULLSEYE,11.08933569 ฿($)Original  2750.00 $,abraxas
250g Ketama Rif Hash | FINALIZE EARLY,"########################################
BULLSEYE AAA+ coffeeshop quality 100g Ketama Rif Hash FE listing

!!!! NINJA STEALTH SHIPMENT OPTION AVAILABLE!!!!!
########################################


this is our new special hash. The Hash comes directly from the source at the rif mountains!

COLOR : light brown
TASTE : spicy + light mint
STONE LEVEL 5/5",Germany,WORLDWIDE,BULLSEYE,8.14184422 ฿($)Original  1960.00 $,abraxas
250g R-Ketamin | FINALIZE EARLY,"#########################################
BULLSEYE AAA+ quality 250g Premium R-Ketamin FE listing
#########################################


we proudly present you the current batch of our R-Ketamin!",Germany,WORLDWIDE,BULLSEYE,26.21115708 ฿($)Original  6500.00 $,abraxas
250g R-Ketamin | FINALIZE EARLY,"#########################################
BULLSEYE AAA+ quality 250g Premium R-Ketamin FE listing

!!!! NINJA STEALTH SHIPMENT OPTION AVAILABLE!!!!!
#########################################


we proudly present you the current batch of our R-Ketamin!",Germany,WORLDWIDE,BULLSEYE,20.75210613 ฿($)Original  5000.00 $,abraxas
25g 84% MDMA crystal | FINALIZE EARLY,"#########################################
BULLSEYE AAA+ quality 25g 84% MDMA crystal FE listing
#########################################


we proudly present you a actual batch of badass mdma with 84% purity. this will rock you the whole night without any negative sideeffects for sure ;)",Germany,WORLDWIDE,BULLSEYE,1.71397714 ฿($)Original  425.00 $,abraxas
25g Ketama Rif Hash | FINALIZE EARLY,"########################################
BULLSEYE AAA+ coffeeshop quality 25g Ketama Rif Hash FE listing
########################################


this is our new special hash. The Hash comes directly from the source at the rif mountains!

COLOR : light brown
TASTE : spicy + light mint
STONE LEVEL 5/5",Germany,WORLDWIDE,BULLSEYE,1.16312060 ฿($)Original  280.00 $,abraxas
25g R-Ketamin | FINALIZE EARLY,"#########################################
BULLSEYE AAA+ quality 25g Premium R-Ketamin FE listing
#########################################


we proudly present you the current batch of our R-Ketamin!",Germany,WORLDWIDE,BULLSEYE,4.03248570 ฿($)Original  1000.00 $,abraxas
500g 84% MDMA crystal | FINALIZE EARLY,"#########################################
BULLSEYE AAA+ quality 500g 84% MDMA crystal FE listing
#########################################


we proudly present you a actual batch of badass mdma with 84% purity. this will rock you the whole night without any negative sideeffects for sure ;)",Germany,WORLDWIDE,BULLSEYE,19.15430710 ฿($)Original  4750.00 $,abraxas
500g Ketama Rif Hash | FINALIZE EARLY,"########################################
BULLSEYE AAA+ coffeeshop quality 100g Ketama Rif Hash FE listing

!!!! NINJA STEALTH SHIPMENT OPTION AVAILABLE!!!!!
########################################


this is our new special hash. The Hash comes directly from the source at the rif mountains!

COLOR : light brown
TASTE : spicy + light mint
STONE LEVEL 5/5",Germany,WORLDWIDE,BULLSEYE,14.12360732 ฿($)Original  3400.00 $,abraxas
500g R-Ketamin | FINALIZE EARLY,"#########################################
BULLSEYE AAA+ quality 500g Premium R-Ketamin FE listing
#########################################


we proudly present you the current batch of our R-Ketamin!",Germany,WORLDWIDE,BULLSEYE,44.35734275 ฿($)Original  11000.00 $,abraxas
500g R-Ketamin | FINALIZE EARLY,"#########################################
BULLSEYE AAA+ quality 500g Premium R-Ketamin FE listing

!!!! NINJA STEALTH SHIPMENT OPTION AVAILABLE!!!!!

#########################################


we proudly present you the current batch of our R-Ketamin!",Germany,WORLDWIDE,BULLSEYE,37.35379104 ฿($)Original  9000.00 $,abraxas
50g 84% MDMA crystal | FINALIZE EARLY,"#########################################
BULLSEYE AAA+ quality 50g 84% MDMA crystal FE listing
#########################################


we proudly present you a actual batch of badass mdma with 84% purity. this will rock you the whole night without any negative sideeffects for sure ;)",Germany,WORLDWIDE,BULLSEYE,3.02466554 ฿($)Original  750.00 $,abraxas
50g Ketama Rif Hash | FINALIZE EARLY,"########################################
BULLSEYE AAA+ coffeeshop quality 50g Ketama Rif Hash FE listing
########################################


this is our new special hash. The Hash comes directly from the source at the rif mountains!

COLOR : light brown
TASTE : spicy + light mint
STONE LEVEL 5/5",Germany,WORLDWIDE,BULLSEYE,1.99392103 ฿($)Original  480.00 $,abraxas
50g R-Ketamin | FINALIZE EARLY,"#########################################
BULLSEYE AAA+ quality 50g Premium R-Ketamin FE listing
#########################################


we proudly present you the current batch of our R-Ketamin!",Germany,WORLDWIDE,BULLSEYE,7.25847427 ฿($)Original  1800.00 $,abraxas
50g R-Ketamin | FINALIZE EARLY,"#########################################
BULLSEYE AAA+ quality 100g Premium R-Ketamin FE listing
#########################################


we proudly present you the current batch of our R-Ketamin!",Germany,WORLDWIDE,BULLSEYE,12.09745711 ฿($)Original  3000.00 $,abraxas
50g R-Ketamin | FINALIZE EARLY,"#########################################
BULLSEYE AAA+ quality 50g Premium R-Ketamin FE listing

!!!! NINJA STEALTH SHIPMENT OPTION AVAILABLE!!!!!

#########################################


we proudly present you the current batch of our R-Ketamin!",Germany,WORLDWIDE,BULLSEYE,5.81058972 ฿($)Original  1400.00 $,abraxas
5g 84% MDMA crystal | FINALIZE EARLY,"#########################################
BULLSEYE AAA+ quality 5g 84% MDMA crystal FE listing
#########################################


we proudly present you a actual batch of badass mdma with 84% purity. this will rock you the whole night without any negative sideeffects for sure ;)",Germany,WORLDWIDE,BULLSEYE,0.40328874 ฿($)Original  100.00 $,abraxas
5g AMNESIA HAZE | FINALIZE EARLY,"########################################
BULLSEYE AAA+ quality 5g AMNESIA HAZE
########################################


This Amnesia Haze is the real deal. If you dont smoke daily be careful with this weed, it will let you forget about everything ;)

Amnesia Haze is the name of two specific sets of genetics that are Sativa heavy, one bred by Soma Seeds and the other by First Medicinal Seeds. While both produce powerful cerebral effects, the line from Soma Seeds is reportedly near psychedelic and won the 2004 High Times Cannabis Cup. Neither strain is recommended for the amateur user but they impart intense euphoria that causes users to feel very happy. The Soma Seeds line specifically will sometimes make users feel lazy but both strains can spark a user’s creativity. Both strains also, however, succumb to the wiles of the average negative side-effects such as, dry mouth and eyes, paranoia, dizziness, anxiety and headaches.",Germany,WORLDWIDE,BULLSEYE,0.33859999 ฿($)Original  75.00 $,abraxas
5g Ketama Rif Hash | FINALIZE EARLY,"########################################
BULLSEYE AAA+ coffeeshop quality 5g Ketama Rif Hash FE listing
########################################


this is our new special hash. The Hash comes directly from the source at the rif mountains!

COLOR : light brown
TASTE : spicy + light mint
STONE LEVEL 5/5",Germany,WORLDWIDE,BULLSEYE,0.33859999 ฿($)Original  75.00 $,abraxas
5g R-Ketamin | FINALIZE EARLY,"#########################################
BULLSEYE AAA+ quality 5g Premium R-Ketamin FE listing
#########################################


we proudly present you the current batch of our R-Ketamin!",Germany,WORLDWIDE,BULLSEYE,1.02828385 ฿($)Original  255.00 $,abraxas
0.5g Royal AK Sample including FREE Delivery!,"Try a 0.5g sample of Royal AK for just £5.99 (FE) Including FREE next day delivery!

Test out our service for just a few quid. Limited to one per-customer please.

Very pungent and familiar smell when smoked. Nice dry cure on this batch.

Cross of the classic AK 47 and the world famous White Widow. Sativa dominant strain, which is evident in the size and shape of the bud.

Don't forget: all orders placed before 2pm will be despatched same day!


B.O.W.UK",United Kingdom,United Kingdom,BagOfWeedUK,0.04021557 ฿(£)Original  5.99 £,abraxas
10 tube's of GHB 4ml HIGH Dutch Quallity FREE Shipping *PROMO*,"10 x 4ML HIGH Quallity GHB *PROMO* FREE Shipping!
*PROMO* 4ml High Quallity Dutch Grade GHB.
We are THE Biggest Supplier of GHB in The Netherlands!
We bring to you our Finnest product.
Liquid XTC...
It makes you and your partner Horny and you just KEEP ON GOING!!!
4ml is 1 portion for a average man.
1 portion for a average size woman is about 3ml.
FREE SHIPPING *PROMO*",,,-BIGG-BALLs-,0.06260016 BTC,agora
100gram crystalised GHB **FREE SHIPPING**escrow,"100gram of Supreme DUTCH Quality crystalised GHB. a.k.a. liquid XTC
We are The #1 seller of GHB in The Netherlands.
Sins the demand for GHB is only just starting to develop , we want to take this opportunity to establish our position in becomming The #1 seller WORLD WIDE!
We hope to stimulate you to start promoting this accellent product.
One of the bennefits of GHB over alcohol for instant is that there is NO HANGOVER!
The SEX is MINDBLOWING!!!
One of the few things that is proven to work on woman!!!
The level of horniness absurd!
Plus your body absorbs the ""G"" in less than 10 hours and by doing so , it has a POSITIVE affect on your Growth hormone.
Thats one of the reasons bodybuilders LOVE it!
These are just some of the many reasons people in Holland are ""in love"" with this product!
We hope that our ""good deed"" does not go unpunished.
Long story short:
Buy , try , Love!
Tags
ghb, sex, liquid xtc, xtc, x, love, gbl",,,-BIGG-BALLs-,0.07022471 BTC,agora
100ml Liquid GHB **Best Price Guarantee** escrow,"100ml of Supreme DUTCH Quality liquid GHB. a.k.a. liquid XTC
We are The #1 seller of GHB in The Netherlands.
Sins the demand for GHB is only just starting to develop , we want to take this opportunity to establish our position in becomming The #1 seller WORLD WIDE!
Best Price Guarantee!
We hope to stimulate you to start promoting this accellent product.
One of the bennefits of GHB over alcohol for instant is that there is NO HANGOVER!
The SEX is MINDBLOWING!!!
One of the few things that is proven to work on woman!!!
The level of horniness is ABSURD!
Plus your body absorbs the ""G"" in less than 10 hours and by doing so , it has a POSITIVE affect on your Growth hormone.
Thats one of the reasons bodybuilders LOVE it!
These are just some of the many reasons people in Holland are ""in love"" with this product!
We hope that our ""good deed"" does not go unpunished.
Long story short:
Buy , try , Love!",,,-BIGG-BALLs-,0.07724719 BTC,agora
50gram crystalised GHB **FREE SHIPPING**escrow,"50gram of Supreme DUTCH Quality crystalised GHB. a.k.a. liquid XTC
We are The #1 seller of GHB in The Netherlands.
Sins the demand for GHB is only just starting to develop , we want to take this opportunity to establish our position in becomming The #1 seller WORLD WIDE!
We hope to stimulate you to start promoting this accellent product.
One of the bennefits of GHB over alcohol for instant is that there is NO HANGOVER!
The SEX is MINDBLOWING!!!
One of the few things that is proven to work on woman!!!
The level of horniness absurd!
Plus your body absorbs the ""G"" in less than 10 hours and by doing so , it has a POSITIVE affect on your Growth hormone.
Thats one of the reasons bodybuilders LOVE it!
These are just some of the many reasons people in Holland are ""in love"" with this product!
We hope that our ""good deed"" does not go unpunished.
Long story short:
Buy , try , Love!
Tags
ghb, sex, liquid xtc, xtc, x, love, gbl",,,-BIGG-BALLs-,0.07022471 BTC,agora
50ml Liquid GHB **Best Price Guarantee** escrow,"50ml of Supreme DUTCH Quality liquid GHB. a.k.a. liquid XTC
We are The #1 seller of GHB in The Netherlands.
Sins the demand for GHB is only just starting to develop , we want to take this opportunity to establish our position in becomming The #1 seller WORLD WIDE!
Best Price Guarantee!
We hope to stimulate you to start promoting this accellent product.
One of the bennefits of GHB over alcohol for instant is that there is NO HANGOVER!
The SEX is MINDBLOWING!!!
One of the few things that is proven to work on woman!!!
The level of horniness is ABSURD!
Plus your body absorbs the ""G"" in less than 10 hours and by doing so , it has a POSITIVE affect on your Growth hormone.
Thats one of the reasons bodybuilders LOVE it!
These are just some of the many reasons people in Holland are ""in love"" with this product!
We hope that our ""good deed"" does not go unpunished.
Long story short:
Buy , try , Love!",,,-BIGG-BALLs-,0.04915730 BTC,agora
Clonazepam 10x2mg ORIGINAL ROCHE *PROMO*,"10tabs of ORIGINAL Rivotril 2 mg pills, 
made by Roche.
a.k.a. ""THE CHILL PILL""
PROMO ACTION!!!
Expiry date of these pills: 12/2017",,,-BIGG-BALLs-,0.03000000 BTC,agora
GHB 4ml HIGH Dutch Quallity FREE Shipping *PROMO*,"4ML HIGH Quallity GHB *PROMO* FREE Shipping!
*PROMO* 4ml High Quallity Dutch Grade GHB.
We are THE Biggest Supplier of GHB in The Netherlands!
We bring to you our Finnest product.
Liquid XTC...
It makes you and your partner Horny and you just KEEP ON GOING!!!
4ml is 1 portion for a average man.
1 portion for a average size woman is about 3ml.
FREE SHIPPING *PROMO*
MAX. 1 per Customer!",,,-BIGG-BALLs-,0.00626001 BTC,agora
100x Lego Pills 200-220 mg,"Please read our profile before ordering, by ordering you agree to our terms.
The creators of the amazing Heineke, Gold Bars UPS and the Red Bugattis have a new pill named Orange Lego.
It's a very nice pill that comes from a clean press and by all means the same quality as before can be expected from this new one.
We have the first batch of this excellent new pill and the strenght is outstanding. It's been tested for 200/220 mg Clean MDMA so be carefull with this pill!! 
Pillreport: http://www.pillreports.net/index.php?page=display_pill&id=34551
For now we will ship this in the quantities of 10, 25, 50, 100 and 250. If you want to buy more please contact us.
If you have any other questions, feel free to contact us! We are here to help you!",,,-Euphoria-,1.32489399 BTC,agora
100x Pink Paul Frank Pills 210-220 mg,"Please read our profile before ordering, by ordering you agree to our terms.
The Pink Paul Frank are from the famous Q-Dance, Defqon, Partyflock, Heineken and UPS producers from The Netherlands
It's a very nice pill that comes from a clean press and by all means the same quality as other pills like the UPS and Heineken can be expected from this new one.
We have the first batch of this excellent new pill and the strenght is outstanding. It's been tested for 210/220 mg Clean MDMA so be carefull with this pill!! 
Pillreport: http://www.pillreports.net/index.php?page=display_pill&id=34815
For now we will ship this in the quantities of 10, 25, 50, 100. If you want to buy more please contact us.
If you have any other questions, feel free to contact us! We are here to help you!",,,-Euphoria-,1.40918114 BTC,agora
100x Tesla Pills 200+ mg,"Please read our profile before ordering, by ordering you agree to our terms.
The blue tesla's are from a new dutch crew they are very strong and nice!
It's a very nice pill that comes from a clean press and by all means the same quality as other pills like the orange lego can be expected from this new one.
We have the first batch of this excellent new pill and the strenght is outstanding. It's been tested for 200/220 mg Clean MDMA so be carefull with this pill!! 
Pillreport: http://www.pillreports.net/index.php?page=display_pill&id=34704
For now we will ship this in the quantities of 10, 25, 50, 100. If you want to buy more please contact us.
If you have any other questions, feel free to contact us! We are here to help you!",,,-Euphoria-,1.49866903 BTC,agora
10x Lego Pills 200-220 mg,"Please read our profile before ordering, by ordering you agree to our terms.
The creators of the amazing Heineke, Gold Bars UPS and the Red Bugattis have a new pill named Orange Lego.
It's a very nice pill that comes from a clean press and by all means the same quality as before can be expected from this new one.
We have the first batch of this excellent new pill and the strenght is outstanding. It's been tested for 200/220 mg Clean MDMA so be carefull with this pill!! 
Pillreport: http://www.pillreports.net/index.php?page=display_pill&id=34551
For now we will ship this in the quantities of 10, 25, 50, 100 and 250. If you want to buy more please contact us.
If you have any other questions, feel free to contact us! We are here to help you!",,,-Euphoria-,0.26487176 BTC,agora
10x Pink Paul Frank Pills 210-220 mg,"Please read our profile before ordering, by ordering you agree to our terms.
The Pink Paul Frank are from the famous Q-Dance, Defqon, Partyflock, Heineken and UPS producers from The Netherlands
It's a very nice pill that comes from a clean press and by all means the same quality as other pills like the UPS and Heineken can be expected from this new one.
We have the first batch of this excellent new pill and the strenght is outstanding. It's been tested for 210/220 mg Clean MDMA so be carefull with this pill!! 
Pillreport: http://www.pillreports.net/index.php?page=display_pill&id=34815
For now we will ship this in the quantities of 10, 25, 50, 100. If you want to buy more please contact us.
If you have any other questions, feel free to contact us! We are here to help you!",,,-Euphoria-,0.27899764 BTC,agora
10x Tesla Pills 200+ mg,"Please read our profile before ordering, by ordering you agree to our terms.
The blue tesla's are from a new dutch crew they are very strong and nice!
It's a very nice pill that comes from a clean press and by all means the same quality as other pills like the orange lego can be expected from this new one.
We have the first batch of this excellent new pill and the strenght is outstanding. It's been tested for 200/220 mg Clean MDMA so be carefull with this pill!! 
Pillreport: http://www.pillreports.net/index.php?page=display_pill&id=34704
For now we will ship this in the quantities of 10, 25, 50, 100. If you want to buy more please contact us.
If you have any other questions, feel free to contact us! We are here to help you!",,,-Euphoria-,0.27310157 BTC,agora
250x Lego Pills 200-220 mg,"Please read our profile before ordering, by ordering you agree to our terms.
The creators of the amazing Heineke, Gold Bars UPS and the Red Bugattis have a new pill named Orange Lego.
It's a very nice pill that comes from a clean press and by all means the same quality as before can be expected from this new one.
We have the first batch of this excellent new pill and the strenght is outstanding. It's been tested for 200/220 mg Clean MDMA so be carefull with this pill!! 
Pillreport: http://www.pillreports.net/index.php?page=display_pill&id=34551
For now we will ship this in the quantities of 10, 25, 50, 100 and 250. If you want to buy more please contact us.
If you have any other questions, feel free to contact us! We are here to help you!",,,-Euphoria-,3.26206072 BTC,agora
25x Lego Pills 200-220 mg,"Please read our profile before ordering, by ordering you agree to our terms.
The creators of the amazing Heineke, Gold Bars UPS and the Red Bugattis have a new pill named Orange Lego.
It's a very nice pill that comes from a clean press and by all means the same quality as before can be expected from this new one.
We have the first batch of this excellent new pill and the strenght is outstanding. It's been tested for 200/220 mg Clean MDMA so be carefull with this pill!! 
Pillreport: http://www.pillreports.net/index.php?page=display_pill&id=34551
For now we will ship this in the quantities of 10, 25, 50, 100 and 250. If you want to buy more please contact us.
If you have any other questions, feel free to contact us! We are here to help you!",,,-Euphoria-,0.45527952 BTC,agora
25x Pink Paul Frank Pills 210-220 mg,"Please read our profile before ordering, by ordering you agree to our terms.
The Pink Paul Frank are from the famous Q-Dance, Defqon, Partyflock, Heineken and UPS producers from The Netherlands
It's a very nice pill that comes from a clean press and by all means the same quality as other pills like the UPS and Heineken can be expected from this new one.
We have the first batch of this excellent new pill and the strenght is outstanding. It's been tested for 210/220 mg Clean MDMA so be carefull with this pill!! 
Pillreport: http://www.pillreports.net/index.php?page=display_pill&id=34815
For now we will ship this in the quantities of 10, 25, 50, 100. If you want to buy more please contact us.
If you have any other questions, feel free to contact us! We are here to help you!",,,-Euphoria-,0.47897283 BTC,agora
25x Tesla Pills 200+ mg,"Please read our profile before ordering, by ordering you agree to our terms.
The blue tesla's are from a new dutch crew they are very strong and nice!
It's a very nice pill that comes from a clean press and by all means the same quality as other pills like the orange lego can be expected from this new one.
We have the first batch of this excellent new pill and the strenght is outstanding. It's been tested for 200/220 mg Clean MDMA so be carefull with this pill!! 
Pillreport: http://www.pillreports.net/index.php?page=display_pill&id=34704
For now we will ship this in the quantities of 10, 25, 50, 100. If you want to buy more please contact us.
If you have any other questions, feel free to contact us! We are here to help you!",,,-Euphoria-,0.50953859 BTC,agora
50x Lego Pills 200-220 mg,"Please read our profile before ordering, by ordering you agree to our terms.
The creators of the amazing Heineke, Gold Bars UPS and the Red Bugattis have a new pill named Orange Lego.
It's a very nice pill that comes from a clean press and by all means the same quality as before can be expected from this new one.
We have the first batch of this excellent new pill and the strenght is outstanding. It's been tested for 200/220 mg Clean MDMA so be carefull with this pill!! 
Pillreport: http://www.pillreports.net/index.php?page=display_pill&id=34551
For now we will ship this in the quantities of 10, 25, 50, 100 and 250. If you want to buy more please contact us.
If you have any other questions, feel free to contact us! We are here to help you!",,,-Euphoria-,0.74251225 BTC,agora
50x Pink Paul Frank Pills 210-220 mg,"Please read our profile before ordering, by ordering you agree to our terms.
The Pink Paul Frank are from the famous Q-Dance, Defqon, Partyflock, Heineken and UPS producers from The Netherlands
It's a very nice pill that comes from a clean press and by all means the same quality as other pills like the UPS and Heineken can be expected from this new one.
We have the first batch of this excellent new pill and the strenght is outstanding. It's been tested for 210/220 mg Clean MDMA so be carefull with this pill!! 
Pillreport: http://www.pillreports.net/index.php?page=display_pill&id=34815
For now we will ship this in the quantities of 10, 25, 50, 100. If you want to buy more please contact us.
If you have any other questions, feel free to contact us! We are here to help you!",,,-Euphoria-,0.78047284 BTC,agora
50x Tesla Pills 200+ mg,"Please read our profile before ordering, by ordering you agree to our terms.
The blue tesla's are from a new dutch crew they are very strong and nice!
It's a very nice pill that comes from a clean press and by all means the same quality as other pills like the orange lego can be expected from this new one.
We have the first batch of this excellent new pill and the strenght is outstanding. It's been tested for 200/220 mg Clean MDMA so be carefull with this pill!! 
Pillreport: http://www.pillreports.net/index.php?page=display_pill&id=34704
For now we will ship this in the quantities of 10, 25, 50, 100. If you want to buy more please contact us.
If you have any other questions, feel free to contact us! We are here to help you!",,,-Euphoria-,0.76501549 BTC,agora
10 X Brown Microdots Swiss Fluff 125 ug,"10 X Brown Microdots 125 ug
Crystal : Swiss Fluff 96% + LSD
Attributes: Very clean crystal, No body load, very organic OEV's/CEV's
Shipped USA to USA and USA to Canada only. Due to no buyer stats we will only do escrow for priority shipped orders with tracking. We have had 100% success with first class packs. All orders are shipped stealth.",USA,,-Inanna-,0.08834355 BTC,agora
100 X Brown Microdots Swiss Fluff 125 ug,"100 X Brown Microdots 125 ug
Crystal : Swiss Fluff 96% + LSD
Attributes: Very clean crystal, No body load, very organic OEV's/CEV's
Shipped USA to USA only. Due to no buyer stats we will only do escrow for priority shipped orders with tracking. We have had 100% success with first class packs. All orders are shipped stealth.",,,-Inanna-,0.74075903 BTC,agora
50 X Brown Microdots Swiss Fluff 125 ug,"50 X Brown Microdots 125 ug
Crystal : Swiss Fluff 96% + LSD
Attributes: Very clean crystal, No body load, very organic OEV's/CEV's
Shipped USA to USA and USA to Canada only. Due to no buyer stats we will only do escrow for priority shipped orders with tracking. We have had 100% success with first class packs. All orders are shipped stealth.",,,-Inanna-,0.37082818 BTC,agora
Uncut 10 Grams - BTH - Prime Quality,"~Price Reduced~
Our goods never touch domestic air until it's in our hands, and it's absolutely top quality 100% of the time. We've been dealing with heroin for a long time. You could consider us connoisseurs. We may be new here, but we're no strangers to the dope game. Our standards of quality are set reasonably high, and as such, we take the time to inspect and refuse all inferior shipments from our suppliers.
Our choice will always be quality over pushing a sub-par product. While dealing with us you will always receive the best customer service possible. We work with buyers to ensure peace of mind and a pleasant experience. If you have any questions or concerns, please contact us. 
Free shipping is guaranteed to ship in under 24 hrs. IF not you will receive appropriate compensation. 
Priority Mail
Please don't use fake names on addresses. That causes problems with delivery.
Use a name that regularly receives mail there.
Feedback:
No FE is required but always appreciated. If you ever have an issue please contact us before leaving feedback as we would much rather fix the issue than take a hit to our reputation.",,,-TarNation-,2.50319853 BTC,agora
Uncut 10 Grams - BTH - Prime Quality,"Our goods never touch domestic air until it's in our hands, and it's absolutely top quality 100% of the time. We've been dealing with heroin for a long time. You could consider us connoisseurs. We may be new here, but we're no strangers to the dope game. Our standards of quality are set reasonably high, and as such, we take the time to inspect and refuse all inferior shipments from our suppliers.
Our choice will always be quality over pushing a sub-par product. While dealing with us you will always receive the best customer service possible. We work with buyers to ensure peace of mind and a pleasant experience. If you have any questions or concerns, please contact us. 
Free shipping is guaranteed to ship in under 24 hrs. IF not you will receive appropriate compensation. 
Priority Mail
Please don't use fake names on addresses. That causes problems with delivery.
Use a name that regularly receives mail there.
Feedback:
No FE is required but always appreciated. If you ever have an issue please contact us before leaving feedback as we would much rather fix the issue than take a hit to our reputation.",,,-TarNation-,2.70725544 BTC,agora
Uncut 10 Grams - BTH - Prime Quality-FREE EXPRESS,"Our goods never touch domestic air until it's in our hands, and it's absolutely top quality 100% of the time. We've been dealing with heroin for a long time. You could consider us connoisseurs. We may be new here, but we're no strangers to the dope game. Our standards of quality are set reasonably high, and as such, we take the time to inspect and refuse all inferior shipments from our suppliers.
Our choice will always be quality over pushing a sub-par product. While dealing with us you will always receive the best customer service possible. We work with buyers to ensure peace of mind and a pleasant experience. If you have any questions or concerns, please contact us.
Free shipping is guaranteed to ship in under 24 hrs. IF not you will receive appropriate compensation.
Express
Or
Priority Mail
Please don't use fake names on addresses. That causes problems with delivery.
Use a name that regularly receives mail there.
Feedback:
No FE is required but always appreciated. If you ever have an issue please contact us before leaving feedback as we would much rather fix the issue than take a hit to our reputation.",,,-TarNation-,8.19112627 BTC,agora
Uncut 14 Grams - BTH - Prime Quality-FREE EXPRESS,"Our goods never touch domestic air until it's in our hands, and it's absolutely top quality 100% of the time. We've been dealing with heroin for a long time. You could consider us connoisseurs. We may be new here, but we're no strangers to the dope game. Our standards of quality are set reasonably high, and as such, we take the time to inspect and refuse all inferior shipments from our suppliers.
Our choice will always be quality over pushing a sub-par product. While dealing with us you will always receive the best customer service possible. We work with buyers to ensure peace of mind and a pleasant experience. If you have any questions or concerns, please contact us.
Free shipping is guaranteed to ship in under 24 hrs. IF not you will receive appropriate compensation.
Express
Or
Priority Mail
Please don't use fake names on addresses. That causes problems with delivery.
Use a name that regularly receives mail there.
Feedback:
No FE is required but always appreciated. If you ever have an issue please contact us before leaving feedback as we would much rather fix the issue than take a hit to our reputation.",,,-TarNation-,11.46757679 BTC,agora
Uncut 18 Grams - BTH - Prime Quality-FREE EXPRESS,"Our goods never touch domestic air until it's in our hands, and it's absolutely top quality 100% of the time. We've been dealing with heroin for a long time. You could consider us connoisseurs. We may be new here, but we're no strangers to the dope game. Our standards of quality are set reasonably high, and as such, we take the time to inspect and refuse all inferior shipments from our suppliers.
Our choice will always be quality over pushing a sub-par product. While dealing with us you will always receive the best customer service possible. We work with buyers to ensure peace of mind and a pleasant experience. If you have any questions or concerns, please contact us.
Free shipping is guaranteed to ship in under 24 hrs. IF not you will receive appropriate compensation.
Express
Or
Priority Mail
Please don't use fake names on addresses. That causes problems with delivery.
Use a name that regularly receives mail there.
Feedback:
No FE is required but always appreciated. If you ever have an issue please contact us before leaving feedback as we would much rather fix the issue than take a hit to our reputation.",,,-TarNation-,12.75490118 BTC,agora
Uncut 2 Grams - BTH - Prime Quality,"Our goods never touch domestic air until it's in our hands, and it's absolutely top quality 100% of the time. We've been dealing with heroin for a long time. You could consider us connoisseurs. We may be new here, but we're no strangers to the dope game. Our standards of quality are set reasonably high, and as such, we take the time to inspect and refuse all inferior shipments from our suppliers.
Our choice will always be quality over pushing a sub-par product. While dealing with us you will always receive the best customer service possible. We work with buyers to ensure peace of mind and a pleasant experience. If you have any questions or concerns, please contact us. 
Free shipping is guaranteed to ship in under 24 hrs. IF not you will receive appropriate compensation. 
Priority Mail
Please don't use fake names on addresses. That causes problems with delivery.
Use a name that regularly receives mail there.
Feedback:
No FE is required but always appreciated. If you ever have an issue please contact us before leaving feedback as we would much rather fix the issue than take a hit to our reputation.",,,-TarNation-,0.61382215 BTC,agora
Uncut 2 Grams - BTH - Prime Quality-Free Express,"Our goods never touch domestic air until it's in our hands, and it's absolutely top quality 100% of the time. We've been dealing with heroin for a long time. You could consider us connoisseurs. We may be new here, but we're no strangers to the dope game. Our standards of quality are set reasonably high, and as such, we take the time to inspect and refuse all inferior shipments from our suppliers.
Our choice will always be quality over pushing a sub-par product. While dealing with us you will always receive the best customer service possible. We work with buyers to ensure peace of mind and a pleasant experience. If you have any questions or concerns, please contact us. 
Free shipping is guaranteed to ship in under 24 hrs. IF not you will receive appropriate compensation. 
Express
Or
Priority Mail
Please don't use fake names on addresses. That causes problems with delivery.
Use a name that regularly receives mail there.
Feedback:
No FE is required but always appreciated. If you ever have an issue please contact us before leaving feedback as we would much rather fix the issue than take a hit to our reputation.",,,-TarNation-,1.57467915 BTC,agora
Uncut 24 Grams - BTH - Prime Quality-FREE EXPRESS,"Our goods never touch domestic air until it's in our hands, and it's absolutely top quality 100% of the time. We've been dealing with heroin for a long time. You could consider us connoisseurs. We may be new here, but we're no strangers to the dope game. Our standards of quality are set reasonably high, and as such, we take the time to inspect and refuse all inferior shipments from our suppliers.
Our choice will always be quality over pushing a sub-par product. While dealing with us you will always receive the best customer service possible. We work with buyers to ensure peace of mind and a pleasant experience. If you have any questions or concerns, please contact us.
Free shipping is guaranteed to ship in under 24 hrs. IF not you will receive appropriate compensation.
Express
Or
Priority Mail
Please don't use fake names on addresses. That causes problems with delivery.
Use a name that regularly receives mail there.
Feedback:
No FE is required but always appreciated. If you ever have an issue please contact us before leaving feedback as we would much rather fix the issue than take a hit to our reputation.",,,-TarNation-,16.30360943 BTC,agora
Uncut 3 Grams - BTH - Prime Quality,"Our goods never touch domestic air until it's in our hands, and it's absolutely top quality 100% of the time. We've been dealing with heroin for a long time. You could consider us connoisseurs. We may be new here, but we're no strangers to the dope game. Our standards of quality are set reasonably high, and as such, we take the time to inspect and refuse all inferior shipments from our suppliers.
Our choice will always be quality over pushing a sub-par product. While dealing with us you will always receive the best customer service possible. We work with buyers to ensure peace of mind and a pleasant experience. If you have any questions or concerns, please contact us. 
Free shipping is guaranteed to ship in under 24 hrs. IF not you will receive appropriate compensation. 
Priority Mail
Please don't use fake names on addresses. That causes problems with delivery.
Use a name that regularly receives mail there.
Feedback:
No FE is required but always appreciated. If you ever have an issue please contact us before leaving feedback as we would much rather fix the issue than take a hit to our reputation.",,,-TarNation-,0.86493122 BTC,agora
Uncut 3 Grams - BTH - Prime Quality,"~Price Reduced~
Our goods never touch domestic air until it's in our hands, and it's absolutely top quality 100% of the time. We've been dealing with heroin for a long time. You could consider us connoisseurs. We may be new here, but we're no strangers to the dope game. Our standards of quality are set reasonably high, and as such, we take the time to inspect and refuse all inferior shipments from our suppliers.
Our choice will always be quality over pushing a sub-par product. While dealing with us you will always receive the best customer service possible. We work with buyers to ensure peace of mind and a pleasant experience. If you have any questions or concerns, please contact us. 
Free shipping is guaranteed to ship in under 24 hrs. IF not you will receive appropriate compensation. 
Priority Mail
Please don't use fake names on addresses. That causes problems with delivery.
Use a name that regularly receives mail there.
Feedback:
No FE is required but always appreciated. If you ever have an issue please contact us before leaving feedback as we would much rather fix the issue than take a hit to our reputation.",,,-TarNation-,0.78636959 BTC,agora
Uncut 3 Grams - BTH - Prime Quality-Free Express,"~Price Reduced~
Our goods never touch domestic air until it's in our hands, and it's absolutely top quality 100% of the time. We've been dealing with heroin for a long time. You could consider us connoisseurs. We may be new here, but we're no strangers to the dope game. Our standards of quality are set reasonably high, and as such, we take the time to inspect and refuse all inferior shipments from our suppliers.
Our choice will always be quality over pushing a sub-par product. While dealing with us you will always receive the best customer service possible. We work with buyers to ensure peace of mind and a pleasant experience. If you have any questions or concerns, please contact us. 
Free shipping is guaranteed to ship in under 24 hrs. IF not you will receive appropriate compensation. 
Express
Or
Priority Mail
Please don't use fake names on addresses. That causes problems with delivery.
Use a name that regularly receives mail there.
Feedback:
No FE is required but always appreciated. If you ever have an issue please contact us before leaving feedback as we would much rather fix the issue than take a hit to our reputation.",,,-TarNation-,2.71726823 BTC,agora
Uncut 36 Grams - BTH - Prime Quality-FREE EXPRESS,"Our goods never touch domestic air until it's in our hands, and it's absolutely top quality 100% of the time. We've been dealing with heroin for a long time. You could consider us connoisseurs. We may be new here, but we're no strangers to the dope game. Our standards of quality are set reasonably high, and as such, we take the time to inspect and refuse all inferior shipments from our suppliers.
Our choice will always be quality over pushing a sub-par product. While dealing with us you will always receive the best customer service possible. We work with buyers to ensure peace of mind and a pleasant experience. If you have any questions or concerns, please contact us.
Free shipping is guaranteed to ship in under 24 hrs. IF not you will receive appropriate compensation.
Express
Or
Priority Mail
Please don't use fake names on addresses. That causes problems with delivery.
Use a name that regularly receives mail there.
Feedback:
No FE is required but always appreciated. If you ever have an issue please contact us before leaving feedback as we would much rather fix the issue than take a hit to our reputation.",,,-TarNation-,24.57337883 BTC,agora
Uncut 48 Grams - BTH - Prime Quality-FREE EXPRESS,"Our goods never touch domestic air until it's in our hands, and it's absolutely top quality 100% of the time. We've been dealing with heroin for a long time. You could consider us connoisseurs. We may be new here, but we're no strangers to the dope game. Our standards of quality are set reasonably high, and as such, we take the time to inspect and refuse all inferior shipments from our suppliers.
Our choice will always be quality over pushing a sub-par product. While dealing with us you will always receive the best customer service possible. We work with buyers to ensure peace of mind and a pleasant experience. If you have any questions or concerns, please contact us.
Free shipping is guaranteed to ship in under 24 hrs. IF not you will receive appropriate compensation.
Express
Or
Priority Mail
Please don't use fake names on addresses. That causes problems with delivery.
Use a name that regularly receives mail there.
Feedback:
No FE is required but always appreciated. If you ever have an issue please contact us before leaving feedback as we would much rather fix the issue than take a hit to our reputation.",,,-TarNation-,32.60721887 BTC,agora
Uncut 5 Grams - BTH - Prime Quality-Free Express,"Our goods never touch domestic air until it's in our hands, and it's absolutely top quality 100% of the time. We've been dealing with heroin for a long time. You could consider us connoisseurs. We may be new here, but we're no strangers to the dope game. Our standards of quality are set reasonably high, and as such, we take the time to inspect and refuse all inferior shipments from our suppliers.
Our choice will always be quality over pushing a sub-par product. While dealing with us you will always receive the best customer service possible. We work with buyers to ensure peace of mind and a pleasant experience. If you have any questions or concerns, please contact us.
Free shipping is guaranteed to ship in under 24 hrs. IF not you will receive appropriate compensation.
Express
Or
Priority Mail
Please don't use fake names on addresses. That causes problems with delivery.
Use a name that regularly receives mail there.
Feedback:
No FE is required but always appreciated. If you ever have an issue please contact us before leaving feedback as we would much rather fix the issue than take a hit to our reputation.",,,-TarNation-,4.55062571 BTC,agora
Uncut 6 Grams - BTH - Prime Quality,"Our goods never touch domestic air until it's in our hands, and it's absolutely top quality 100% of the time. We've been dealing with heroin for a long time. You could consider us connoisseurs. We may be new here, but we're no strangers to the dope game. Our standards of quality are set reasonably high, and as such, we take the time to inspect and refuse all inferior shipments from our suppliers.
Our choice will always be quality over pushing a sub-par product. While dealing with us you will always receive the best customer service possible. We work with buyers to ensure peace of mind and a pleasant experience. If you have any questions or concerns, please contact us. 
Free shipping is guaranteed to ship in under 24 hrs. IF not you will receive appropriate compensation. 
Priority Mail
Please don't use fake names on addresses. That causes problems with delivery.
Use a name that regularly receives mail there.
Feedback:
No FE is required but always appreciated. If you ever have an issue please contact us before leaving feedback as we would much rather fix the issue than take a hit to our reputation.",,,-TarNation-,1.67401372 BTC,agora
Uncut 6 Grams - BTH - Prime Quality,"~Price Reduced~
Our goods never touch domestic air until it's in our hands, and it's absolutely top quality 100% of the time. We've been dealing with heroin for a long time. You could consider us connoisseurs. We may be new here, but we're no strangers to the dope game. Our standards of quality are set reasonably high, and as such, we take the time to inspect and refuse all inferior shipments from our suppliers.
Our choice will always be quality over pushing a sub-par product. While dealing with us you will always receive the best customer service possible. We work with buyers to ensure peace of mind and a pleasant experience. If you have any questions or concerns, please contact us. 
Free shipping is guaranteed to ship in under 24 hrs. IF not you will receive appropriate compensation. 
Priority Mail
Please don't use fake names on addresses. That causes problems with delivery.
Use a name that regularly receives mail there.
Feedback:
No FE is required but always appreciated. If you ever have an issue please contact us before leaving feedback as we would much rather fix the issue than take a hit to our reputation.",,,-TarNation-,1.44167758 BTC,agora
Uncut 6 Grams - BTH - Prime Quality-Free Express,"Our goods never touch domestic air until it's in our hands, and it's absolutely top quality 100% of the time. We've been dealing with heroin for a long time. You could consider us connoisseurs. We may be new here, but we're no strangers to the dope game. Our standards of quality are set reasonably high, and as such, we take the time to inspect and refuse all inferior shipments from our suppliers.
Our choice will always be quality over pushing a sub-par product. While dealing with us you will always receive the best customer service possible. We work with buyers to ensure peace of mind and a pleasant experience. If you have any questions or concerns, please contact us.
Free shipping is guaranteed to ship in under 24 hrs. IF not you will receive appropriate compensation.
Express
Or
Priority Mail
Please don't use fake names on addresses. That causes problems with delivery.
Use a name that regularly receives mail there.
Feedback:
No FE is required but always appreciated. If you ever have an issue please contact us before leaving feedback as we would much rather fix the issue than take a hit to our reputation.",,,-TarNation-,4.91467576 BTC,agora
Uncut Gram - BTH - Intro Deal,"Limit 1 per customer, please.
Our goods never touch domestic air until it's in our hands, and it's absolutely top quality 100% of the time. We've been dealing with heroin for a long time. You could consider us connoisseurs. We may be new here, but we're no strangers to the dope game. Our standards of quality are set reasonably high, and as such, we take the time to inspect and refuse all inferior shipments from our suppliers.
Our choice will always be quality over pushing a sub-par product. While dealing with us you will always receive the best customer service possible. We work with buyers to ensure peace of mind and a pleasant experience. If you have any questions or concerns, please contact us. 
Free shipping is guaranteed to ship in under 24 hrs. IF not you will receive appropriate compensation. 
Priority Mail
Please don't use fake names on addresses. That causes problems with delivery.
Use a name that regularly receives mail there.
Feedback:
No FE is required but always appreciated. If you ever have an issue please contact us before leaving feedback as we would much rather fix the issue than take a hit to our reputation.",,,-TarNation-,0.26505217 BTC,agora
Uncut Gram - BTH - Prime Quality,"Our goods never touch domestic air until it's in our hands, and it's absolutely top quality 100% of the time. We've been dealing with heroin for a long time. You could consider us connoisseurs. We may be new here, but we're no strangers to the dope game. Our standards of quality are set reasonably high, and as such, we take the time to inspect and refuse all inferior shipments from our suppliers.
Our choice will always be quality over pushing a sub-par product. While dealing with us you will always receive the best customer service possible. We work with buyers to ensure peace of mind and a pleasant experience. If you have any questions or concerns, please contact us. 
Free shipping is guaranteed to ship in under 24 hrs. IF not you will receive appropriate compensation. 
Priority Mail
Please don't use fake names on addresses. That causes problems with delivery.
Use a name that regularly receives mail there.
Feedback:
No FE is required but always appreciated. If you ever have an issue please contact us before leaving feedback as we would much rather fix the issue than take a hit to our reputation.",,,-TarNation-,0.33481208 BTC,agora
Uncut Gram - BTH - Prime Quality- FREE EXPRESS,"Our goods never touch domestic air until it's in our hands, and it's absolutely top quality 100% of the time. We've been dealing with heroin for a long time. You could consider us connoisseurs. We may be new here, but we're no strangers to the dope game. Our standards of quality are set reasonably high, and as such, we take the time to inspect and refuse all inferior shipments from our suppliers.
Our choice will always be quality over pushing a sub-par product. While dealing with us you will always receive the best customer service possible. We work with buyers to ensure peace of mind and a pleasant experience. If you have any questions or concerns, please contact us. 
Free shipping is guaranteed to ship in under 24 hrs. IF not you will receive appropriate compensation. 
Express
Or
Priority Mail
Please don't use fake names on addresses. That causes problems with delivery.
Use a name that regularly receives mail there.
Feedback:
No FE is required but always appreciated. If you ever have an issue please contact us before leaving feedback as we would much rather fix the issue than take a hit to our reputation.",,,-TarNation-,0.99628640 BTC,agora
Uncut Half Gram - BTH - Prime Quality,"Our goods never touch domestic air until it's in our hands, and it's absolutely top quality 100% of the time. We've been dealing with heroin for a long time. You could consider us connoisseurs. We may be new here, but we're no strangers to the dope game. Our standards of quality are set reasonably high, and as such, we take the time to inspect and refuse all inferior shipments from our suppliers.
Our choice will always be quality over pushing a sub-par product. While dealing with us you will always receive the best customer service possible. We work with buyers to ensure peace of mind and a pleasant experience. If you have any questions or concerns, please contact us. 
Guaranteed to ship in under 24 hrs. IF not you will receive approrpiate compensation. 
Priority Mail
Please don't use fake names on addresses. That causes problems with delivery.
Use a name that regularly receives mail there.
Feedback:
No FE is required but always appreciated. If you ever have an issue please contact us before leaving feedback as we would much rather fix the issue than take a hit to our reputation.",,,-TarNation-,0.18135654 BTC,agora
100gr Pakistani Culero Hash - TOP QUALITY,"Hi guys! Here it is, TP's best hash from Pakistan!
The antique recipe from northern Pakistan makes this product unique in the whole world, obtained from the best strains of Pakistan's sativa plants by a traditional process.
The final product is this incredible soft hash, with an exceptional sweet taste.
Our Culero Hash needs no heat and remains really soft and a bit creamy at room temperature, it also guarantees a really nice clear-mind high.
-Dosage: Over 0.2-0.3 grams should be perfect for a nice experience.
-%THC: 28-32%",,,-ThePakistani-,2.20661468 BTC,agora
10g Soft Paki Zero Polm - Select Product,"Hi to all, we are pleased to present this select Soft Paki Zero Polm.
It has been hard work but we finally have it:
The original Soft Zero Polm wich recipe has been carfully preserved over the years, made following an antique recipe that mantains the final product extremely natural.
This select blonde polm leaves a nice and spicy flavour, and it doesn't need any heat, so pure and soft!
A super high is guaranteed, this polm is madly potent!
Its purity leaves no doubt after tasting it.
Enjoy.",,,-ThePakistani-,0.37046385 BTC,agora
10gr Pakistani Culero Hash - TOP QUALITY,"Hi guys! Here it is, TP's best hash from Pakistan!
The antique recipe from northern Pakistan makes this product unique in the whole world, obtained from the best strains of Pakistan's sativa plants by a traditional process.
The final product is this incredible soft hash, with an exceptional sweet taste.
Our Culero Hash needs no heat and remains really soft and a bit creamy at room temperature, it also guarantees a really nice clear-mind high.
-Dosage: Over 0.2-0.3 grams should be perfect for a nice experience.
-%THC: 28-32%",,,-ThePakistani-,0.26093213 BTC,agora
1g Soft Paki Zero Polm - Select Product,"Hi to all, we are pleased to present this select Soft Paki Zero Polm.
It has been hard work but we finally have it:
The original Soft Zero Polm wich recipe has been carfully preserved over the years, made following an antique recipe that mantains the final product extremely natural.
This select blonde polm leaves a nice and spicy flavour, and it doesn't need any heat, so pure and soft!
A super high is guaranteed, this polm is madly potent!
Its purity leaves no doubt after tasting it.
Enjoy.",,,-ThePakistani-,0.04186870 BTC,agora
1gr Pakistani Culero Hash - TOP QUALITY,"Hi guys! Here it is, TP's best hash from Pakistan!
The antique recipe from northern Pakistan makes this product unique in the whole world, obtained from the best strains of Pakistan's sativa plants by a traditional process.
The final product is this incredible soft hash, with an exceptional sweet taste.
Our Culero Hash needs no heat and remains really soft and a bit creamy at room temperature, it also guarantees a really nice clear-mind high.
-Dosage: Over 0.2-0.3 grams should be perfect for a nice experience.
-%THC: 28-32%",,,-ThePakistani-,0.03197165 BTC,agora
1gr Pakistani Culero Hash - TOP QUALITY,"Here you go guys, a sample of our hash so everyone can test it for a low price.
Promotion offer is over, make sure choosing a correct shipping option!
Let's spread our product so everyone can feel the pakistani vibe :) 
REVIEW - 1g Pakistani Culero Hash Sample:
http://silkroad5v7dywlc.onion/index.php?topic=21228.0
-Order information at profile-
It won't disappoint you!
-TP",,,-ThePakistani-,0.02368312 BTC,agora
20 gr Pakistani Culero Hash - TOP QUALITY,"Hi guys! Here it is, TP's best hash from Pakistan!
The antique recipe from northern Pakistan makes this product unique in the whole world, obtained from the best strains of Pakistan's sativa plants by a traditional process.
The final product is this incredible soft hash, with an exceptional sweet taste.
Our Culero Hash needs no heat and remains really soft and a bit creamy at room temperature, it also guarantees a really nice clear-mind high.
-Dosage: Over 0.2-0.3 grams should be perfect for a nice experience.
-%THC: 28-32%",,,-ThePakistani-,0.49285951 BTC,agora
20g Soft Paki Zero Polm - Select Product,"Hi to all, we are pleased to present this select Soft Paki Zero Polm.
It has been hard work but we finally have it:
The original Soft Zero Polm wich recipe has been carfully preserved over the years, made following an antique recipe that mantains the final product extremely natural.
This select blonde polm leaves a nice and spicy flavour, and it doesn't need any heat, so pure and soft!
A super high is guaranteed, this polm is madly potent!
Its purity leaves no doubt after tasting it.
Enjoy.",,,-ThePakistani-,0.70851322 BTC,agora
50g Soft Paki Zero Polm - Select Product,"Hi to all, we are pleased to present this select Soft Paki Zero Polm.
It has been hard work but we finally have it:
The original Soft Zero Polm wich recipe has been carfully preserved over the years, made following an antique recipe that mantains the final product extremely natural.
This select blonde polm leaves a nice and spicy flavour, and it doesn't need any heat, so pure and soft!
A super high is guaranteed, this polm is madly potent!
Its purity leaves no doubt after tasting it.
Enjoy.",,,-ThePakistani-,1.61076054 BTC,agora
50gr Pakistani Culero Hash - TOP QUALITY,"Hi guys! Here it is, TP's best hash from Pakistan!
The antique recipe from northern Pakistan makes this product unique in the whole world, obtained from the best strains of Pakistan's sativa plants by a traditional process.
The final product is this incredible soft hash, with an exceptional sweet taste.
Our Culero Hash needs no heat and remains really soft and a bit creamy at room temperature, it also guarantees a really nice clear-mind high.
-Dosage: Over 0.2-0.3 grams should be perfect for a nice experience.
-%THC: 28-32%",,,-ThePakistani-,1.15970331 BTC,agora
5g Soft Paki Zero Polm - Select Product,"Hi to all, we are pleased to present this select Soft Paki Zero Polm.
It has been hard work but we finally have it:
The original Soft Zero Polm wich recipe has been carfully preserved over the years, made following an antique recipe that mantains the final product extremely natural.
This select blonde polm leaves a nice and spicy flavour, and it doesn't need any heat, so pure and soft!
A super high is guaranteed, this polm is madly potent!
Its purity leaves no doubt after tasting it.
Enjoy.",,,-ThePakistani-,0.19257919 BTC,agora
5gr Pakistani Culero Hash - TOP QUALITY,"Hi guys! Here it is, TP's best hash from Pakistan!
The antique recipe from northern Pakistan makes this product unique in the whole world, obtained from the best strains of Pakistan's sativa plants by a traditional process.
The final product is this incredible soft hash, with an exceptional sweet taste.
Our Culero Hash needs no heat and remains really soft and a bit creamy at room temperature, it also guarantees a really nice clear-mind high.
-Dosage: Over 0.2-0.3 grams should be perfect for a nice experience.
-%THC: 28-32%",,,-ThePakistani-,0.14495737 BTC,agora
Budder/ Wax  [ 0.5 Gram],"Great concentrate for the top smokers out there! Enjoy my friends..
We are actually  carrying kushadelic, strain will change from time to time
Ship from Europe, not NL
Photo coming soon",,,-ThePakistani-,0.06396008 BTC,agora
Ice Hash / Ice-O-Lator [ 0.5 Gram],"Ice-o-lator (also known as iceolator or ice hash) is an extremely potent kind of hash. Ice-o-lator thanks its potency to its special production process involving extraction and sieving in ice-water. Precise THC content is always a bit of a guess, but ice is (together with hash-oil) one of the most pure THC and cannabinoid containing substances available for consumption.
Strain: Jack Herer
Ships from Europe, not NL
High-RES image: https://anonfiles.com/file/07ca6c4a7f1af9d60366375c3a768924",,,-ThePakistani-,0.03558028 BTC,agora
Ice Hash / Ice-O-Lator [1 Gram],"Ice-o-lator (also known as iceolator or ice hash) is an extremely potent kind of hash. Ice-o-lator thanks its potency to its special production process involving extraction and sieving in ice-water. Precise THC content is always a bit of a guess, but ice is (together with hash-oil) one of the most pure THC and cannabinoid containing substances available for consumption.
Strain: Jack Herer
Ships from Europe, not NL
High-RES image: https://anonfiles.com/file/07ca6c4a7f1af9d60366375c3a768924",,,-ThePakistani-,0.06715809 BTC,agora
Flawless MDA | 0.5g | Maximum Stealth,"Our Promise:
This product is high quality MDA in its most beautiful form. The following product has been the subject of several raving reviews as a result of forum giveaways and prizes, but the growth of its reputation has only just began. We supply only the finest, and are yet to have a dissatisfied customer.
Our Product:
Pharmacologically, MDA possess a high affinity for the serotonin, dopamine, and norepinephrine transporters, causing a release of serotonin and dopamine by acting as a substrate for the respective transporters similar to that of MDMA. However due to the higher efficiency for the 5HT2A serotonin receptor, MDA tends to cause a more intense psychedelic/hallucinogenic effect than that of MDMA, whilst still providing that bubbly loved up roll that everybody has come to associate with MDxx compounds. A double win of a drug.
Our Rules:
We REQUIRE that all users read our marketplace profile prior to placing an order, it provides vital information about how to complete the process correctly, ensuring a speedy delivery.
Shipping:
Provides excellent, multilayer mylar stealth and tact, at a nominal fee. The combination of domestic shipping, our high level stealth and our track record means the odds of seizure or detection are obscenely low. In regards to large orders, this is the safest possible route to receive higher quantities of anything. Why take the risk of importation, when our bulk deals are a similar price, with better stealth and from within Australia.
Questions:
We happily invite anybody with a query before, during or after ordering to contact us either over the marketplace or the community forums, we're never hard to reach. This could apply to anything from dosage and shipping to threat reduction.
Links:
Forums: http://lacbzxobeprssrfx.onion/index.php/topic,18801.0.html
MarketPlace Profile: http://agorahooawayyfoe.onion/vendor/-pK",,,-pK,0.24965277 BTC,agora
Flawless MDA | 1.0g | Maximum Stealth,"Our Promise:
This product is high quality MDA in its most beautiful form. The following product has been the subject of several raving reviews as a result of forum giveaways and prizes, but the growth of its reputation has only just began. We supply only the finest, and are yet to have a dissatisfied customer.
Our Product:
Pharmacologically, MDA possess a high affinity for the serotonin, dopamine, and norepinephrine transporters, causing a release of serotonin and dopamine by acting as a substrate for the respective transporters similar to that of MDMA. However due to the higher efficiency for the 5HT2A serotonin receptor, MDA tends to cause a more intense psychedelic/hallucinogenic effect than that of MDMA, whilst still providing that bubbly loved up roll that everybody has come to associate with MDxx compounds. A double win of a drug.
Our Rules:
We REQUIRE that all users read our marketplace profile prior to placing an order, it provides vital information about how to complete the process correctly, ensuring a speedy delivery.
Shipping:
Provides excellent, multilayer mylar stealth and tact, at a nominal fee. The combination of domestic shipping, our high level stealth and our track record means the odds of seizure or detection are obscenely low. In regards to large orders, this is the safest possible route to receive higher quantities of anything. Why take the risk of importation, when our bulk deals are a similar price, with better stealth and from within Australia.
Questions:
We happily invite anybody with a query before, during or after ordering to contact us either over the marketplace or the community forums, we're never hard to reach. This could apply to anything from dosage and shipping to threat reduction.
Links:
Forums: http://lacbzxobeprssrfx.onion/index.php/topic,18801.0.html
MarketPlace Profile: http://agorahooawayyfoe.onion/vendor/-pK",,,-pK,0.31724488 BTC,agora
Flawless MDA | 10.0g | Maximum Stealth,"Our Promise:
This product is high quality MDA in its most beautiful form. The following product has been the subject of several raving reviews as a result of forum giveaways and prizes, but the growth of its reputation has only just began. We supply only the finest, and are yet to have a dissatisfied customer.
Our Product:
Pharmacologically, MDA possess a high affinity for the serotonin, dopamine, and norepinephrine transporters, causing a release of serotonin and dopamine by acting as a substrate for the respective transporters similar to that of MDMA. However due to the higher efficiency for the 5HT2A serotonin receptor, MDA tends to cause a more intense psychedelic/hallucinogenic effect than that of MDMA, whilst still providing that bubbly loved up roll that everybody has come to associate with MDxx compounds. A double win of a drug.
Our Rules:
We REQUIRE that all users read our marketplace profile prior to placing an order, it provides vital information about how to complete the process correctly, ensuring a speedy delivery.
Shipping:
Provides excellent, multilayer mylar stealth and tact, at a nominal fee. The combination of domestic shipping, our high level stealth and our track record means the odds of seizure or detection are obscenely low. In regards to large orders, this is the safest possible route to receive higher quantities of anything. Why take the risk of importation, when our bulk deals are a similar price, with better stealth and from within Australia.
Questions:
We happily invite anybody with a query before, during or after ordering to contact us either over the marketplace or the community forums, we're never hard to reach. This could apply to anything from dosage and shipping to threat reduction.
Links:
Forums: http://lacbzxobeprssrfx.onion/index.php/topic,18801.0.html
MarketPlace Profile: http://agorahooawayyfoe.onion/vendor/-pK",,,-pK,2.15448851 BTC,agora
Flawless MDA | 2.5g | Maximum Stealth,"Our Promise:
This product is high quality MDA in its most beautiful form. The following product has been the subject of several raving reviews as a result of forum giveaways and prizes, but the growth of its reputation has only just began. We supply only the finest, and are yet to have a dissatisfied customer.
Our Product:
Pharmacologically, MDA possess a high affinity for the serotonin, dopamine, and norepinephrine transporters, causing a release of serotonin and dopamine by acting as a substrate for the respective transporters similar to that of MDMA. However due to the higher efficiency for the 5HT2A serotonin receptor, MDA tends to cause a more intense psychedelic/hallucinogenic effect than that of MDMA, whilst still providing that bubbly loved up roll that everybody has come to associate with MDxx compounds. A double win of a drug.
Our Rules:
We REQUIRE that all users read our marketplace profile prior to placing an order, it provides vital information about how to complete the process correctly, ensuring a speedy delivery.
Shipping:
Provides excellent, multilayer mylar stealth and tact, at a nominal fee. The combination of domestic shipping, our high level stealth and our track record means the odds of seizure or detection are obscenely low. In regards to large orders, this is the safest possible route to receive higher quantities of anything. Why take the risk of importation, when our bulk deals are a similar price, with better stealth and from within Australia.
Questions:
We happily invite anybody with a query before, during or after ordering to contact us either over the marketplace or the community forums, we're never hard to reach. This could apply to anything from dosage and shipping to threat reduction.
Links:
Forums: http://lacbzxobeprssrfx.onion/index.php/topic,18801.0.html
MarketPlace Profile: http://agorahooawayyfoe.onion/vendor/-pK",,,-pK,0.59714309 BTC,agora
Flawless MDA | 5.0g | Maximum Stealth,"Our Promise:
This product is high quality MDA in its most beautiful form. The following product has been the subject of several raving reviews as a result of forum giveaways and prizes, but the growth of its reputation has only just began. We supply only the finest, and are yet to have a dissatisfied customer.
Our Product:
Pharmacologically, MDA possess a high affinity for the serotonin, dopamine, and norepinephrine transporters, causing a release of serotonin and dopamine by acting as a substrate for the respective transporters similar to that of MDMA. However due to the higher efficiency for the 5HT2A serotonin receptor, MDA tends to cause a more intense psychedelic/hallucinogenic effect than that of MDMA, whilst still providing that bubbly loved up roll that everybody has come to associate with MDxx compounds. A double win of a drug.
Our Rules:
We REQUIRE that all users read our marketplace profile prior to placing an order, it provides vital information about how to complete the process correctly, ensuring a speedy delivery.
Shipping:
Provides excellent, multilayer mylar stealth and tact, at a nominal fee. The combination of domestic shipping, our high level stealth and our track record means the odds of seizure or detection are obscenely low. In regards to large orders, this is the safest possible route to receive higher quantities of anything. Why take the risk of importation, when our bulk deals are a similar price, with better stealth and from within Australia.
Questions:
We happily invite anybody with a query before, during or after ordering to contact us either over the marketplace or the community forums, we're never hard to reach. This could apply to anything from dosage and shipping to threat reduction.
Links:
Forums: http://lacbzxobeprssrfx.onion/index.php/topic,18801.0.html
MarketPlace Profile: http://agorahooawayyfoe.onion/vendor/-pK",,,-pK,1.07245204 BTC,agora
$100 OZ,"Hello Agora,
I'm offering a special; $100 for an ounce of good quality weed, this is mixed up in a variety, for a 4/20 sale of $100.
This was a custom order, so this has a short description, I'm a top vendor on Agora, I've recently started selling again. Limit of three, worldwide free shipping (all taxes are covered). Send me a message for additional information, as always requires FE.",,,.-.,0.18556701 BTC,agora
$100 OZ,"Hello Agora,
I'm offering a special; $100 for an ounce of good quality weed, this is mixed up in a variety, for a 4/20 sale of $100.
This was a custom order, so this has a short description, I'm a top vendor on Agora, I've recently started selling again. Limit of three, worldwide free shipping (all taxes are covered). Send me a message for additional information.",,,.-.,0.19412031 BTC,agora
**jizzmasterjizz**250x blue Bentley 190mg Mdma,"Please read Terms and Conditions before you order.
100x blue Bentley 190mg Mdma",,,.Merkur,3.38771593 BTC,agora
1000x blue Bentley 190mg Mdma,"Please read Terms and Conditions before you order.
1000x blue Bentley 190mg Mdma",,,.Merkur,10.89691406 BTC,agora
100g of Tasman Haze,"The best Haze you will ever smoke.
We promise.
Please read Terms and Conditions before you order.",,,.Merkur,2.53847582 BTC,agora
100x XTC + / - Magnet Battery Plus Minus 220mg+,"Please read Terms and Conditions before you order.
XTC pills with 220mg+ of high quality MDMA.",,,.Merkur,1.07771900 BTC,agora
100x XTC Red YouTube 190mg+,"Please read Terms and Conditions before you order.
XTC pills with 190mg+ of high quality MDMA.",,,.Merkur,1.07925064 BTC,agora
100x XTC Yellow Warner Brother's 200mg+,"Please read Terms and Conditions before you order.
XTC pills with 200mg+ of high quality MDMA.",,,.Merkur,1.07771900 BTC,agora
100x blue Bentley 190mg Mdma,"Please read Terms and Conditions before you order.
100x blue Bentley 190mg Mdma",,,.Merkur,1.34632812 BTC,agora
100x orange Ladybug 230mg+ Mdma,"Please read Terms and Conditions before you order.
100x orange Ladybug 230mg+ Mdma",,,.Merkur,1.34609375 BTC,agora
10g of Tasman Haze,"The best Haze you will ever smoke.
We promise.
Please read Terms and Conditions before you order.",,,.Merkur,0.41193633 BTC,agora
10g of ~90% pure Cocaine,"10g of 90% pure Cocaine from Peru.
Nobody here sell's so good and so high Cocaine!",,,.Merkur,4.20730468 BTC,agora
10x Ketamin Inresa 10ml,"10ml HQ Ketamine Inresa 50mg/ml.
In one ampoule ~500mg pure Ketamine if you cook it.",,,.Merkur,1.31187854 BTC,agora
10x XTC + / - Magnet Battery Plus Minus 220mg+,"Please read Terms and Conditions before you order.
XTC pills with 220mg+ of high quality MDMA.",,,.Merkur,0.13510514 BTC,agora
10x XTC Red YouTube 190mg+,"Please read Terms and Conditions before you order.
Red YouTube XTC pills with 190mg+ of high quality MDMA.",,,.Merkur,0.12349639 BTC,agora
10x XTC Yellow Warner Brother's 200mg+,"Please read Terms and Conditions before you order.
XTC pills with 200mg+ of high quality MDMA.",,,.Merkur,0.13510514 BTC,agora
10x blue Bentley 190mg Mdma,"Please read Terms and Conditions before you order.
10x blue Bentley 190mg Mdma",,,.Merkur,0.21878906 BTC,agora
10x green Durex 200mg Mdma,"Please read Terms and Conditions before you order.
10x green Durex 200mg Mdma.",,,.Merkur,0.22924901 BTC,agora
10x orange Ladybug 230mg+ Mdma,"Please read Terms and Conditions before you order.
10x orange Ladybug 230mg+ Mdma",,,.Merkur,0.22925781 BTC,agora
1g **HQ COCAINE** Flex,"1g of HQ cocaine.
purity ~78,43%",,,.Merkur,0.33874817 BTC,agora
1g of ~90% pure Cocaine,"1g of 90% pure Cocaine from Peru.
Nobody here sell's so good so high Cocaine!",,,.Merkur,0.49644531 BTC,agora
250x XTC + / - Magnet Battery Plus Minus 220mg+,"Please read Terms and Conditions before you order.
XTC pills with 220mg+ of high quality MDMA.",,,.Merkur,2.37421188 BTC,agora
250x XTC Red YouTube 190mg+,"Please read Terms and Conditions before you order.
Red YouTube 190mg+ XTC pills.",,,.Merkur,2.37084247 BTC,agora
25g Industrial Plant,"The best Weed you ever will smoke.
We promise.
Please read Terms and Conditions before you order.",,,.Merkur,0.97585055 BTC,agora
25g of Tasman Haze,"The best Haze you will ever smoke.
We promise.
Please read Terms and Conditions before you order.",,,.Merkur,0.88890403 BTC,agora
25x XTC + / - Magnet Battery Plus Minus 220mg+,"Please read Terms and Conditions before you order.
XTC pills with 220mg+ of high quality MDMA.",,,.Merkur,0.33776286 BTC,agora
25x XTC Red YouTube 190mg+,"Please read Terms and Conditions before you order.
Red YouTube XTC pills with 190mg+ of high quality MDMA.",,,.Merkur,0.33776286 BTC,agora
25x XTC Yellow Warner Brother's 200mg+,"Please read Terms and Conditions before you order.
XTC pills with 200mg+ of high quality MDMA.",,,.Merkur,0.33776286 BTC,agora
500x XTC + / - Magnet Battery Plus Minus 220mg+,"Please read Terms and Conditions before you order.
XTC pills with 220mg+ of high quality MDMA.",,,.Merkur,4.34276867 BTC,agora
500x blue Bentley 190mg Mdma,"Please read Terms and Conditions before you order.
500x blue Bentley 190mg Mdma",,,.Merkur,6.10058593 BTC,agora
50g of Tasman Haze,"The best Haze you will ever smoke.
We promise.
Please read Terms and Conditions before you order.",,,.Merkur,1.35190384 BTC,agora
50x XTC + / - Magnet Battery Plus Minus 220mg+,"Please read Terms and Conditions before you order.
XTC pills with 220mg+ of high quality MDMA.",,,.Merkur,0.71407783 BTC,agora
50x XTC Red YouTube 190mg+,"Please read Terms and Conditions before you order.
XTC pills with 200mg+ of high quality MDMA.",,,.Merkur,0.59583042 BTC,agora
50x XTC Yellow Warner Brother's 200mg+,"Please read Terms and Conditions before you order.
XTC pills with 200mg+ of high quality MDMA.",,,.Merkur,0.59512320 BTC,agora
50x blue Bentley 190mg Mdma,"Please read Terms and Conditions before you order.
50x blue Bentley 190mg Mdma",,,.Merkur,0.83093750 BTC,agora
50x green Durex 200mg Mdma,"Please read Terms and Conditions before you order.
50x green Durex 200mg Mdma.",,,.Merkur,0.86956521 BTC,agora
50x orange Ladybug 230mg+ Mdma,"Please read Terms and Conditions before you order.
50x orange Ladybug 230mg+ Mdma",,,.Merkur,0.89279354 BTC,agora
Copy of 50x XTC + / - Magnet Battery Plus Minus 220mg+,"Please read Terms and Conditions before you order.
XTC pills with 220mg+ of high quality MDMA.",,,.Merkur,0.59512320 BTC,agora
Ketamin Inresa 10ml,"10ml HQ Ketamine Inresa 50mg/ml.
In one ampoule ~500mg pure Ketamine if you cook it.",,,.Merkur,0.17284046 BTC,agora
Specially Bag,"1g of HQ cocaine and 5 XTC of your choice for only 90€!!!
purity ~70%",,,.Merkur,0.49049639 BTC,agora
X-MAS SPECIAL,"1g of HQ cocaine and 4 XTC of your choice for only 70€!!!
purity ~70%",,,.Merkur,0.26548405 BTC,agora
25 Xanax Bars - Sample Order,"Please finalize when placing your order to prevent delays. We will ship first come first served. Thanks
This listing is for 25 of our famous Xanax Bars. These bars have been consumed by many all across the states. Now is your chance to get your hands on them as well.
These are pfizer copies. They are actually stronger than the original pfizer bars at 2.5mg each. They are white and have a ""2"" on one side and ""xanax"" on the other. Street value is $7-$10 per pill, depending on your location.
Our pills have been lab tested multiple times to prove content. This can be provided upon request.
SAMPLE ORDER IS LIMITED TO 1 PER ADDRESS.",,,007,0.11017135 BTC,agora
5 Xanax Bars - Sample Order,"This listing is for 5 of our famous Xanax Bars. These bars have been consumed by many all across the states. Now is your chance to get your hands on them as well.
These are pfizer copies. They are actually stronger than the original pfizer bars at 2.5mg each. They are white and have a ""2"" on one side and ""xanax"" on the other. Street value is $7-$10 per pill depending on your location.
Our pills have been lab tested multiple times to prove content. This can be provided upon request. We use the same alprazolam that Pfizer uses. These are the highest quality bars on the dark net.",,,007,0.02613149 BTC,agora
5 Xanax Bars - Sample Order,"This listing is for 5 of our famous Xanax Bars. These bars have been consumed by many all across the states. Now is your chance to get your hands on them as well.
These are pfizer copies. They are actually stronger than the original pfizer bars at 2.5mg each. They are white and have a ""2"" on one side and ""xanax"" on the other. Street value is $7-$10 per pill, depending on your location.
Our pills have been lab tested multiple times to prove content. This can be provided upon request.
SAMPLE ORDER IS LIMITED TO 1 PER ADDRESS.",,,007,0.02331002 BTC,agora
Adderall 10mg - 1 Pill,"This listing is for one 10mg Adderall tablet. These are round blue tablets, exactly as pictured.
10mg is a light dose and will last the average user about 4 hours.",,,007,0.01396965 BTC,agora
Alprazolam Powder - 1 gram,"This listing is for 1 gram of Alprazolam Powder. This powder has been lab tested and is very high quality. Unlike many sellers, my powder does not contain clonazepan, baking soda, toxins, or any contaminants. Nothing but the pure Alprazolam you know and love.
One gram equals 500 xanax bars.
Feel free to give it a try. Satisfaction guaranteed!",,,007,0.15678896 BTC,agora
Alprazolam Powder - 10 grams,"This listing is for 10 grams of Alprazolam Powder. This powder has been lab tested and is very high quality. Unlike many sellers, my powder does not contain clonazepan, baking soda, toxins, or any contaminants. Nothing but the pure Alprazolam you know and love.
1 gram equals 500 xanax bars.
Feel free to give it a try. Satisfaction guaranteed!",,,007,1.13236472 BTC,agora
Alprazolam Powder - 2 grams,"This listing is for 2 grams of Alprazolam Powder. This powder has been lab tested and is very high quality. Unlike many sellers, my powder does not contain clonazepan, baking soda, toxins, or any contaminants. Nothing but the pure Alprazolam you know and love.
One gram equals 500 xanax bars.
Feel free to give it a try. Satisfaction guaranteed!",,,007,0.30557677 BTC,agora
Alprazolam Powder - 25 grams,"This listing is for 25 grams of Alprazolam Powder. This powder has been lab tested and is very high quality. Unlike many sellers, my powder does not contain clonazepan, baking soda, toxins, or any contaminants. Nothing but the pure Alprazolam you know and love.
One gram equals 500 xanax bars.
Feel free to give it a try. Contact us if you want to see a copy of the lab report. Satisfaction guaranteed!",,,007,1.91630953 BTC,agora
Alprazolam Powder - 5 grams,"This listing is for 5 grams of Alprazolam Powder. This powder has been lab tested and is very high quality. Unlike many sellers, my powder does not contain clonazepan, baking soda, toxins, or any contaminants. Nothing but the pure Alprazolam you know and love.
One gram equals 500 xanax bars.
Feel free to give it a try. Satisfaction guaranteed!",,,007,0.69625761 BTC,agora
Alprazolam Powder - 50 grams,"This listing is for 50 grams of Alprazolam Powder. This powder has been lab tested and is very high quality. Unlike many sellers, my powder does not contain clonazepan, baking soda, toxins, or any contaminants. Nothing but the pure Alprazolam you know and love.
One gram equals 500 xanax bars.
Feel free to give it a try. Satisfaction guaranteed!",,,007,3.48128807 BTC,agora
Alprazolam Powder - 500mg,"This listing is for 500mg of Alprazolam Powder. This powder has been lab tested and is very high quality. Unlike many sellers, my powder does not contain clonazepan, baking soda, toxins, or any contaminants. Nothing but the pure Alprazolam you know and love.
One gram equals 500 xanax bars.
Feel free to give it a try. Satisfaction guaranteed!",,,007,0.10452597 BTC,agora
Vyvanse 70mg - 10 Capsules,"This listing is for ten Vyvanse 70mg capsules. Introductory offer!
I have plenty of these available so buy as many as you need. This is the highest dose of Vyvanse available on the market.
They are just as pictured, fresh from a US pharmacy.",,,007,0.30552757 BTC,agora
Xanax Bars - 100 Pills,"XANAX BARS
This listing is for 100 of our famous Xanax Bars. These bars have been consumed by many all across the states. Now is your chance to get your hands on them as well
These are pfizer copies. They are actually stronger than the original pfizer bars at 2.5mg each. They are white and have a ""2"" on one side and ""xanax"" on the other. Street value is $7-$10 per pill depending on your location.
Our pills have been lab tested multiple times to prove content. This can be provided upon request. We use the same alprazolam that Pfizer uses. These are the highest quality bars on the dark net.",,,007,0.26131493 BTC,agora
Xanax Bars - 100 Pills,"Please finalize when placing your order to prevent delays. We will ship first come first served. Thanks
------------------------------------------------------------------------
This listing is for 100 of our famous Xanax Bars. These bars have been consumed by many all across the states. Now is your chance to get your hands on them as well
These are pfizer copies. They are actually stronger than the original pfizer bars at 2.5mg each. They are white and have a ""2"" on one side and ""xanax"" on the other. Street value is $7-$10 per pill depending on your location.
Our pills have been lab tested multiple times to prove content. This can be provided upon request. We use the same alprazolam that Pfizer uses. These are the highest quality bars on the dark net.",,,007,0.27966575 BTC,agora
Xanax Bars - 1000 Pills,"This listing is for 1000 of our famous Xanax Bars. These bars have been consumed by many all across the states. Now is your chance to get your hands on them as well
These are pfizer copies. They are actually stronger than the original pfizer bars at 2.5mg each. They are white and have a ""2"" on one side and ""xanax"" on the other. Street value is $7-$10 per pill depending on your location.
Our pills have been lab tested multiple times to prove content. This can be provided upon request. We use the same alprazolam that Pfizer uses. These are the highest quality bars on the dark net.",,,007,1.56788962 BTC,agora
Xanax Bars - 1000 Pills,"Please finalize when placing your order to prevent delays. We will ship first come first served. Thanks
------------------------------------------------------------------------
This listing is for 1000 of our famous Xanax Bars. These bars have been consumed by many all across the states. Now is your chance to get your hands on them as well
These are pfizer copies. They are actually stronger than the original pfizer bars at 2.5mg each. They are white and have a ""2"" on one side and ""xanax"" on the other. Street value is $7-$10 per pill depending on your location.
Our pills have been lab tested multiple times to prove content. This can be provided upon request. We use the same alprazolam that Pfizer uses. These are the highest quality bars on the dark net.",,,007,1.69322033 BTC,agora
Xanax Bars - 250 Pills,"This listing is for 250 of our famous Xanax Bars. These bars have been consumed by many all across the states. Now is your chance to get your hands on them as well
These are pfizer copies. They are actually stronger than the original pfizer bars at 2.5mg each. They are white and have a ""2"" on one side and ""xanax"" on the other. Street value is $7-$10 per pill depending on your location.
Our pills have been lab tested multiple times to prove content. This can be provided upon request. We use the same alprazolam that Pfizer uses. These are the highest quality bars on the dark net.",,,007,0.56694286 BTC,agora
Xanax Bars - 250 Pills,"Please finalize when placing your order to prevent delays. We will ship first come first served. Thanks
------------------------------------------------------------------------
This listing is for 250 of our famous Xanax Bars. These bars have been consumed by many all across the states. Now is your chance to get your hands on them as well
These are pfizer copies. They are actually stronger than the original pfizer bars at 2.5mg each. They are white and have a ""2"" on one side and ""xanax"" on the other. Street value is $7-$10 per pill depending on your location.
Our pills have been lab tested multiple times to prove content. This can be provided upon request. We use the same alprazolam that Pfizer uses. These are the highest quality bars on the dark net.",,,007,0.59323039 BTC,agora
Xanax Bars - 50 Pills,"This listing is for 50 of our famous Xanax Bars. These bars have been consumed by many all across the states. Now is your chance to get your hands on them as well
These are pfizer copies. They are actually stronger than the original pfizer bars at 2.5mg each. They are white and have a ""2"" on one side and ""xanax"" on the other. Street value is $7-$10 per pill depending on your location.
Our pills have been lab tested multiple times to prove content. This can be provided upon request. We use the same alprazolam that Pfizer uses. These are the highest quality bars on the dark net.",,,007,0.15665796 BTC,agora
Xanax Bars - 50 Pills,"Please finalize when placing your order to prevent delays. We will ship first come first served. Thanks
------------------------------------------------------------------------
This listing is for 50 of our famous Xanax Bars. These bars have been consumed by many all across the states. Now is your chance to get your hands on them as well
These are pfizer copies. They are actually stronger than the original pfizer bars at 2.5mg each. They are white and have a ""2"" on one side and ""xanax"" on the other. Street value is $7-$10 per pill depending on your location.
Our pills have been lab tested multiple times to prove content. This can be provided upon request. We use the same alprazolam that Pfizer uses. These are the highest quality bars on the dark net.",,,007,0.16976775 BTC,agora
Xanax Bars - 500 Pills,"This listing is for 500 of our famous Xanax Bars. These bars have been consumed by many all across the states. Now is your chance to get your hands on them as well
These are pfizer copies. They are actually stronger than the original pfizer bars at 2.5mg each. They are white and have a ""2"" on one side and ""xanax"" on the other. Street value is $7-$10 per pill depending on your location.
Our pills have been lab tested multiple times to prove content. This can be provided upon request. We use the same alprazolam that Pfizer uses. These are the highest quality bars on the dark net.",,,007,0.95497716 BTC,agora
Xanax Bars - 500 Pills,"Please finalize when placing your order to prevent delays. We will ship first come first served. Thanks
------------------------------------------------------------------------
This listing is for 500 of our famous Xanax Bars. These bars have been consumed by many all across the states. Now is your chance to get your hands on them as well
These are pfizer copies. They are actually stronger than the original pfizer bars at 2.5mg each. They are white and have a ""2"" on one side and ""xanax"" on the other. Street value is $7-$10 per pill depending on your location.
Our pills have been lab tested multiple times to prove content. This can be provided upon request. We use the same alprazolam that Pfizer uses. These are the highest quality bars on the dark net.",,,007,1.01858925 BTC,agora
Xanax Bars - 5000 Pills,"This listing is for 5000 of our famous Xanax Bars. These bars have been consumed by many all across the states. Now is your chance to get your hands on them as well
These are pfizer copies. They are actually stronger than the original pfizer bars at 2.5mg each. They are white and have a ""2"" on one side and ""xanax"" on the other. Street value is $7-$10 per pill depending on your location.
Our pills have been lab tested multiple times to prove content. This can be provided upon request. We use the same alprazolam that Pfizer uses. These are the highest quality bars on the dark net.",,,007,7.65883376 BTC,agora
Xanax Bars - 5000 Pills,"Please finalize when placing your order to prevent delays. We will ship first come first served. Thanks
------------------------------------------------------------------------
This listing is for 5000 of our famous Xanax Bars. These bars have been consumed by many all across the states. Now is your chance to get your hands on them as well
These are pfizer copies. They are actually stronger than the original pfizer bars at 2.5mg each. They are white and have a ""2"" on one side and ""xanax"" on the other. Street value is $7-$10 per pill depending on your location.
Our pills have been lab tested multiple times to prove content. This can be provided upon request. We use the same alprazolam that Pfizer uses. These are the highest quality bars on the dark net.",,,007,7.46965452 BTC,agora
*1 Grams  Cocaine 87%*,"High Quality Colombian Cocaine nothing added straight of the brick this won't make you feel all fucked up the next day when you wake up so it's very clean!
Worldwide Shipping",,,010manolo,0.37653752 BTC,agora
*1 Grams  Cocaine 87%*,"High Quality Colombian Cocaine straight of the brick
Worldwide Shipping",,,010manolo,0.30473352 BTC,agora
*1 Grams Uncut Cocaine 87%*,"High quality cocaine straight of the brick nothing added not for first time users!
Worldwide shipping",,,010manolo,0.37653752 BTC,agora
*1 Grams Uncut Cocaine 87%*,"High quality cocaine straight of the brick nothing added not for first time users!
O
Worldwide shipping",,,010manolo,0.31150491 BTC,agora
*10 Grams Uncut Cocaine 87%*,"High quality pure uncut cocaine straight off the brick nothing added
You won't ever find something like this on the darknet
this must be FE'ed before shipped it will be shipped with track and trace 
when seized 50% refund or 50% reship",,,010manolo,2.65938069 BTC,agora
*2.5 Grams Uncut Cocaine* 87%,"High quality clean cocaine straight of the brick 
Worldwide shipping",,,010manolo,0.87891851 BTC,agora
*3.5G Uncut Cocaine 87%*,Uncut Cocaine straight of the brick with nothing added this is the best coke you will ever use and the best that's on the Agora feel free to message me about anything hope you guys try it out,,,010manolo,1.03155803 BTC,agora
*5 Grams uncut Cocaine 87%*,"High quality cocaine straight of the brick nothing added.
No shipping to Australia",,,010manolo,1.66791760 BTC,agora
0.2G N3 Heroine Sample,"This is the listing for n3 heroine straight from the brick uncut and tested in real live by client's 
This is supposed to be smoked but can be injected.
This is a FE only make sure to finalize so we can process your order",,,010manolo,0.10585744 BTC,agora
0.5g Cocaine 87%,Clean Cocaine straight of the brick no cut's,,,010manolo,0.19375427 BTC,agora
1 gr cocaine 87%,"High quality cocaine tested
Don't use to much of it at once.",,,010manolo,0.24877957 BTC,agora
100G Moroccan Hash,Best Hash you will ever smoke I smoke this myself and it's the almost the same like the one smoked in Morocco easy to prepare you won't even need a lighter when kept warm,,,010manolo,3.02400000 BTC,agora
10G Moroccan Hash,"Best Hash you will ever smoke straight out of Morocco great high 
Please finalize so you're order gets processed faster",,,010manolo,0.36363636 BTC,agora
1G cocaine 87%,"High quality cocaine tested
Don't use to much of it at once.",,,010manolo,0.23878893 BTC,agora
1G uncut cocaine 87%,"High quality cocaine tested
Please do not abuse it.
Worldwide shipping",,,010manolo,0.23933528 BTC,agora
1gr  uncut cocaine 87%,"High quality cocaine tested
Please do not abuse it.
Worldwide shipping",,,010manolo,0.24877957 BTC,agora
1gr cut cocaine 55%,Good cut cocaine 55% gives you a good rush feel free to check it out:),,,010manolo,0.17030402 BTC,agora
1gr cut cocaine 55%,"Good cut cocaine 55% gives you a good rush feel free to check it out:)
This is social coke for in the club for the people who can't handle the pure coke this will give the right kick it's cut with lidocaine so no bad cut's that will hurt you",,,010manolo,0.20631160 BTC,agora
2.5 gr Uncut Cocaine 87%,"High quality cocaine tested
Please do not abuse it.
Worldwide shipping",,,010manolo,0.59921786 BTC,agora
2.5G Uncut Cocaine 87%,"High quality cocaine tested
Please do not abuse it.
Worldwide shipping",,,010manolo,0.57101640 BTC,agora
3.5G N3 Heroine,"This is the listing for n3 heroine straight from the brick uncut and tested in real live by client's 
This is supposed to be smoked but can be injected.
This is a FE only make sure to finalize so we can process your order",,,010manolo,0.60500000 BTC,agora
50ml Liquid GHB **Best Price Guarantee**,"50ml of Supreme DUTCH Quality liquid GHB. a.k.a. liquid XTC



We are The #1 seller of GHB in The Netherlands.



Sins the demand for GHB is only just starting to  develop , we want to take this opportunity to establish our position in becomming The #1 seller WORLD WIDE!



Best Price Guarantee!



We hope to stimulate you to start promoting this accellent product.



One of the bennefits of GHB over alcohol for instant is that there is NO HANGOVER!



The SEX is MINDBLOWING!!!

One of the few things that is proven to work on woman!!!

The level of horniness is  ABSURD!



Plus your body absorbs the ""G"" in less than 10 hours and by doing so , it has a POSITIVE affect on your Growth hormone.

Thats one of the reasons bodybuilders LOVE it!



These are just some of the many reasons people in Holland are ""in love"" with this product!



We hope that our ""good deed"" does not go unpunished.





Long story short:



Buy , try , Love!",Netherlands,Worldwide,-BIGG-BALLs-,BTC 0.0466,evolution
[CLONE] GHB 4ml HIGH Dutch Quallity FREE Shipping *PROMO*,"4ML HIGH Quallity GHB *PROMO* FREE Shipping!






*PROMO* 4ml High Quallity Dutch Grade GHB.


We are THE Biggest Supplier of GHB in The Netherlands!


We bring to you our Finnest product.




Liquid XTC...




It makes you and your partner Horny and you just KEEP ON GOING!!!




4ml is 1 portion for a average man.


1 portion for a average size woman is about 3ml.




FREE SHIPPING *PROMO*",Netherlands,Worldwide,-BIGG-BALLs-,BTC 0.0155,evolution
1000mg 2C-B HCl powder | 98% pure!,"The effects of 2C-B are often described as a cross-over between MDMA and LSD, yet neither of those. Though less ""pushy"" and not as directed as MDMA, at lower dosages 2C-B feels quite similar to ecstasy. At higher doses, it is pretty visual and should be regarded as a psychedelic drug, even if it is not quite as trippy as LSD.




A good source for further information on 2C-B is erowid.org, please use at your discretion, as it is a clearnet site:


https://www.erowid.org/chemicals/2cb/




As with all our merchandise, we ship the caps super safe and stealthy, the people that know us will remember that we have always been praised for your shipping methods!




Please also see our vendor page for our terms and conditions. When ordering from us, you agree to these terms.




Nice a nice and safe trip everyone!",Germany,Worldwide,03welle,BTC 0.3015,evolution
100x Golden Eagle | 200 - 220mg MDMA!,"The successors of the Warner Brothers! Just straight good time pills!




Name: Golden Eagles


Logo: eagle


Colour: yellow


Shape: triangle


Texture: hard




You can also check them out here on pill reports, use at your own discretion, as it is a clearnet site:


http://www.pillreports.com/index.php?page=display_pill&id=33407




As with all our merchandise, we ship the pills super safe and stealthy, the people that know us will remember that we have always been praised for your shipping methods!




Please also see our vendor page for our terms and conditions. When ordering from us, you agree to these terms.




Nice a nice and safe trip everyone!",Germany,Worldwide,03welle,BTC 1.5924,evolution
100x Purple Batteries | 200 - 220mg MDMA!,"Very empathic and joyful pills, the new Dominos!




Name: Purple Battery


Logo: +/-


Colour: Purple


Shape: 8 shape


Texture: hard




You can also check them out here on pill reports, use at your own discretion, as it is a clearnet site:


http://www.pillreports.com/index.php?page=display_pill&id=33811




As with all our merchandise, we ship the pills super safe and stealthy, the people that know us will remember that we have always been praised for your shipping methods!




Please also see our vendor page for our terms and conditions. When ordering from us, you agree to these terms.




Nice a nice and safe trip everyone!",Germany,Worldwide,03welle,BTC 1.5899,evolution
10x 18-20mg 2C-B HCl cap!,"You will be getting 5 caps with 18-20mg 2C-B HCl. The purity is absolutely top, around 99%!


The caps contain just pure 2C-B, no filler, so you can choose whether you want to ingest or insufflate.




The effects of 2C-B are often described as a cross-over between MDMA and LSD, yet neither of those. Though less ""pushy"" and not as directed as MDMA, at lower dosages 2C-B feels quite similar to ecstasy. At higher doses, it is pretty visual and should be regarded as a psychedelic drug, even if it is not quite as trippy as LSD.


We personally feel that 8-12mg are sufficient for recreational use and around 16mg already a solid trip, but as most people ask for 18-20mg that is what we offer. As we pack the caps ourselves, we can offer custom caps with any amount you fancy. This will generally be an additional 20% on the item price for lower and slightly higher dosages, due to the extra work. For significantly higher doses, we naturally have to ask more than an extra 20% and will negotiate the price individually. Please send us a message before ordering, we are sure we will be able to come to an agreement!




A good source for further information on 2C-B is erowid.org, please use at your discretion, as it is a clearnet site:


https://www.erowid.org/chemicals/2cb/




As with all our merchandise, we ship the caps super safe and stealthy, the people that know us will remember that we have always been praised for your shipping methods!




Please also see our vendor page for our terms and conditions. When ordering from us, you agree to these terms.




Nice a nice and safe trip everyone!",Germany,Worldwide,03welle,BTC 0.1629,evolution
1x 18-20mg 2C-B HCl cap!,"You will be getting 1 cap with 18-20mg 2C-B HCl. The purity is absolutely top, around 99%!


The caps contain just pure 2C-B, no filler, so you can choose whether you want to ingest or insufflate.




The effects of 2C-B are often described as a cross-over between MDMA and LSD, yet neither of those. Though less ""pushy"" and not as directed as MDMA, at lower dosages 2C-B feels quite similar to ecstasy. At higher doses, it is pretty visual and should be regarded as a psychedelic drug, even if it is not quite as trippy as LSD.


We personally feel that 8-12mg are sufficient for recreational use and around 16mg already a solid trip, but as most people ask for 18-20mg that is what we offer. As we pack the caps ourselves, we can offer custom caps with any amount you fancy. This will generally be an additional 20% on the item price for lower and slightly higher dosages, due to the extra work. For significantly higher doses, we naturally have to ask more than an extra 20% and will negotiate the price individually. Please send us a message before ordering, we are sure we will be able to come to an agreement!




A good source for further information on 2C-B is erowid.org, please use at your discretion, as it is a clearnet site:


https://www.erowid.org/chemicals/2cb/




As with all our merchandise, we ship the caps super safe and stealthy, the people that know us will remember that we have always been praised for your shipping methods!




Please also see our vendor page for our terms and conditions. When ordering from us, you agree to these terms.




Nice a nice and safe trip everyone!",Germany,Worldwide,03welle,BTC 0.0198,evolution
1x Golden Eagle | 200 - 220mg MDMA!,"The successors of the Warner Brothers! Just straight good time pills!




Name: Golden Eagles


Logo: eagle


Colour: yellow


Shape: triangle


Texture: hard




You can also check them out here on pill reports, use at your own discretion, as it is a clearnet site:


http://www.pillreports.com/index.php?page=display_pill&id=33407




As with all our merchandise, we ship the pills super safe and stealthy, the people that know us will remember that we have always been praised for your shipping methods!




Please also see our vendor page for our terms and conditions. When ordering from us, you agree to these terms.




Nice a nice and safe trip everyone!",Germany,Worldwide,03welle,BTC 0.0242,evolution
1x Purple Battery | 200 - 220mg MDMA!,"Very empathic and joyful pills, the new Dominos!




Name: Purple Battery


Logo: +/-


Colour: Purple


Shape: 8 shape


Texture: hard




You can also check them out here on pill reports, use at your own discretion, as it is a clearnet site:


http://www.pillreports.com/index.php?page=display_pill&id=33811




As with all our merchandise, we ship the pills super safe and stealthy, the people that know us will remember that we have always been praised for your shipping methods!




Please also see our vendor page for our terms and conditions. When ordering from us, you agree to these terms.




Nice a nice and safe trip everyone!",Germany,Worldwide,03welle,BTC 0.0241,evolution
1x Red Bugatti | 220 - 240mg MDMA!,"Amazing pills, even stronger than the first batch of the Bugattis!




Name: Red Bugatti


Logo: Bugatti


Colour: Red


Shape: oval


Texture: hard




You can also check them out here on pill reports, use at your own discretion, as it is a clearnet site:


http://www.pillreports.com/index.php?page=display_pill&id=33862




As with all our merchandise, we ship the pills super safe and stealthy, the people that know us will remember that we have always been praised for your shipping methods!




Please also see our vendor page for our terms and conditions. When ordering from us, you agree to these terms.




Nice a nice and safe trip everyone!",Germany,Worldwide,03welle,BTC 0.0241,evolution
200x Golden Eagle | 200 - 220mg MDMA!,"The successors of the Warner Brothers! Just straight good time pills!




Name: Golden Eagles


Logo: eagle


Colour: yellow


Shape: triangle


Texture: hard




You can also check them out here on pill reports, use at your own discretion, as it is a clearnet site:


http://www.pillreports.com/index.php?page=display_pill&id=33407




As with all our merchandise, we ship the pills super safe and stealthy, the people that know us will remember that we have always been praised for your shipping methods!




Please also see our vendor page for our terms and conditions. When ordering from us, you agree to these terms.




Nice a nice and safe trip everyone!",Germany,Worldwide,03welle,BTC 2.9859,evolution
200x Purple Batteries | 200 - 220mg MDMA!,"Very empathic and joyful pills, the new Dominos!




Name: Purple Battery


Logo: +/-


Colour: Purple


Shape: 8 shape


Texture: hard




You can also check them out here on pill reports, use at your own discretion, as it is a clearnet site:


http://www.pillreports.com/index.php?page=display_pill&id=33811




As with all our merchandise, we ship the pills super safe and stealthy, the people that know us will remember that we have always been praised for your shipping methods!




Please also see our vendor page for our terms and conditions. When ordering from us, you agree to these terms.




Nice a nice and safe trip everyone!",Germany,Worldwide,03welle,BTC 2.9811,evolution
25x Golden Eagle | 200 - 220mg MDMA!,"The successors of the Warner Brothers! Just straight good time pills!




Name: Golden Eagles


Logo: eagle


Colour: yellow


Shape: triangle


Texture: hard




You can also check them out here on pill reports, use at your own discretion, as it is a clearnet site:


http://www.pillreports.com/index.php?page=display_pill&id=33407




As with all our merchandise, we ship the pills super safe and stealthy, the people that know us will remember that we have always been praised for your shipping methods!




Please also see our vendor page for our terms and conditions. When ordering from us, you agree to these terms.




Nice a nice and safe trip everyone!",Germany,Worldwide,03welle,BTC 0.4976,evolution
25x Purple Batteries | 200 - 220mg MDMA!,"Very empathic and joyful pills, the new Dominos!




Name: Purple Battery


Logo: +/-


Colour: Purple


Shape: 8 shape


Texture: hard




You can also check them out here on pill reports, use at your own discretion, as it is a clearnet site:


http://www.pillreports.com/index.php?page=display_pill&id=33811




As with all our merchandise, we ship the pills super safe and stealthy, the people that know us will remember that we have always been praised for your shipping methods!




Please also see our vendor page for our terms and conditions. When ordering from us, you agree to these terms.




Nice a nice and safe trip everyone!",Germany,Worldwide,03welle,BTC 0.4968,evolution
25x Red Bugattis | 220 - 240mg MDMA!,"Amazing pills, even stronger than the first batch of the Bugattis!




Name: Red Bugatti


Logo: Bugatti


Colour: Red


Shape: oval


Texture: hard




You can also check them out here on pill reports, use at your own discretion, as it is a clearnet site:


http://www.pillreports.com/index.php?page=display_pill&id=33862




As with all our merchandise, we ship the pills super safe and stealthy, the people that know us will remember that we have always been praised for your shipping methods!




Please also see our vendor page for our terms and conditions. When ordering from us, you agree to these terms.




Nice a nice and safe trip everyone!",Germany,Worldwide,03welle,BTC 0.4968,evolution
3x 18-20mg 2C-B HCl cap!,"You will be getting 3 caps with 18-20mg 2C-B HCl. The purity is absolutely top, around 99%!


The caps contain just pure 2C-B, no filler, so you can choose whether you want to ingest or insufflate.




The effects of 2C-B are often described as a cross-over between MDMA and LSD, yet neither of those. Though less ""pushy"" and not as directed as MDMA, at lower dosages 2C-B feels quite similar to ecstasy. At higher doses, it is pretty visual and should be regarded as a psychedelic drug, even if it is not quite as trippy as LSD.


We personally feel that 8-12mg are sufficient for recreational use and around 16mg already a solid trip, but as most people ask for 18-20mg that is what we offer. As we pack the caps ourselves, we can offer custom caps with any amount you fancy. This will generally be an additional 20% on the item price for lower and slightly higher dosages, due to the extra work. For significantly higher doses, we naturally have to ask more than an extra 20% and will negotiate the price individually. Please send us a message before ordering, we are sure we will be able to come to an agreement!




A good source for further information on 2C-B is erowid.org, please use at your discretion, as it is a clearnet site:


https://www.erowid.org/chemicals/2cb/




As with all our merchandise, we ship the caps super safe and stealthy, the people that know us will remember that we have always been praised for your shipping methods!




Please also see our vendor page for our terms and conditions. When ordering from us, you agree to these terms.




Nice a nice and safe trip everyone!",Germany,Worldwide,03welle,BTC 0.0560,evolution
3x Golden Eagle | 200 - 220mg MDMA!,"The successors of the Warner Brothers! Just straight good time pills!




Name: Golden Eagles


Logo: eagle


Colour: yellow


Shape: triangle


Texture: hard




You can also check them out here on pill reports, use at your own discretion, as it is a clearnet site:


http://www.pillreports.com/index.php?page=display_pill&id=33407




As with all our merchandise, we ship the pills super safe and stealthy, the people that know us will remember that we have always been praised for your shipping methods!




Please also see our vendor page for our terms and conditions. When ordering from us, you agree to these terms.




Nice a nice and safe trip everyone!",Germany,Worldwide,03welle,BTC 0.0682,evolution
3x Purple Batteries | 200 - 220mg MDMA!,"Very empathic and joyful pills, the new Dominos!




Name: Purple Battery


Logo: +/-


Colour: Purple


Shape: 8 shape


Texture: hard




You can also check them out here on pill reports, use at your own discretion, as it is a clearnet site:


http://www.pillreports.com/index.php?page=display_pill&id=33811




As with all our merchandise, we ship the pills super safe and stealthy, the people that know us will remember that we have always been praised for your shipping methods!




Please also see our vendor page for our terms and conditions. When ordering from us, you agree to these terms.




Nice a nice and safe trip everyone!",Germany,Worldwide,03welle,BTC 0.0681,evolution
3x Red Bugattis | 220 - 240mg MDMA!,"Amazing pills, even stronger than the first batch of the Bugattis!




Name: Red Bugatti


Logo: Bugatti


Colour: Red


Shape: oval


Texture: hard




You can also check them out here on pill reports, use at your own discretion, as it is a clearnet site:


http://www.pillreports.com/index.php?page=display_pill&id=33862




As with all our merchandise, we ship the pills super safe and stealthy, the people that know us will remember that we have always been praised for your shipping methods!




Please also see our vendor page for our terms and conditions. When ordering from us, you agree to these terms.




Nice a nice and safe trip everyone!",Germany,Worldwide,03welle,BTC 0.0681,evolution
500mg 2C-B HCl powder | 98% pure!,"The effects of 2C-B are often described as a cross-over between MDMA and LSD, yet neither of those. Though less ""pushy"" and not as directed as MDMA, at lower dosages 2C-B feels quite similar to ecstasy. At higher doses, it is pretty visual and should be regarded as a psychedelic drug, even if it is not quite as trippy as LSD.




A good source for further information on 2C-B is erowid.org, please use at your discretion, as it is a clearnet site:


https://www.erowid.org/chemicals/2cb/




As with all our merchandise, we ship the 2C-B super safe and stealthy, the people that know us will remember that we have always been praised for your shipping methods!




Please also see our vendor page for our terms and conditions. When ordering from us, you agree to these terms.




Nice a nice and safe trip everyone!",Germany,Worldwide,03welle,BTC 0.1804,evolution
50x Golden Eagle | 200 - 220mg MDMA!,"The successors of the Warner Brothers! Just straight good time pills!




Name: Golden Eagles


Logo: eagle


Colour: yellow


Shape: triangle


Texture: hard




You can also check them out here on pill reports, use at your own discretion, as it is a clearnet site:


http://www.pillreports.com/index.php?page=display_pill&id=33407




As with all our merchandise, we ship the pills super safe and stealthy, the people that know us will remember that we have always been praised for your shipping methods!




Please also see our vendor page for our terms and conditions. When ordering from us, you agree to these terms.




Nice a nice and safe trip everyone!",Germany,Worldwide,03welle,BTC 0.8957,evolution
50x Purple Batteries | 200 - 220mg MDMA!,"Very empathic and joyful pills, the new Dominos!




Name: Purple Battery


Logo: +/-


Colour: Purple


Shape: 8 shape


Texture: hard




You can also check them out here on pill reports, use at your own discretion, as it is a clearnet site:


http://www.pillreports.com/index.php?page=display_pill&id=33811




As with all our merchandise, we ship the pills super safe and stealthy, the people that know us will remember that we have always been praised for your shipping methods!




Please also see our vendor page for our terms and conditions. When ordering from us, you agree to these terms.




Nice a nice and safe trip everyone!",Germany,Worldwide,03welle,BTC 0.8943,evolution
5x 18-20mg 2C-B HCl cap!,"You will be getting 5 caps with 18-20mg 2C-B HCl. The purity is absolutely top, around 99%!


The caps contain just pure 2C-B, no filler, so you can choose whether you want to ingest or insufflate.




The effects of 2C-B are often described as a cross-over between MDMA and LSD, yet neither of those. Though less ""pushy"" and not as directed as MDMA, at lower dosages 2C-B feels quite similar to ecstasy. At higher doses, it is pretty visual and should be regarded as a psychedelic drug, even if it is not quite as trippy as LSD.


We personally feel that 8-12mg are sufficient for recreational use and around 16mg already a solid trip, but as most people ask for 18-20mg that is what we offer. As we pack the caps ourselves, we can offer custom caps with any amount you fancy. This will generally be an additional 20% on the item price for lower and slightly higher dosages, due to the extra work. For significantly higher doses, we naturally have to ask more than an extra 20% and will negotiate the price individually. Please send us a message before ordering, we are sure we will be able to come to an agreement!




A good source for further information on 2C-B is erowid.org, please use at your discretion, as it is a clearnet site:


https://www.erowid.org/chemicals/2cb/




As with all our merchandise, we ship the caps super safe and stealthy, the people that know us will remember that we have always been praised for your shipping methods!




Please also see our vendor page for our terms and conditions. When ordering from us, you agree to these terms.




Nice a nice and safe trip everyone!",Germany,Worldwide,03welle,BTC 0.0874,evolution
5x Golden Eagle | 200 - 220mg MDMA!,"The successors of the Warner Brothers! Just straight good time pills!




Name: Golden Eagles


Logo: eagle


Colour: yellow


Shape: triangle


Texture: hard




You can also check them out here on pill reports, use at your own discretion, as it is a clearnet site:


http://www.pillreports.com/index.php?page=display_pill&id=33407




As with all our merchandise, we ship the pills super safe and stealthy, the people that know us will remember that we have always been praised for your shipping methods!




Please also see our vendor page for our terms and conditions. When ordering from us, you agree to these terms.




Nice a nice and safe trip everyone!",Germany,Worldwide,03welle,BTC 0.1065,evolution
5x Purple Batteries | 200 - 220mg MDMA!,"Very empathic and joyful pills, the new Dominos!




Name: Purple Battery


Logo: +/-


Colour: Purple


Shape: 8 shape


Texture: hard




You can also check them out here on pill reports, use at your own discretion, as it is a clearnet site:


http://www.pillreports.com/index.php?page=display_pill&id=33811




As with all our merchandise, we ship the pills super safe and stealthy, the people that know us will remember that we have always been praised for your shipping methods!




Please also see our vendor page for our terms and conditions. When ordering from us, you agree to these terms.




Nice a nice and safe trip everyone!",Germany,Worldwide,03welle,BTC 0.1063,evolution
5x Red Bugattis | 220 - 240mg MDMA!,"Amazing pills, even stronger than the first batch of the Bugattis!




Name: Red Bugatti


Logo: Bugatti


Colour: Red


Shape: oval


Texture: hard




You can also check them out here on pill reports, use at your own discretion, as it is a clearnet site:


http://www.pillreports.com/index.php?page=display_pill&id=33862




As with all our merchandise, we ship the pills super safe and stealthy, the people that know us will remember that we have always been praised for your shipping methods!




Please also see our vendor page for our terms and conditions. When ordering from us, you agree to these terms.




Nice a nice and safe trip everyone!",Germany,Worldwide,03welle,BTC 0.1030,evolution
cheese 10 gram maskinklippt,"Cheese: Indica dominant hybrid, kurerad 4 månader, maskinklippt sensimilla. Stark doft.




0420 <---------- Välkommen.


Denna shop kommer dedikeras enbart till cannabis, naturens egna medicin.


Hobbyprojekt för att jag tycker man ska inte kunna förbjuda modernatur.


Detta är mitt sätt att dra strået till stacken för en normalisering.


Samt att få in några slantar i detta skuldsamhälle.


Håll mig borta från flashback och liknande, men berätta gärna för din vän.


Ta hand om er och må väl. 




Tackar ödmjukast för all positiv feedback, det värmer.




På lager:


MediHaze, minst 1:1 cbd/thc-ratio. Shanti Baba avlad med gener från resin seeds.


Cheese, kaxig skunk-pheno med klös och stark doft!




Endast krypterade ordrar till privatpersoner. (ålder kontrolleras)


Ordrar av personer under 20år behandlas ej.


Skickar diskret endast ifrån & till Sverige vakuumpackat.


Uppgifter raderas efter försändelsen postas.


Fridens liljor.",Sweden,Sweden,0420,BTC 0.5058,evolution
50 x 50mg Tablets Sildenafil Citrate (Viagra),"This listing is for 1 bottle of 50 x 50mg Sildenafil Citrate (Viagra) tablets. These tablets are always good to have on hand when coming off of a harsh steroid or prohormone cycle, after a booze or drug fueled night, or if you just want to have sex like a porn star for hours. They take about 15-30 minutes to kick in and typically last for at least 5 hours.",United States,United States,1-Stop-Shop,BTC 0.2200,evolution
** 1 Gram**  Psilocybe Cubensis Mushroom Capsules,"Here i am offering 1 Gram worth of Psilocybe Cubensis Mushroom Powder in Capsule form





****Dosage Guidelines****



     Light Dose :     1 Gram

Average Dose:    1.5 - 3.5 Grams

   Strong Dose:     3.5 - 5 Grams

   Heavy Dose:     5 Grams +





**** The benefit of Mushroom Capsules **** 



Taking Mushrooms in capsule form has many benefits. This includes:



Taste: The biggest downside to taking Mushrooms always seems to be the taste.. They don't taste that great the be perfectly honest! But taking them in my capsule form this completely eliminates the issue.



Easy:  These capsules are as easy to take as any other capsule or pill that you may have taken in the past. Simply swallow it with water and wait for the trip!



Quick: For Mushrooms to work your stomach acid has to break down and process the mushrooms first for them to take effect. Because i have already grounded the Mushrooms into powder your body is able to absorb them much quicker. This leads to a quicker and cleaner come up.



Stealth: In the unfortunate event that you are caught with these on you by Law Enforcement then it would be much easier to explain that these are some form of Herbal Medicine/Supplement opposed to an illegal drug simply because they are not something Law Enforcement are familiar with.





**** Estimated Postage ****



I am based within the EU. For security reasons i am not prepared to state which country but i do ship WorldWide. My postage time estimates are as follows:



Europe: 3 - 5 Working Days

Rest of World: 5 - 7 Working Days



I do not send packages that require a signature. This is simply for security reasons.





**** I pride myself on a professional service. Here are my promises ****



Quality of product: I am an experienced grower so be assured that i provide potent and quality Mushrooms. I only wish to provide you with the best product possible to make sure you have a great experience



Same day postage: I will post your items the same day you make the order. Making sure you receive your product as soon as possible. 



Professional Stealth: Stealth is usually the biggest concern amongst customers using these services. Because of this i make the utmost effort to insure my stealth is as good as i can make it. I make sure every package looks professional. It doesn't stick out from the crowd as it looks like any other package. 

Also inside the package i make sure that the contents are not visible. This is so that if the package was damaged for whatever reason or if anybody decided to be nosey and look inside they would not be able to see the product. The packages i use also fit through standard letter boxes so will still be delivered if you are outside of the house.





****Guide for first timers and inexperienced users****



Because some of you maybe unfamiliar with a mushroom trip i feel, as the provider, i have the responsibility to lend some advice to make you you have the best experience possible. 



**** Set, Setting and Bad Trip Management ****



1. Your mindset as you take mushrooms is very important. A mushroom trip is not just visual hallucinations. You can also experience such things as fascinating and mind expanding thought patterns. This is usually extremely enjoyable but if you enter a mushroom trip with pressing matters on your mind it can sometimes effect your trip. If you are inexperienced with Mushroom use i would strongly suggest taking them when you are in a clear and positive mindset.



2. Setting is also important for inexperienced users. When you first experience psychedelics it's like something you have never experienced before. What you experience varies from the dosage you take but regardless you can experience numerous effects such as: 



Euphoria

Laughing Fits

Creative, Philosophical or Deep thinking

Feelings of wonder

Time may seem to pass by slowly

Etc



Add those to the potential Open and Closed eye visuals, the whole experience may feel overwhelming at first. Because of this i always recommend making sure you are in a safe and familiar environment for your first trips. A place where you know you won't be disturbed and can enjoy yourself with total freedom.

If you decide to take these in public then i strongly suggest making sure you are with close friends that you trust. This also goes for tripping indoors as well simply because tripping with great friends is a fantastic experience.



3. Bad Trip Management



All of what i said above with make you feel at ease and will help you have the enjoyable experience that Magic Mushrooms provide. Though if you do find yourself starting to have a bad trip, or if someone you know is then i advise doing the following:



Stay calm. If you are having an uneasy experience just remember that it will pass.



Change your setting: Sometimes going into another room, away from everyone else can reduce anxiety and bring back clarity



Change the Media: If you are listening to music or watching a film and you are picking up some bad vibes then simply changing them to something else, or off completely can help



Trust the Mushrooms: What i mean by this is trust the fact you will not overdose. To over dose on these mushrooms you would need to consume 17 POUNDS… thats a lot! So remember that you are 100% safe.



Don't fight the experience: Most bad trips i find come from people resisting the experience. Sometimes people find the alien world of a trip a bit too strange and overwhelming. If this is the case i strongly suggest you stay calm and ride out the experience. Try to enjoy it the best you can as trying to fight it just leads to anxiety and bad trips. 



Bad trips are very uncommon when you have a good ""Set & Setting"" and often provide safe and incredibly fun experiences. But if you do have a bad experience, just remember, it will end. It may be a good idea to have something like Xanax on hand to use as anti anxiety if you do have a bad trip as i have read reports that it works to stop it. Don't take it before a trip though as it does reduce the effect of good trips as well as bad ones



If you would like to research in more depth then i strongly suggest reading through this website. It has a wealth of Knowledge on every drug imaginable including dosage suggestions, trip reports and various ways to take the mushrooms.



https://www.erowid.org/plants/mushrooms/mushrooms.shtml 



I hope this information has been helpful

Have a Happy Trip",Worldwide,Worldwide,1-Up,BTC 0.0141,evolution
** 3.5 Grams**  of Psilocybe Cubensis Mushroom Capsules,"Here i am offering 3.5 Grams worth of Psilocybe Cubensis Mushroom Powder in Capsule form





****Dosage Guidelines****



     Light Dose :     1 Gram

Average Dose:    1.5 - 3.5 Grams

   Strong Dose:     3.5 - 5 Grams

   Heavy Dose:     5 Grams +





**** The benefit of Mushroom Capsules **** 



Taking Mushrooms in capsule form has many benefits. This includes:



Taste: The biggest downside to taking Mushrooms always seems to be the taste.. They don't taste that great the be perfectly honest! But taking them in my capsule form this completely eliminates the issue.



Easy:  These capsules are as easy to take as any other capsule or pill that you may have taken in the past. Simply swallow it with water and wait for the trip!



Quick: For Mushrooms to work your stomach acid has to break down and process the mushrooms first for them to take effect. Because i have already grounded the Mushrooms into powder your body is able to absorb them much quicker. This leads to a quicker and cleaner come up.



Stealth: In the unfortunate event that you are caught with these on you by Law Enforcement then it would be much easier to explain that these are some form of Herbal Medicine/Supplement opposed to an illegal drug simply because they are not something Law Enforcement are familiar with.





**** Estimated Postage ****



I am based within the EU. For security reasons i am not prepared to state which country but i do ship WorldWide. My postage time estimates are as follows:



Europe: 3 - 5 Working Days

Rest of World: 5 - 7 Working Days



I do not send packages that require a signature. This is simply for security reasons.





**** I pride myself on a professional service. Here are my promises ****



Quality of product: I am an experienced grower so be assured that i provide potent and quality Mushrooms. I only wish to provide you with the best product possible to make sure you have a great experience



Same day postage: I will post your items the same day you make the order. Making sure you receive your product as soon as possible. 



Professional Stealth: Stealth is usually the biggest concern amongst customers using these services. Because of this i make the utmost effort to insure my stealth is as good as i can make it. I make sure every package looks professional. It doesn't stick out from the crowd as it looks like any other package. 

Also inside the package i make sure that the contents are not visible. This is so that if the package was damaged for whatever reason or if anybody decided to be nosey and look inside they would not be able to see the product. The packages i use also fit through standard letter boxes so will still be delivered if you are outside of the house.





****Guide for first timers and inexperienced users****



Because some of you maybe unfamiliar with a mushroom trip i feel, as the provider, i have the responsibility to lend some advice to make you you have the best experience possible. 



**** Set, Setting and Bad Trip Management ****



1. Your mindset as you take mushrooms is very important. A mushroom trip is not just visual hallucinations. You can also experience such things as fascinating and mind expanding thought patterns. This is usually extremely enjoyable but if you enter a mushroom trip with pressing matters on your mind it can sometimes effect your trip. If you are inexperienced with Mushroom use i would strongly suggest taking them when you are in a clear and positive mindset.



2. Setting is also important for inexperienced users. When you first experience psychedelics it's like something you have never experienced before. What you experience varies from the dosage you take but regardless you can experience numerous effects such as: 



Euphoria

Laughing Fits

Creative, Philosophical or Deep thinking

Feelings of wonder

Time may seem to pass by slowly

Etc



Add those to the potential Open and Closed eye visuals, the whole experience may feel overwhelming at first. Because of this i always recommend making sure you are in a safe and familiar environment for your first trips. A place where you know you won't be disturbed and can enjoy yourself with total freedom.

If you decide to take these in public then i strongly suggest making sure you are with close friends that you trust. This also goes for tripping indoors as well simply because tripping with great friends is a fantastic experience.



3. Bad Trip Management



All of what i said above with make you feel at ease and will help you have the enjoyable experience that Magic Mushrooms provide. Though if you do find yourself starting to have a bad trip, or if someone you know is then i advise doing the following:



Stay calm. If you are having an uneasy experience just remember that it will pass.



Change your setting: Sometimes going into another room, away from everyone else can reduce anxiety and bring back clarity



Change the Media: If you are listening to music or watching a film and you are picking up some bad vibes then simply changing them to something else, or off completely can help



Trust the Mushrooms: What i mean by this is trust the fact you will not overdose. To over dose on these mushrooms you would need to consume 17 POUNDS… thats a lot! So remember that you are 100% safe.



Don't fight the experience: Most bad trips i find come from people resisting the experience. Sometimes people find the alien world of a trip a bit too strange and overwhelming. If this is the case i strongly suggest you stay calm and ride out the experience. Try to enjoy it the best you can as trying to fight it just leads to anxiety and bad trips. 



Bad trips are very uncommon when you have a good ""Set & Setting"" and often provide safe and incredibly fun experiences. But if you do have a bad experience, just remember, it will end. It may be a good idea to have something like Xanax on hand to use as anti anxiety if you do have a bad trip as i have read reports that it works to stop it. Don't take it before a trip though as it does reduce the effect of good trips as well as bad ones



If you would like to research in more depth then i strongly suggest reading through this website. It has a wealth of Knowledge on every drug imaginable including dosage suggestions, trip reports and various ways to take the mushrooms.



https://www.erowid.org/plants/mushrooms/mushrooms.shtml 



I hope this information has been helpful

Have a happy Trip",Worldwide,Worldwide,1-Up,BTC 0.0443,evolution
** 3.5 Grams** of Psilocybe Cubensis Mushrooms,"Here i am offering 3.5 Grams of Psilocybe Cubensis Mushrooms





****Dosage Guidelines****



     Light Dose :     1 Gram

Average Dose:    1.5 - 3.5 Grams

   Strong Dose:     3.5 - 5 Grams

   Heavy Dose:     5 Grams +





**** Estimated Postage ****



I am based within the EU. For security reasons i am not prepared to state which country but i do ship WorldWide. My postage time estimates are as follows:



Europe: 3 - 5 Working Days

Rest of World: 5 - 7 Working Days



I do not send packages that require a signature. This is simply for security reasons.





**** I pride myself on a professional service. Here are my promises ****



Quality of product: I am an experienced grower so be assured that i provide potent and quality Mushrooms. I only wish to provide you with the best product possible to make sure you have a great experience



Same day postage: I will post your items the same day you make the order. Making sure you receive your product as soon as possible. 



Professional Stealth: Stealth is usually the biggest concern amongst customers using these services. Because of this i make the utmost effort to insure my stealth is as good as i can make it. I make sure every package looks professional. It doesn't stick out from the crowd as it looks like any other package. 

Also inside the package i make sure that the contents are not visible. This is so that if the package was damaged for whatever reason or if anybody decided to be nosey and look inside they would not be able to see the product. The packages i use also fit through standard letter boxes so will still be delivered if you are outside of the house.





****Guide for first timers and inexperienced users****



Because some of you maybe unfamiliar with a mushroom trip i feel, as the provider, i have the responsibility to lend some advice to make you you have the best experience possible. 



**** Set, Setting and Bad Trip Management ****



1. Your mindset as you take mushrooms is very important. A mushroom trip is not just visual hallucinations. You can also experience such things as fascinating and mind expanding thought patterns. This is usually extremely enjoyable but if you enter a mushroom trip with pressing matters on your mind it can sometimes effect your trip. If you are inexperienced with Mushroom use i would strongly suggest taking them when you are in a clear and positive mindset.



2. Setting is also important for inexperienced users. When you first experience psychedelics it's like something you have never experienced before. What you experience varies from the dosage you take but regardless you can experience numerous effects such as: 



Euphoria

Laughing Fits

Creative, Philosophical or Deep thinking

Feelings of wonder

Time may seem to pass by slowly

Etc



Add those to the potential Open and Closed eye visuals, the whole experience may feel overwhelming at first. Because of this i always recommend making sure you are in a safe and familiar environment for your first trips. A place where you know you won't be disturbed and can enjoy yourself with total freedom.

If you decide to take these in public then i strongly suggest making sure you are with close friends that you trust. This also goes for tripping indoors as well simply because tripping with great friends is a fantastic experience.



3. Bad Trip Management



All of what i said above with make you feel at ease and will help you have the enjoyable experience that Magic Mushrooms provide. Though if you do find yourself starting to have a bad trip, or if someone you know is then i advise doing the following:



Stay calm. If you are having an uneasy experience just remember that it will pass.



Change your setting: Sometimes going into another room, away from everyone else can reduce anxiety and bring back clarity



Change the Media: If you are listening to music or watching a film and you are picking up some bad vibes then simply changing them to something else, or off completely can help



Trust the Mushrooms: What i mean by this is trust the fact you will not overdose. To over dose on these mushrooms you would need to consume 17 POUNDS… thats a lot! So remember that you are 100% safe.



Don't fight the experience: Most bad trips i find come from people resisting the experience. Sometimes people find the alien world of a trip a bit too strange and overwhelming. If this is the case i strongly suggest you stay calm and ride out the experience. Try to enjoy it the best you can as trying to fight it just leads to anxiety and bad trips. 



Bad trips are very uncommon when you have a good ""Set & Setting"" and often provide safe and incredibly fun experiences. But if you do have a bad experience, just remember, it will end. It may be a good idea to have something like Xanax on hand to use as anti anxiety if you do have a bad trip as i have read reports that it works to stop it. Don't take it before a trip though as it does reduce the effect of good trips as well as bad ones



If you would like to research in more depth then i strongly suggest reading through this website. It has a wealth of Knowledge on every drug imaginable including dosage suggestions, trip reports and various ways to take the mushrooms.



https://www.erowid.org/plants/mushrooms/mushrooms.shtml 



I hope this information has been helpful

Have a happy Trip",Worldwide,Worldwide,1-Up,BTC 0.0443,evolution
***Free Sample*** Psilocybe Cubensis Mushrooms (Mushrooms or Capsules),"Hello, i am a new Vendor who is selling Psilocybe Cubensis mushrooms. 



As great as the Darknet Markets are, i'm fully aware that there are many scammers out there so as a way of proving that i am genuine i am offering ""30 free samples"" of ""3 Grams"" worth of magic mushrooms, either in their natural form or in the form of powder inside capsules.



My aim is to gather positive feedback on my products and overall service as i'm fully aware that reputation is everything when it comes to being a vendor. I have read a few horror stories when it comes to how certain vendors work and i'm simply looking to prove that i provide a professional service.



As i mentioned above, i am offering 30 free samples and the offer will run until they have all been purchased, so get in while you can. I do however have over stock that is available for a fair price. So if you are interested in my products when this offer expires or simply would like a larger amount feel free to check out my Store.



****What ever you preference may be, Mushrooms in their raw form or in capsules, just let me know by stating when inputting your address *****



********************************************************************************************************





****Dosage Guidelines****



     Light Dose :     1 Gram

Average Dose:    1.5 - 3.5 Grams

   Strong Dose:     3.5 - 5 Grams

   Heavy Dose:     5 Grams +





**** Estimated Postage ****



I am based within the EU. For security reasons i am not prepared to state which country but i do ship WorldWide. My postage time estimates are as follows:



Europe: 3 - 5 Working Days

Rest of World: 5 - 7 Working Days



I do not send packages that require a signature. This is simply for security reasons.





**** I pride myself on a professional service. Here are my promises ****



Quality of product: I am an experienced grower so be assured that i provide potent and quality Mushrooms. I only wish to provide you with the best product possible to make sure you have a great experience



Same day postage: I will post your items the same day you make the order. Making sure you receive your product as soon as possible. 



Professional Stealth: Stealth is usually the biggest concern amongst customers using these services. Because of this i make the utmost effort to insure my stealth is as good as i can make it. I make sure every package looks professional. It doesn't stick out from the crowd as it looks like any other package. 

Also inside the package i make sure that the contents are not visible. This is so that if the package was damaged for whatever reason or if anybody decided to be nosey and look inside they would not be able to see the product. The packages i use also fit through standard letter boxes so will still be delivered if you are outside of the house.





****Guide for first timers and inexperienced users****



Because some of you maybe unfamiliar with a mushroom trip i feel, as the provider, i have the responsibility to lend some advice to make you you have the best experience possible. 



**** Set, Setting and Bad Trip Management ****



1. Your mindset as you take mushrooms is very important. A mushroom trip is not just visual hallucinations. You can also experience such things as fascinating and mind expanding thought patterns. This is usually extremely enjoyable but if you enter a mushroom trip with pressing matters on your mind it can sometimes effect your trip. If you are inexperienced with Mushroom use i would strongly suggest taking them when you are in a clear and positive mindset.



2. Setting is also important for inexperienced users. When you first experience psychedelics it's like something you have never experienced before. What you experience varies from the dosage you take but regardless you can experience numerous effects such as: 



Euphoria

Laughing Fits

Creative, Philosophical or Deep thinking

Feelings of wonder

Time may seem to pass by slowly

Etc



Add those to the potential Open and Closed eye visuals, the whole experience may feel overwhelming at first. Because of this i always recommend making sure you are in a safe and familiar environment for your first trips. A place where you know you won't be disturbed and can enjoy yourself with total freedom.

If you decide to take these in public then i strongly suggest making sure you are with close friends that you trust. This also goes for tripping indoors as well simply because tripping with great friends is a fantastic experience.



3. Bad Trip Management



All of what i said above with make you feel at ease and will help you have the enjoyable experience that Magic Mushrooms provide. Though if you do find yourself starting to have a bad trip, or if someone you know is then i advise doing the following:



Stay calm. If you are having an uneasy experience just remember that it will pass.



Change your setting: Sometimes going into another room, away from everyone else can reduce anxiety and bring back clarity



Change the Media: If you are listening to music or watching a film and you are picking up some bad vibes then simply changing them to something else, or off completely can help



Trust the Mushrooms: What i mean by this is trust the fact you will not overdose. To over dose on these mushrooms you would need to consume 17 POUNDS… thats a lot! So remember that you are 100% safe.



Don't fight the experience: Most bad trips i find come from people resisting the experience. Sometimes people find the alien world of a trip a bit too strange and overwhelming. If this is the case i strongly suggest you stay calm and ride out the experience. Try to enjoy it the best you can as trying to fight it just leads to anxiety and bad trips. 



Bad trips are very uncommon when you have a good ""Set & Setting"" and often provide safe and incredibly fun experiences. But if you do have a bad experience, just remember, it will end. It may be a good idea to have something like Xanax on hand to use as anti anxiety if you do have a bad trip as i have read reports that it works to stop it. Don't take it before a trip though as it does reduce the effect of good trips as well as bad ones



If you would like to research in more depth then i strongly suggest reading through this website. It has a wealth of Knowledge on every drug imaginable including dosage suggestions, trip reports and various ways to take the mushrooms.



https://www.erowid.org/plants/mushrooms/mushrooms.shtml 



I hope this information has been helpful

Have a happy Trip",Worldwide,Worldwide,1-Up,BTC 0.0000,evolution
**1 Gram** of Psilocybe Cubensis Mushrooms,"Here i am offering 1 Gram of Psilocybe Cubensis Mushrooms





****Dosage Guidelines****



     Light Dose :     1 Gram

Average Dose:    1.5 - 3.5 Grams

   Strong Dose:     3.5 - 5 Grams

   Heavy Dose:     5 Grams +





**** Estimated Postage ****



I am based within the EU. For security reasons i am not prepared to state which country but i do ship WorldWide. My postage time estimates are as follows:



Europe: 3 - 5 Working Days

Rest of World: 5 - 7 Working Days



I do not send packages that require a signature. This is simply for security reasons.





**** I pride myself on a professional service. Here are my promises ****



Quality of product: I am an experienced grower so be assured that i provide potent and quality Mushrooms. I only wish to provide you with the best product possible to make sure you have a great experience



Same day postage: I will post your items the same day you make the order. Making sure you receive your product as soon as possible. 



Professional Stealth: Stealth is usually the biggest concern amongst customers using these services. Because of this i make the utmost effort to insure my stealth is as good as i can make it. I make sure every package looks professional. It doesn't stick out from the crowd as it looks like any other package. 

Also inside the package i make sure that the contents are not visible. This is so that if the package was damaged for whatever reason or if anybody decided to be nosey and look inside they would not be able to see the product. The packages i use also fit through standard letter boxes so will still be delivered if you are outside of the house.





****Guide for first timers and inexperienced users****



Because some of you maybe unfamiliar with a mushroom trip i feel, as the provider, i have the responsibility to lend some advice to make you you have the best experience possible. 



**** Set, Setting and Bad Trip Management ****



1. Your mindset as you take mushrooms is very important. A mushroom trip is not just visual hallucinations. You can also experience such things as fascinating and mind expanding thought patterns. This is usually extremely enjoyable but if you enter a mushroom trip with pressing matters on your mind it can sometimes effect your trip. If you are inexperienced with Mushroom use i would strongly suggest taking them when you are in a clear and positive mindset.



2. Setting is also important for inexperienced users. When you first experience psychedelics it's like something you have never experienced before. What you experience varies from the dosage you take but regardless you can experience numerous effects such as: 



Euphoria

Laughing Fits

Creative, Philosophical or Deep thinking

Feelings of wonder

Time may seem to pass by slowly

Etc



Add those to the potential Open and Closed eye visuals, the whole experience may feel overwhelming at first. Because of this i always recommend making sure you are in a safe and familiar environment for your first trips. A place where you know you won't be disturbed and can enjoy yourself with total freedom.

If you decide to take these in public then i strongly suggest making sure you are with close friends that you trust. This also goes for tripping indoors as well simply because tripping with great friends is a fantastic experience.



3. Bad Trip Management



All of what i said above with make you feel at ease and will help you have the enjoyable experience that Magic Mushrooms provide. Though if you do find yourself starting to have a bad trip, or if someone you know is then i advise doing the following:



Stay calm. If you are having an uneasy experience just remember that it will pass.



Change your setting: Sometimes going into another room, away from everyone else can reduce anxiety and bring back clarity



Change the Media: If you are listening to music or watching a film and you are picking up some bad vibes then simply changing them to something else, or off completely can help



Trust the Mushrooms: What i mean by this is trust the fact you will not overdose. To over dose on these mushrooms you would need to consume 17 POUNDS… thats a lot! So remember that you are 100% safe.



Don't fight the experience: Most bad trips i find come from people resisting the experience. Sometimes people find the alien world of a trip a bit too strange and overwhelming. If this is the case i strongly suggest you stay calm and ride out the experience. Try to enjoy it the best you can as trying to fight it just leads to anxiety and bad trips. 



Bad trips are very uncommon when you have a good ""Set & Setting"" and often provide safe and incredibly fun experiences. But if you do have a bad experience, just remember, it will end. It may be a good idea to have something like Xanax on hand to use as anti anxiety if you do have a bad trip as i have read reports that it works to stop it. Don't take it before a trip though as it does reduce the effect of good trips as well as bad ones



If you would like to research in more depth then i strongly suggest reading through this website. It has a wealth of Knowledge on every drug imaginable including dosage suggestions, trip reports and various ways to take the mushrooms.



https://www.erowid.org/plants/mushrooms/mushrooms.shtml 



I hope this information has been helpful

Have a happy Trip",Worldwide,Worldwide,1-Up,BTC 0.0141,evolution
**14 Grams** Psilocybe Cubensis Mushroom Capsules,"Here i am offering 14 Grams worth of Psilocybe Cubensis Mushroom Powder in Capsule form





****Dosage Guidelines****



     Light Dose :     1 Gram

Average Dose:    1.5 - 3.5 Grams

   Strong Dose:     3.5 - 5 Grams

   Heavy Dose:     5 Grams +





**** The benefit of Mushroom Capsules **** 



Taking Mushrooms in capsule form has many benefits. This includes:



Taste: The biggest downside to taking Mushrooms always seems to be the taste.. They don't taste that great the be perfectly honest! But taking them in my capsule form this completely eliminates the issue.



Easy:  These capsules are as easy to take as any other capsule or pill that you may have taken in the past. Simply swallow it with water and wait for the trip!



Quick: For Mushrooms to work your stomach acid has to break down and process the mushrooms first for them to take effect. Because i have already grounded the Mushrooms into powder your body is able to absorb them much quicker. This leads to a quicker and cleaner come up.



Stealth: In the unfortunate event that you are caught with these on you by Law Enforcement then it would be much easier to explain that these are some form of Herbal Medicine/Supplement opposed to an illegal drug simply because they are not something Law Enforcement are familiar with.





**** Estimated Postage ****



I am based within the EU. For security reasons i am not prepared to state which country but i do ship WorldWide. My postage time estimates are as follows:



Europe: 3 - 5 Working Days

Rest of World: 5 - 7 Working Days



I do not send packages that require a signature. This is simply for security reasons.





**** I pride myself on a professional service. Here are my promises ****



Quality of product: I am an experienced grower so be assured that i provide potent and quality Mushrooms. I only wish to provide you with the best product possible to make sure you have a great experience



Same day postage: I will post your items the same day you make the order. Making sure you receive your product as soon as possible. 



Professional Stealth: Stealth is usually the biggest concern amongst customers using these services. Because of this i make the utmost effort to insure my stealth is as good as i can make it. I make sure every package looks professional. It doesn't stick out from the crowd as it looks like any other package. 

Also inside the package i make sure that the contents are not visible. This is so that if the package was damaged for whatever reason or if anybody decided to be nosey and look inside they would not be able to see the product. The packages i use also fit through standard letter boxes so will still be delivered if you are outside of the house.





****Guide for first timers and inexperienced users****



Because some of you maybe unfamiliar with a mushroom trip i feel, as the provider, i have the responsibility to lend some advice to make you you have the best experience possible. 



**** Set, Setting and Bad Trip Management ****



1. Your mindset as you take mushrooms is very important. A mushroom trip is not just visual hallucinations. You can also experience such things as fascinating and mind expanding thought patterns. This is usually extremely enjoyable but if you enter a mushroom trip with pressing matters on your mind it can sometimes effect your trip. If you are inexperienced with Mushroom use i would strongly suggest taking them when you are in a clear and positive mindset.



2. Setting is also important for inexperienced users. When you first experience psychedelics it's like something you have never experienced before. What you experience varies from the dosage you take but regardless you can experience numerous effects such as: 



Euphoria

Laughing Fits

Creative, Philosophical or Deep thinking

Feelings of wonder

Time may seem to pass by slowly

Etc



Add those to the potential Open and Closed eye visuals, the whole experience may feel overwhelming at first. Because of this i always recommend making sure you are in a safe and familiar environment for your first trips. A place where you know you won't be disturbed and can enjoy yourself with total freedom.

If you decide to take these in public then i strongly suggest making sure you are with close friends that you trust. This also goes for tripping indoors as well simply because tripping with great friends is a fantastic experience.



3. Bad Trip Management



All of what i said above with make you feel at ease and will help you have the enjoyable experience that Magic Mushrooms provide. Though if you do find yourself starting to have a bad trip, or if someone you know is then i advise doing the following:



Stay calm. If you are having an uneasy experience just remember that it will pass.



Change your setting: Sometimes going into another room, away from everyone else can reduce anxiety and bring back clarity



Change the Media: If you are listening to music or watching a film and you are picking up some bad vibes then simply changing them to something else, or off completely can help



Trust the Mushrooms: What i mean by this is trust the fact you will not overdose. To over dose on these mushrooms you would need to consume 17 POUNDS… thats a lot! So remember that you are 100% safe.



Don't fight the experience: Most bad trips i find come from people resisting the experience. Sometimes people find the alien world of a trip a bit too strange and overwhelming. If this is the case i strongly suggest you stay calm and ride out the experience. Try to enjoy it the best you can as trying to fight it just leads to anxiety and bad trips. 



Bad trips are very uncommon when you have a good ""Set & Setting"" and often provide safe and incredibly fun experiences. But if you do have a bad experience, just remember, it will end. It may be a good idea to have something like Xanax on hand to use as anti anxiety if you do have a bad trip as i have read reports that it works to stop it. Don't take it before a trip though as it does reduce the effect of good trips as well as bad ones



If you would like to research in more depth then i strongly suggest reading through this website. It has a wealth of Knowledge on every drug imaginable including dosage suggestions, trip reports and various ways to take the mushrooms.



https://www.erowid.org/plants/mushrooms/mushrooms.shtml 



I hope this information has been helpful

Have a happy Trip",Worldwide,Worldwide,1-Up,BTC 0.1239,evolution
**14 Grams** Psilocybe Cubensis Mushrooms,"Here i am offering 14 Grams of Psilocybe Cubensis Mushrooms





****Dosage Guidelines****



     Light Dose :     1 Gram

Average Dose:    1.5 - 3.5 Grams

   Strong Dose:     3.5 - 5 Grams

   Heavy Dose:     5 Grams +





**** Estimated Postage ****



I am based within the EU. For security reasons i am not prepared to state which country but i do ship WorldWide. My postage time estimates are as follows:



Europe: 3 - 5 Working Days

Rest of World: 5 - 7 Working Days



I do not send packages that require a signature. This is simply for security reasons.





**** I pride myself on a professional service. Here are my promises ****



Quality of product: I am an experienced grower so be assured that i provide potent and quality Mushrooms. I only wish to provide you with the best product possible to make sure you have a great experience



Same day postage: I will post your items the same day you make the order. Making sure you receive your product as soon as possible. 



Professional Stealth: Stealth is usually the biggest concern amongst customers using these services. Because of this i make the utmost effort to insure my stealth is as good as i can make it. I make sure every package looks professional. It doesn't stick out from the crowd as it looks like any other package. 

Also inside the package i make sure that the contents are not visible. This is so that if the package was damaged for whatever reason or if anybody decided to be nosey and look inside they would not be able to see the product. The packages i use also fit through standard letter boxes so will still be delivered if you are outside of the house.





****Guide for first timers and inexperienced users****



Because some of you maybe unfamiliar with a mushroom trip i feel, as the provider, i have the responsibility to lend some advice to make you you have the best experience possible. 



**** Set, Setting and Bad Trip Management ****



1. Your mindset as you take mushrooms is very important. A mushroom trip is not just visual hallucinations. You can also experience such things as fascinating and mind expanding thought patterns. This is usually extremely enjoyable but if you enter a mushroom trip with pressing matters on your mind it can sometimes effect your trip. If you are inexperienced with Mushroom use i would strongly suggest taking them when you are in a clear and positive mindset.



2. Setting is also important for inexperienced users. When you first experience psychedelics it's like something you have never experienced before. What you experience varies from the dosage you take but regardless you can experience numerous effects such as: 



Euphoria

Laughing Fits

Creative, Philosophical or Deep thinking

Feelings of wonder

Time may seem to pass by slowly

Etc



Add those to the potential Open and Closed eye visuals, the whole experience may feel overwhelming at first. Because of this i always recommend making sure you are in a safe and familiar environment for your first trips. A place where you know you won't be disturbed and can enjoy yourself with total freedom.

If you decide to take these in public then i strongly suggest making sure you are with close friends that you trust. This also goes for tripping indoors as well simply because tripping with great friends is a fantastic experience.



3. Bad Trip Management



All of what i said above with make you feel at ease and will help you have the enjoyable experience that Magic Mushrooms provide. Though if you do find yourself starting to have a bad trip, or if someone you know is then i advise doing the following:



Stay calm. If you are having an uneasy experience just remember that it will pass.



Change your setting: Sometimes going into another room, away from everyone else can reduce anxiety and bring back clarity



Change the Media: If you are listening to music or watching a film and you are picking up some bad vibes then simply changing them to something else, or off completely can help



Trust the Mushrooms: What i mean by this is trust the fact you will not overdose. To over dose on these mushrooms you would need to consume 17 POUNDS… thats a lot! So remember that you are 100% safe.



Don't fight the experience: Most bad trips i find come from people resisting the experience. Sometimes people find the alien world of a trip a bit too strange and overwhelming. If this is the case i strongly suggest you stay calm and ride out the experience. Try to enjoy it the best you can as trying to fight it just leads to anxiety and bad trips. 



Bad trips are very uncommon when you have a good ""Set & Setting"" and often provide safe and incredibly fun experiences. But if you do have a bad experience, just remember, it will end. It may be a good idea to have something like Xanax on hand to use as anti anxiety if you do have a bad trip as i have read reports that it works to stop it. Don't take it before a trip though as it does reduce the effect of good trips as well as bad ones



If you would like to research in more depth then i strongly suggest reading through this website. It has a wealth of Knowledge on every drug imaginable including dosage suggestions, trip reports and various ways to take the mushrooms.



https://www.erowid.org/plants/mushrooms/mushrooms.shtml 



I hope this information has been helpful

Have a happy Trip",Worldwide,Worldwide,1-Up,BTC 0.1239,evolution
**28 Grams** Psilocybe Cubensis Mushroom Capsules,"Here i am offering 28 Grams worth of Psilocybe Cubensis Mushroom Powder in Capsule form





****Dosage Guidelines****



     Light Dose :     1 Gram

Average Dose:    1.5 - 3.5 Grams

   Strong Dose:     3.5 - 5 Grams

   Heavy Dose:     5 Grams +





**** The benefit of Mushroom Capsules **** 



Taking Mushrooms in capsule form has many benefits. This includes:



Taste: The biggest downside to taking Mushrooms always seems to be the taste.. They don't taste that great the be perfectly honest! But taking them in my capsule form this completely eliminates the issue.



Easy:  These capsules are as easy to take as any other capsule or pill that you may have taken in the past. Simply swallow it with water and wait for the trip!



Quick: For Mushrooms to work your stomach acid has to break down and process the mushrooms first for them to take effect. Because i have already grounded the Mushrooms into powder your body is able to absorb them much quicker. This leads to a quicker and cleaner come up.



Stealth: In the unfortunate event that you are caught with these on you by Law Enforcement then it would be much easier to explain that these are some form of Herbal Medicine/Supplement opposed to an illegal drug simply because they are not something Law Enforcement are familiar with.





**** Estimated Postage ****



I am based within the EU. For security reasons i am not prepared to state which country but i do ship WorldWide. My postage time estimates are as follows:



Europe: 3 - 5 Working Days

Rest of World: 5 - 7 Working Days



I do not send packages that require a signature. This is simply for security reasons.





**** I pride myself on a professional service. Here are my promises ****



Quality of product: I am an experienced grower so be assured that i provide potent and quality Mushrooms. I only wish to provide you with the best product possible to make sure you have a great experience



Same day postage: I will post your items the same day you make the order. Making sure you receive your product as soon as possible. 



Professional Stealth: Stealth is usually the biggest concern amongst customers using these services. Because of this i make the utmost effort to insure my stealth is as good as i can make it. I make sure every package looks professional. It doesn't stick out from the crowd as it looks like any other package. 

Also inside the package i make sure that the contents are not visible. This is so that if the package was damaged for whatever reason or if anybody decided to be nosey and look inside they would not be able to see the product. The packages i use also fit through standard letter boxes so will still be delivered if you are outside of the house.





****Guide for first timers and inexperienced users****



Because some of you maybe unfamiliar with a mushroom trip i feel, as the provider, i have the responsibility to lend some advice to make you you have the best experience possible. 



**** Set, Setting and Bad Trip Management ****



1. Your mindset as you take mushrooms is very important. A mushroom trip is not just visual hallucinations. You can also experience such things as fascinating and mind expanding thought patterns. This is usually extremely enjoyable but if you enter a mushroom trip with pressing matters on your mind it can sometimes effect your trip. If you are inexperienced with Mushroom use i would strongly suggest taking them when you are in a clear and positive mindset.



2. Setting is also important for inexperienced users. When you first experience psychedelics it's like something you have never experienced before. What you experience varies from the dosage you take but regardless you can experience numerous effects such as: 



Euphoria

Laughing Fits

Creative, Philosophical or Deep thinking

Feelings of wonder

Time may seem to pass by slowly

Etc



Add those to the potential Open and Closed eye visuals, the whole experience may feel overwhelming at first. Because of this i always recommend making sure you are in a safe and familiar environment for your first trips. A place where you know you won't be disturbed and can enjoy yourself with total freedom.

If you decide to take these in public then i strongly suggest making sure you are with close friends that you trust. This also goes for tripping indoors as well simply because tripping with great friends is a fantastic experience.



3. Bad Trip Management



All of what i said above with make you feel at ease and will help you have the enjoyable experience that Magic Mushrooms provide. Though if you do find yourself starting to have a bad trip, or if someone you know is then i advise doing the following:



Stay calm. If you are having an uneasy experience just remember that it will pass.



Change your setting: Sometimes going into another room, away from everyone else can reduce anxiety and bring back clarity



Change the Media: If you are listening to music or watching a film and you are picking up some bad vibes then simply changing them to something else, or off completely can help



Trust the Mushrooms: What i mean by this is trust the fact you will not overdose. To over dose on these mushrooms you would need to consume 17 POUNDS… thats a lot! So remember that you are 100% safe.



Don't fight the experience: Most bad trips i find come from people resisting the experience. Sometimes people find the alien world of a trip a bit too strange and overwhelming. If this is the case i strongly suggest you stay calm and ride out the experience. Try to enjoy it the best you can as trying to fight it just leads to anxiety and bad trips. 



Bad trips are very uncommon when you have a good ""Set & Setting"" and often provide safe and incredibly fun experiences. But if you do have a bad experience, just remember, it will end. It may be a good idea to have something like Xanax on hand to use as anti anxiety if you do have a bad trip as i have read reports that it works to stop it. Don't take it before a trip though as it does reduce the effect of good trips as well as bad ones



If you would like to research in more depth then i strongly suggest reading through this website. It has a wealth of Knowledge on every drug imaginable including dosage suggestions, trip reports and various ways to take the mushrooms.



https://www.erowid.org/plants/mushrooms/mushrooms.shtml 



I hope this information has been helpful

Have a happy Trip",Worldwide,Worldwide,1-Up,BTC 0.2479,evolution
**28 Grams** of Psilocybe Cubensis Mushrooms,"Here i am offering 28 Grams of Psilocybe Cubensis Mushrooms





****Dosage Guidelines****



     Light Dose :     1 Gram

Average Dose:    1.5 - 3.5 Grams

   Strong Dose:     3.5 - 5 Grams

   Heavy Dose:     5 Grams +





**** Estimated Postage ****



I am based within the EU. For security reasons i am not prepared to state which country but i do ship WorldWide. My postage time estimates are as follows:



Europe: 3 - 5 Working Days

Rest of World: 5 - 7 Working Days



I do not send packages that require a signature. This is simply for security reasons.





**** I pride myself on a professional service. Here are my promises ****



Quality of product: I am an experienced grower so be assured that i provide potent and quality Mushrooms. I only wish to provide you with the best product possible to make sure you have a great experience



Same day postage: I will post your items the same day you make the order. Making sure you receive your product as soon as possible. 



Professional Stealth: Stealth is usually the biggest concern amongst customers using these services. Because of this i make the utmost effort to insure my stealth is as good as i can make it. I make sure every package looks professional. It doesn't stick out from the crowd as it looks like any other package. 

Also inside the package i make sure that the contents are not visible. This is so that if the package was damaged for whatever reason or if anybody decided to be nosey and look inside they would not be able to see the product. The packages i use also fit through standard letter boxes so will still be delivered if you are outside of the house.





****Guide for first timers and inexperienced users****



Because some of you maybe unfamiliar with a mushroom trip i feel, as the provider, i have the responsibility to lend some advice to make you you have the best experience possible. 



**** Set, Setting and Bad Trip Management ****



1. Your mindset as you take mushrooms is very important. A mushroom trip is not just visual hallucinations. You can also experience such things as fascinating and mind expanding thought patterns. This is usually extremely enjoyable but if you enter a mushroom trip with pressing matters on your mind it can sometimes effect your trip. If you are inexperienced with Mushroom use i would strongly suggest taking them when you are in a clear and positive mindset.



2. Setting is also important for inexperienced users. When you first experience psychedelics it's like something you have never experienced before. What you experience varies from the dosage you take but regardless you can experience numerous effects such as: 



Euphoria

Laughing Fits

Creative, Philosophical or Deep thinking

Feelings of wonder

Time may seem to pass by slowly

Etc



Add those to the potential Open and Closed eye visuals, the whole experience may feel overwhelming at first. Because of this i always recommend making sure you are in a safe and familiar environment for your first trips. A place where you know you won't be disturbed and can enjoy yourself with total freedom.

If you decide to take these in public then i strongly suggest making sure you are with close friends that you trust. This also goes for tripping indoors as well simply because tripping with great friends is a fantastic experience.



3. Bad Trip Management



All of what i said above with make you feel at ease and will help you have the enjoyable experience that Magic Mushrooms provide. Though if you do find yourself starting to have a bad trip, or if someone you know is then i advise doing the following:



Stay calm. If you are having an uneasy experience just remember that it will pass.



Change your setting: Sometimes going into another room, away from everyone else can reduce anxiety and bring back clarity



Change the Media: If you are listening to music or watching a film and you are picking up some bad vibes then simply changing them to something else, or off completely can help



Trust the Mushrooms: What i mean by this is trust the fact you will not overdose. To over dose on these mushrooms you would need to consume 17 POUNDS… thats a lot! So remember that you are 100% safe.



Don't fight the experience: Most bad trips i find come from people resisting the experience. Sometimes people find the alien world of a trip a bit too strange and overwhelming. If this is the case i strongly suggest you stay calm and ride out the experience. Try to enjoy it the best you can as trying to fight it just leads to anxiety and bad trips. 



Bad trips are very uncommon when you have a good ""Set & Setting"" and often provide safe and incredibly fun experiences. But if you do have a bad experience, just remember, it will end. It may be a good idea to have something like Xanax on hand to use as anti anxiety if you do have a bad trip as i have read reports that it works to stop it. Don't take it before a trip though as it does reduce the effect of good trips as well as bad ones



If you would like to research in more depth then i strongly suggest reading through this website. It has a wealth of Knowledge on every drug imaginable including dosage suggestions, trip reports and various ways to take the mushrooms.



https://www.erowid.org/plants/mushrooms/mushrooms.shtml 



I hope this information has been helpful

Have a happy Trip",Worldwide,Worldwide,1-Up,BTC 0.2479,evolution
**7 Grams**  Psilocybe Cubensis Mushrooms,"Here i am offering 7 Grams of Psilocybe Cubensis Mushrooms





****Dosage Guidelines****



     Light Dose :     1 Gram

Average Dose:    1.5 - 3.5 Grams

   Strong Dose:     3.5 - 5 Grams

   Heavy Dose:     5 Grams +





**** Estimated Postage ****



I am based within the EU. For security reasons i am not prepared to state which country but i do ship WorldWide. My postage time estimates are as follows:



Europe: 3 - 5 Working Days

Rest of World: 5 - 7 Working Days



I do not send packages that require a signature. This is simply for security reasons.





**** I pride myself on a professional service. Here are my promises ****



Quality of product: I am an experienced grower so be assured that i provide potent and quality Mushrooms. I only wish to provide you with the best product possible to make sure you have a great experience



Same day postage: I will post your items the same day you make the order. Making sure you receive your product as soon as possible. 



Professional Stealth: Stealth is usually the biggest concern amongst customers using these services. Because of this i make the utmost effort to insure my stealth is as good as i can make it. I make sure every package looks professional. It doesn't stick out from the crowd as it looks like any other package. 

Also inside the package i make sure that the contents are not visible. This is so that if the package was damaged for whatever reason or if anybody decided to be nosey and look inside they would not be able to see the product. The packages i use also fit through standard letter boxes so will still be delivered if you are outside of the house.





****Guide for first timers and inexperienced users****



Because some of you maybe unfamiliar with a mushroom trip i feel, as the provider, i have the responsibility to lend some advice to make you you have the best experience possible. 



**** Set, Setting and Bad Trip Management ****



1. Your mindset as you take mushrooms is very important. A mushroom trip is not just visual hallucinations. You can also experience such things as fascinating and mind expanding thought patterns. This is usually extremely enjoyable but if you enter a mushroom trip with pressing matters on your mind it can sometimes effect your trip. If you are inexperienced with Mushroom use i would strongly suggest taking them when you are in a clear and positive mindset.



2. Setting is also important for inexperienced users. When you first experience psychedelics it's like something you have never experienced before. What you experience varies from the dosage you take but regardless you can experience numerous effects such as: 



Euphoria

Laughing Fits

Creative, Philosophical or Deep thinking

Feelings of wonder

Time may seem to pass by slowly

Etc



Add those to the potential Open and Closed eye visuals, the whole experience may feel overwhelming at first. Because of this i always recommend making sure you are in a safe and familiar environment for your first trips. A place where you know you won't be disturbed and can enjoy yourself with total freedom.

If you decide to take these in public then i strongly suggest making sure you are with close friends that you trust. This also goes for tripping indoors as well simply because tripping with great friends is a fantastic experience.



3. Bad Trip Management



All of what i said above with make you feel at ease and will help you have the enjoyable experience that Magic Mushrooms provide. Though if you do find yourself starting to have a bad trip, or if someone you know is then i advise doing the following:



Stay calm. If you are having an uneasy experience just remember that it will pass.



Change your setting: Sometimes going into another room, away from everyone else can reduce anxiety and bring back clarity



Change the Media: If you are listening to music or watching a film and you are picking up some bad vibes then simply changing them to something else, or off completely can help



Trust the Mushrooms: What i mean by this is trust the fact you will not overdose. To over dose on these mushrooms you would need to consume 17 POUNDS… thats a lot! So remember that you are 100% safe.



Don't fight the experience: Most bad trips i find come from people resisting the experience. Sometimes people find the alien world of a trip a bit too strange and overwhelming. If this is the case i strongly suggest you stay calm and ride out the experience. Try to enjoy it the best you can as trying to fight it just leads to anxiety and bad trips. 



Bad trips are very uncommon when you have a good ""Set & Setting"" and often provide safe and incredibly fun experiences. But if you do have a bad experience, just remember, it will end. It may be a good idea to have something like Xanax on hand to use as anti anxiety if you do have a bad trip as i have read reports that it works to stop it. Don't take it before a trip though as it does reduce the effect of good trips as well as bad ones



If you would like to research in more depth then i strongly suggest reading through this website. It has a wealth of Knowledge on every drug imaginable including dosage suggestions, trip reports and various ways to take the mushrooms.



https://www.erowid.org/plants/mushrooms/mushrooms.shtml 



I hope this information has been helpful

Have a happy Trip",Worldwide,Worldwide,1-Up,BTC 0.0673,evolution
**7 Grams** Psilocybe Cubensis Mushroom Capsules,"Here i am offering 7 Grams worth of Psilocybe Cubensis Mushroom Powder in Capsule form





****Dosage Guidelines****



     Light Dose :     1 Gram

Average Dose:    1.5 - 3.5 Grams

   Strong Dose:     3.5 - 5 Grams

   Heavy Dose:     5 Grams +





**** The benefit of Mushroom Capsules **** 



Taking Mushrooms in capsule form has many benefits. This includes:



Taste: The biggest downside to taking Mushrooms always seems to be the taste.. They don't taste that great the be perfectly honest! But taking them in my capsule form this completely eliminates the issue.



Easy:  These capsules are as easy to take as any other capsule or pill that you may have taken in the past. Simply swallow it with water and wait for the trip!



Quick: For Mushrooms to work your stomach acid has to break down and process the mushrooms first for them to take effect. Because i have already grounded the Mushrooms into powder your body is able to absorb them much quicker. This leads to a quicker and cleaner come up.



Stealth: In the unfortunate event that you are caught with these on you by Law Enforcement then it would be much easier to explain that these are some form of Herbal Medicine/Supplement opposed to an illegal drug simply because they are not something Law Enforcement are familiar with.





**** Estimated Postage ****



I am based within the EU. For security reasons i am not prepared to state which country but i do ship WorldWide. My postage time estimates are as follows:



Europe: 3 - 5 Working Days

Rest of World: 5 - 7 Working Days



I do not send packages that require a signature. This is simply for security reasons.





**** I pride myself on a professional service. Here are my promises ****



Quality of product: I am an experienced grower so be assured that i provide potent and quality Mushrooms. I only wish to provide you with the best product possible to make sure you have a great experience



Same day postage: I will post your items the same day you make the order. Making sure you receive your product as soon as possible. 



Professional Stealth: Stealth is usually the biggest concern amongst customers using these services. Because of this i make the utmost effort to insure my stealth is as good as i can make it. I make sure every package looks professional. It doesn't stick out from the crowd as it looks like any other package. 

Also inside the package i make sure that the contents are not visible. This is so that if the package was damaged for whatever reason or if anybody decided to be nosey and look inside they would not be able to see the product. The packages i use also fit through standard letter boxes so will still be delivered if you are outside of the house.





****Guide for first timers and inexperienced users****



Because some of you maybe unfamiliar with a mushroom trip i feel, as the provider, i have the responsibility to lend some advice to make you you have the best experience possible. 



**** Set, Setting and Bad Trip Management ****



1. Your mindset as you take mushrooms is very important. A mushroom trip is not just visual hallucinations. You can also experience such things as fascinating and mind expanding thought patterns. This is usually extremely enjoyable but if you enter a mushroom trip with pressing matters on your mind it can sometimes effect your trip. If you are inexperienced with Mushroom use i would strongly suggest taking them when you are in a clear and positive mindset.



2. Setting is also important for inexperienced users. When you first experience psychedelics it's like something you have never experienced before. What you experience varies from the dosage you take but regardless you can experience numerous effects such as: 



Euphoria

Laughing Fits

Creative, Philosophical or Deep thinking

Feelings of wonder

Time may seem to pass by slowly

Etc



Add those to the potential Open and Closed eye visuals, the whole experience may feel overwhelming at first. Because of this i always recommend making sure you are in a safe and familiar environment for your first trips. A place where you know you won't be disturbed and can enjoy yourself with total freedom.

If you decide to take these in public then i strongly suggest making sure you are with close friends that you trust. This also goes for tripping indoors as well simply because tripping with great friends is a fantastic experience.



3. Bad Trip Management



All of what i said above with make you feel at ease and will help you have the enjoyable experience that Magic Mushrooms provide. Though if you do find yourself starting to have a bad trip, or if someone you know is then i advise doing the following:



Stay calm. If you are having an uneasy experience just remember that it will pass.



Change your setting: Sometimes going into another room, away from everyone else can reduce anxiety and bring back clarity



Change the Media: If you are listening to music or watching a film and you are picking up some bad vibes then simply changing them to something else, or off completely can help



Trust the Mushrooms: What i mean by this is trust the fact you will not overdose. To over dose on these mushrooms you would need to consume 17 POUNDS… thats a lot! So remember that you are 100% safe.



Don't fight the experience: Most bad trips i find come from people resisting the experience. Sometimes people find the alien world of a trip a bit too strange and overwhelming. If this is the case i strongly suggest you stay calm and ride out the experience. Try to enjoy it the best you can as trying to fight it just leads to anxiety and bad trips. 



Bad trips are very uncommon when you have a good ""Set & Setting"" and often provide safe and incredibly fun experiences. But if you do have a bad experience, just remember, it will end. It may be a good idea to have something like Xanax on hand to use as anti anxiety if you do have a bad trip as i have read reports that it works to stop it. Don't take it before a trip though as it does reduce the effect of good trips as well as bad ones



If you would like to research in more depth then i strongly suggest reading through this website. It has a wealth of Knowledge on every drug imaginable including dosage suggestions, trip reports and various ways to take the mushrooms.



https://www.erowid.org/plants/mushrooms/mushrooms.shtml 



I hope this information has been helpful

Have a happy Trip",Worldwide,Worldwide,1-Up,BTC 0.0672,evolution
100g Frisian Dew * Hybrid * bio * lila * Handarbeit *,"Bestellung bis 13 Uhr in der Post bis 18:00.






Ich baue schon an bevor ich überhaupt rauchte!


Mein Urteil:




100 Gramm ordentliches Sativa/Indica 50/50 Bioweed aus heimischer Produktion. 


Drei unterschiedliche Phänotypen von grün über bisschen lila zu komplett lila. Leicht unterschiedlich aber gleiche Sorte. Keine Auswahl möglich.


Keinerlei Pestizide eingesetzt!




Schulnoten:


Gesamt: 2,3


High: 2- 


Aussehen: 2-


Geruch: 2-


Preis/Leistung: 2






Schau Dir auch meine ANGEBOTE an:


5g a 7,10 € = 35,50 €      -4%


10g a 6,90 € = 69 €         -6,75%


100g a 6,49 € = 649 €    -12,3%




Versand mit einem Logistikunternehmen Deiner Wahl!




Bitte immer PGP benutzen.




:-)",Germany,Germany,100Pro-bio-DEU,BTC 2.3835,evolution
10g Frisian Dew * Hybrid * bio * lila * Handarbeit *,"Bestellung bis 13 Uhr in der Post bis 18:00.






Ich baue schon an bevor ich überhaupt rauchte!


Mein Urteil:




10 Gramm ordentliches Sativa/Indica 50/50 Bioweed aus heimischer Produktion. 


Drei unterschiedliche Phänotypen von grün über bisschen lila zu komplett lila. Leicht unterschiedlich aber gleiche Sorte. Keine Auswahl möglich.


Keinerlei Pestizide eingesetzt!




Schulnoten:


Gesamt: 2,3


High: 2- 


Aussehen: 2-


Geruch: 2-


Preis/Leistung: 2






Schau Dir auch meine ANGEBOTE an:


5g a 7,10 € = 35,50 €      -4%


10g a 6,90 € = 69 €         -6,75%


100g a 6,49 € = 649 €    -12,3%




Ohne tracking ID gibt es bei Verlust KEINE Refunds, bisher ist allerdings alles angekommen.




Blüten werden bei Großbrief leicht gedrückt!!!


Ansonsten bitte Maxibrief oder Paket wählen.




Bitte immer PGP benutzen.




:-)",Germany,Germany,100Pro-bio-DEU,BTC 0.2534,evolution
1g Danish Durban *AUSVERKAUFT * ab 10.10. neu*,"Danke für Euer Vertrauen.

Leider sind wir ausverkauft.

Ab dem 10.10. gibt es wieder neues Gras.



Angebote per Nachricht sind willkommen.







*AUSVERKAUFT*





Bestellung bis 15 Uhr in der Post bis 18 Uhr!



Ich baue schon an bevor ich überhaupt rauchte!

Mein Urteil:



1 Gramm ordentliches Bioweed aus heimischer Produktion. Keinerlei Pestizide eingesetzt!

Bewertung: (Schulnoten 1-6)

Gesamtnote: 2,2

high: 2

Aussehen: 3+

Geruch: 2-

Preis/Leistung: 2+





Ohne tracking ID gibt es bei Verlust KEINE Refunds!

Blüten werden bei ""normaler Brief"" & ""normaler Brief (tracking ID)"" platt gedrückt!!!



Bitte immer PGP benutzen.



:-)",Germany,Germany,100Pro-bio-DEU,BTC 0.0214,evolution
1g Danish Durban *AUSVERKAUFT* Anfang November neu,"*Ausverkauft*



Vielen Dank für Euer Vertrauen.

Ab der ersten November Woche ist das aktuelle 50/50 Indica/Sativa Weed fertig gereift. 

Wird diesmal auch länger vorhalten ;)



*Ausverkauft*





Bestellung bis 15 Uhr in der Post bis 18 Uhr!





Ich baue schon an bevor ich überhaupt rauchte!

Mein Urteil:



1 Gramm ordentliches sativadominantes Bioweed aus heimischer Produktion. Keinerlei Pestizide eingesetzt!



Schulnoten:

Gesamt: 2,3

High: 2- 

Aussehen: 2-

Geruch: 3+

Preis/Leistung: 2+





Schau Dir auch meine ANGEBOTE an:

5g a 6,6€ = 33€ -4,35%

10g a 6,4€ = 64€ -7,25%



Ohne tracking ID gibt es bei Verlust KEINE Refunds, bisher ist allerdings alles angekommen.



Blüten werden bei Kompaktbrief PLATT gedrückt!!! befinden sich aber in einer Luftpolstertasche. Ansonsten bitte Großbrief wählen.



Bitte immer PGP benutzen.



:-)",Germany,Germany,100Pro-bio-DEU,BTC 0.0228,evolution
5g Frisian Dew * Hybrid * bio * lila * Handarbeit *,"Bestellung bis 13 Uhr in der Post bis 18:00.






Ich baue schon an bevor ich überhaupt rauchte!


Mein Urteil:




5 Gramm ordentliches Sativa/Indica 50/50 Bioweed aus heimischer Produktion. 


Drei unterschiedliche Phänotypen von grün über bisschen lila zu komplett lila. Leicht unterschiedlich aber gleiche Sorte. Keine Auswahl möglich.


Keinerlei Pestizide eingesetzt!




Schulnoten:


Gesamt: 2,3


High: 2- 


Aussehen: 2-


Geruch: 2-


Preis/Leistung: 2






Schau Dir auch meine ANGEBOTE an:


5g a 7,10 € = 35,50 €      -4%


10g a 6,90 € = 69 €         -6,75%


100g a 6,49 € = 649 €    -12,3%




Ohne tracking ID gibt es bei Verlust KEINE Refunds, bisher ist allerdings alles angekommen.




Blüten werden bei Kompaktbrief PLATT gedrückt!!! befinden sich aber in einer Luftpolstertasche. Ansonsten bitte Großbrief wählen.




Bitte immer PGP benutzen.




:-)",Germany,Germany,100Pro-bio-DEU,BTC 0.1303,evolution
GABAPENTIN (NEURONTIN)  30 X 600mg withdrawls/pain,"I have 30 600mg gabepentin for sale. It helps with nerve pain and withdrawal symptoms.




From erowid:


_________________________________________


To start I was prescribed neurontin for nerve damage following a crushed thumb, I have little feeling in it. To try and remedy the situation I had been doing so many illegally purchased pain meds that I had become addicted to oxy contin. Just when I was at the end of my rope, along came neurontin! A miracle I call it. I is nothing short of a savior. I mean I was doing over 300mg of oc's a day. I have a huge tolerance for opiates and in my search of things that soften my withdrawals I found that neurontin made it ridiculously easy to deal with my withdrawals... granted I did have to take alot of neurontin throughout the day. I was taking between 1200 and 1600mg 3 to 4 times during the day sometimes more depending on how I felt, which was generally good. I was able to relax... my mind was clear and not a mess like it is when I usually withdrawal. I know I dont have to tell anyone who has gone through it how terrible it is but believe me I tried neurontin in high doses with some pepsi or coke and sat back and relaxed and let the waves of relaxation take over. It’s sooo easy. It worked so well that I’m on day 7 now and haven’t felt one withdrawal symptom at all. It saved me life and nothing short of that.




As a side note my experience with neurontin is like this: I take 1200mg in one shot and wash it down with a glass of regular soda (helps absorbtion)... and I dont get discouraged if I dont feel better in 15 minutes… the first time I tried it it took almost and hour and half to start.




Heres what happens when it does start:


1. I get chills down my back which feel amazing during withdrawals


2. I start to get almost giddy and instantly am in a great mood (wanted to talk peoples ears off) which is a good thing in withdrawal because normally I dont want to see or talk to anyone unless they are gonna give me pills.


3. I get the munchies... which is so amazing during withdrawals because it gives me energy I wouldnt get without.


4. I get energy that I didnt know I had, and the withdrawals are gone.


5. I sit back and relax and feel the waves of euphoria take over and I can do anything I want and feel great while doing it.


6.I am able to make it through my day peacefully and OPIATE FREE, which stay on track is the most important message in this... I cannot be an rx junkie my whole life. I have to take the out when I can and never look back, and just be glad I got through it so easy. (which it is on neurontin)


7. I’mable to get a full nights rest everyday I have over 2000mg of neurontin in my system... (if I only have a minimal amount I would take it closer to bed time and only take like 600mg during the day to feel better and big doses at night to sleep, sleep = very important)


8. Repeat for 4 to 5 days if possible.


9. stay off the opiates... it tears families and friends apart and causes nothing but problems...


10. BE SAFE PEOPLE


__________________________




Order with confidence. I will ship via priority mail within 48 hours of purchase.",United States,United States,123wantRC,BTC 0.1366,evolution
"0,5g MDPV HCL  (99,48%)","This is the best MDPV we found in 5 years, trying over 20 international supplier and we are very happy to share this premium quality with you. Produced in Belgium by a pharmaceutical lab with highest purity you can find around 99,5%,  It is perfect for smoking and i.v. use, but take care that you don't end with an overdose. MDPV has the same or even more potency than crystal meth and is also called ""supercoke"" and ""supercrack"" for a good reason. 






Synonyms: Cloud 9, Supercoke, MDPK, PV


Form: Powder (Hydrochloride)


Color: White / Off-white


Purity: 99,48%",Worldwide,"Austria, Belgium, Bulgaria, Canada, Colombia, Croatia, Cyprus, Czech Republic, Denmark, Estonia, France, Germany, Greece, Hungary, Ireland, Italy, Latvia, Lithuania, Luxembourg, Malta, Mexico, Morocco, Netherlands, Poland, Portugal, Romania, Slovakia, Slovenia, Spain, Switzerland, Turkey, United Kingdom",128bpm,BTC 0.0730,evolution
10mg LSZ powder from LL + free blotter paper and al-lad blotter,Ultra rare and exclusive at our shop available: 10mg of LSZ from LizardLabs who stopped selling this chemical. Its one of the potent batches and not one of the last they had in stock which were weaker than the first ones. We had many questions if we could sell bigger amounts of it but thats not possible because we only have one unopened vial left. We stored it at 2°c in an aluminum zip bag so the quality is still as good as ever. We add some high quality blotter paper for free if you want to lay your own tickets and also put a sample al-lad if you finalize early. we sent only via express mail and tracked and you get the number 48 hours after we shipped it.,Portugal,Worldwide,128bpm,BTC 1.3064,evolution
10€ Smoke Special:  Moroc Hash 1.35g,"New in stock! Good quality Hash from Morocco for a real competitive price. Very aromatic taste and strong flavor. You get 1.3g for 10€.




Strength: 3/5


Strong for mid. grade hash but no zero zero 


power


°°°°°°°°°°°°°°°°°°°°°°°°°°°°°°°°°°°°°°°°°°°°°°°°°°°°°°°°°°°


Taste: 3.5/5 


Good taste and aromatic smell


°°°°°°°°°°°°°°°°°°°°°°°°°°°°°°°°°°°°°°°°°°°°°°°°°°°°°°°°°°°


Value: 4/5


Very good price ratio


°°°°°°°°°°°°°°°°°°°°°°°°°°°°°°°°°°°°°°°°°°°°°°°°°°°°°°°°°°°


Quality(all together) : 3.5/5


Better than commercial but no high quality hash


°°°°°°°°°°°°°°°°°°°°°°°°°°°°°°°°°°°°°°°°°°°°°°°°°°°°°°°°°°


Bong or pipe recommended !




Only in EU and no high risk countries available. This is an FE offer and will be shipped tracked via express airmail. Max. 2 listings per person because limited stock.",Portugal,"Austria, Belgium, Switzerland, Cyprus, Germany, Denmark, Spain, Finland, France, United Kingdom, Greece, Ireland, Iceland, Italy, Luxembourg, Netherlands, Norway, Portugal, Sweden",128bpm,BTC 0.0484,evolution
15 X DOC blotter (2mg) - for beginners,"2mg DOC HCL blotter from finest crystals with over 99%. This tickets are real strong and its not recommended to take more than 1 even if you are a newbie or re-dose before the first 3 hours until you feel the effects. 


One normal trip takes between 14-20 hours and is more colorful than LSD. Worldwide delivery.",Portugal,Worldwide,128bpm,BTC 0.0827,evolution
1g MDPV (>97%) << for 24€ >>,"This is MDPV with good quality and purity. The stuff is from the Netherlands and fits perfect for all normal users who want to get high quality for a real good price. MDPV HCL potency is 4 times higher than Ritalin and is also called ""supercrack"", because if you smoke MDPV the effects are described as ""crack with longer lasting high"". The price is very low compared to weaker drugs like meth or coke and thats why many users prefer MDPV after testing it a couple times. 


Don't re-dose to often otherwise you won't be able to sleep up to nine days!


If you want the real deal and the best MDPV available, you should try our famous Premium MDPV from Belgium with over 99,4%.",Worldwide,Worldwide,128bpm,BTC 0.0788,evolution
"1g MDPV HCL (99,48%)","This is the best MDPV we found in 5 years, trying over 20 international supplier and we are very happy to share this premium quality with you. Produced in Belgium by a pharmaceutical lab with highest purity you can find around 99,5%. This is the real stuff and you need only 50% of the amount you would take with average quality Peevee. It is perfect for smoking and i.v. use, but take care that you don't end with an overdose. MDPV is a potent upper and has the same or even more potency than meth and also called ""supercoke"" and ""supercrack"" cause of its effects. This premium stuff is more expensive than normal MDPV but it's worth every cent, because you need only 10mg-20mg for a night and a gram should be enough for month even when you use it daily.",Worldwide,Worldwide,128bpm,BTC 0.1327,evolution
"1g MDPV HCL (99,48%) - **premium batch**","This is the best MDPV we found in 5 years, trying over 20 international supplier and we are very happy to share this premium quality with you. Produced in Belgium by a pharmaceutical lab with highest purity you can find around 99,5%. This is the real stuff and you need only 50% of the amount you would take with average quality Peevee. It is perfect for smoking and i.v. use, but take care that you don't end with an overdose. MDPV is a potent upper and has the same or even more potency than meth and also called ""supercoke"" and ""supercrack"" cause of its effects. This premium stuff is more expensive than normal MDPV but it's worth every cent, because you need only 10mg-20mg for a night and a gram should be enough for month even when you use it daily.",Worldwide,Worldwide,128bpm,BTC 0.1314,evolution
1g brown HEROIN #3 - strong and cheap,"Real nice afghan heroin #3 in powder form. Perfect for smoking but also very good to snort and shoot. Great taste and strong smell for a very cheap price. When you are not experienced user start with a low dose and give it a few moments to hit you. The buzz comes slowly but surely-not like a head shoot you get from some #4-and takes much longer. For iv use add some citric acid and always use a filter. This drug is fucking addictive, like you know, it feels like heaven so don't be stupid and destroy the wonderful effects because you use it daily until the tolerance takes it all away! We only send this listing to EU and  people who have more than 3 successful trades on Evolution.",Worldwide,"Austria, Belgium, Bulgaria, Croatia, Cyprus, Czech Republic, Denmark, Estonia, Finland, France, Germany, Greece, Hungary, Ireland, Italy, Latvia, Lithuania, Luxembourg, Malta, Netherlands, Poland, Portugal, Romania, Slovakia, Slovenia, Spain, Sweden, United Kingdom",128bpm,BTC 0.2081,evolution
2 x  AL-LAD blotter (150µg) - the original,"We have some of the last original 150µg blotters from the UK, the last batch before the ban. Professional laid in a lab from the original source of this wonderful product LL. We only could save 50 pieces before they were taken out of stock so don't wait to long when you think about purchasing this legendary blotters.",Portugal,Worldwide,128bpm,BTC 0.0611,evolution
2.5g brown HEROIN #3 - strong and clean,"Real nice afghan heroin #3 in powder form. Perfect for smoking but also very good to snort and shoot. Great taste and strong smell for a very cheap price. When you are not experienced user start with a low dose and give it a few moments to hit you. The buzz comes slowly but surely-not like a head shoot you get from some #4-and takes much longer. For iv use add some citric acid and always use a filter. This drug is fucking addictive, like you know, it feels like heaven so don't be stupid and destroy the wonderful effects because you use it daily until the tolerance takes it all away! We only send this listing to EU and  people who have more than 3 successful trades on Evolution.",Portugal,Worldwide,128bpm,BTC 0.5563,evolution
3 X AL-LAD blotter (200µg),"New in stock: Fresh laid blotters with min. 200µg cleanest  AL-LAD. This is a high dose and should be enough for a trip. AL-LAD is a rare LSD analogue with the same potency but more ""friendly""  trip than acid. Many people prefer it because the effects are shorter compared to LSD / DOC.




Dosage: 


1/2 blotter (100µg) - soft trip / recommended for new user


1 blotter (200µg) - normal trip 


2 blotter (400µg) - very strong trip - only for experienced user




Have a nice trip!


1 blotter (200µg) - normal trip",Worldwide,Worldwide,128bpm,BTC 0.0905,evolution
3g MDPV (>97%) << for 65€ >>,"This is MDPV with good quality and purity. The stuff is from the Netherlands and fits perfect for all normal users who want to get high quality for a real good price. MDPV HCL potency is 4 times higher than Ritalin and is also called ""supercrack"", because if you smoke MDPV the effects are described as ""crack with longer lasting high"". The price is very low compared to weaker drugs like meth or coke and thats why many users prefer MDPV after testing it a couple times. 


Don't re-dose to often otherwise you won't be able to sleep up to nine days!


If you want the real deal and the best MDPV available, you should try our famous Premium MDPV from Belgium with over 99,4%.",Worldwide,Worldwide,128bpm,BTC 0.2136,evolution
"3g MDPV HCL (99,48) + free shipping","This is the best MDPV we found in 5 years, trying over 20 international supplier and we are very happy to share this premium quality with you. Produced in Belgium by a pharmaceutical lab with highest purity you can find around 99,5%. This is the real stuff and you need only 50% of the amount you would take with average quality Peevee. It is perfect for smoking and i.v. use, but take care that you don't end with an overdose. MDPV is a potent upper and has the same or even more potency than meth and also called ""supercoke"" and ""supercrack"" cause of its effects. This premium stuff is more expensive than normal MDPV but it's worth every cent, because you need only 10mg-20mg for a whole night and a gram should be enough for month even when you use it daily.",Worldwide,"Argentina, Austria, Belgium, Bulgaria, Canada, Croatia, Cyprus, Czech Republic, Denmark, Estonia, France, Germany, Greece, Hungary, Ireland, Italy, Latvia, Lithuania, Luxembourg, Malta, Mexico, Morocco, Netherlands, Poland, Portugal, Romania, Slovakia, Slovenia, Spain, Switzerland, Turkey, United Kingdom",128bpm,BTC 0.3372,evolution
"3g MDPV HCL (99,48) - **premium batch**  + free shipping","This is the best MDPV we found in 5 years, trying over 20 international supplier and we are very happy to share this premium quality with you. Produced in Belgium by a pharmaceutical lab with highest purity you can find around 99,5%. This is the real stuff and you need only 50% of the amount you would take with average quality Peevee. It is perfect for smoking and i.v. use, but take care that you don't end with an overdose. MDPV is a potent upper and has the same or even more potency than meth and also called ""supercoke"" and ""supercrack"" cause of its effects. This premium stuff is more expensive than normal MDPV but it's worth every cent, because you need only 10mg-20mg for a whole night and a gram should be enough for month even when you use it daily.",Worldwide,"Argentina, Austria, Belgium, Bulgaria, Canada, Croatia, Cyprus, Czech Republic, Denmark, Estonia, France, Germany, Greece, Hungary, Ireland, Italy, Latvia, Lithuania, Luxembourg, Malta, Mexico, Morocco, Netherlands, Poland, Portugal, Romania, Slovakia, Slovenia, Spain, Switzerland, Turkey, United Kingdom",128bpm,BTC 0.3287,evolution
3x DOC 4mg °SAMPLE°°° highest dose,"4mg DOC HCL blotter from finest crystals with over 99%. 


This tickets are real strong and its not recommended to take more than 1 when you have no experience. It takes up to 3 hours until you feel the effects, so don't re-dose too quick. One normal trip takes between 14-20 hours and is more colorful than LSD. 


Worldwide delivery.








*For a positive feedback and/or review at the forum we add free samples or good discounts to your next order ^^",Worldwide,Worldwide,128bpm,BTC 0.0520,evolution
"5 x DOC blotter , highest dose°°°","4mg DOC HCL blotter from finest crystals with over 99%. 


This tickets are real strong and its not recommended to take more than 1 when you have no experience. It takes up to 3 hours until you feel the effects, so don't re-dose too quick. One normal trip takes between 14-20 hours and is more colorful than LSD. 


Worldwide delivery.








*For a positive feedback and/or review at the forum we add free samples or good discounts to your next order ^^",Worldwide,Worldwide,128bpm,BTC 0.0815,evolution
"Bulk / Reseller:  MDPV HCL (99,48%) - **premium batch**","Only for reseller / VIP costumers available. You can choose between 20g and 250g in the shipping section of this listing. 


Please keep in mind that you will receive your order in up to 4 different envelopes depending of the amount and the destination country. If you are reseller you can decide when we should send the second, third etc letter (max 1 month until we shipped the last part of your order. 


We want to remind you that you don't cut it with some shit for reselling and also only sell it to people who know what they do and are under 18 Years old. If you have questions about the chemical or need any advise just write us a message. We are very happy that you bought this listing and we were able to supply you with some of the last grams of this legendary batch!!!




Our MDPV is the cleanest you can get with a purity above 99,4%. We sell this exclusive product


 complete uncut which makes it almost scary potent and very dangerous for new user.


This is the final batch from a pharmaceutical lab in Belgium and we bought it completely. 


After years of research we are sure that this MDPV is unique and a complete other level than 


the normal stuff which can be bought elsewhere. It is  a white fluffy powder with no smell and


 fits perfect for smoking as well as shooting. You need only a few mg (5mg-20mg) because


it is much stronger than cocaine and crystal meth!  MDPV has nicknames like  ""super coke""


 and ""super crack"" for a good reason, so use it with caution.




Name: 3,4-methylanedioxypyrovalerone 


Systematic chemical name: (RS)-1-(benzo[d][1,3]dioxol-5-yl)-2-(pyrrolidin-1-yl)pentan-1-one


CAS: 24622-62-6 hydrochloride salt


Melting point: 238–239C


Purity: 99,48%




FAQ:


1. What is MDPV?


MDPV is a synthetic derivative of the naturally occurring substance cathinone, one of


the psychoactive principles in khat (Catha edulis Forsk). Most of the cathinone derivatives are


ring-substituted and MDPV contains the 3,4-methylenedioxy substitution pattern


on the phenyl ring which is observed in other drugs such as MDMA.


Pyrrolidine derivatives, such as MDPV, can be regarded as a subset of cathinone


derivatives sharing the same structural skeleton as pyrovalerone.




2. Effects?


Snorted: Most user describe the effects as a mix of cocaine and crystal meth.


Dosage: 5mg-20mg


Smoked: User describe it as ""longer lasting crack"".


Dosage: 3mg-6mg (you can smoke it in a pipe with tobacco, weed etc.)


Shooted: Most user describe it as: ""pure rush"". 


Dosage: 2mg-5mg (only use it fresh mixed because it looses most of its potency after a short time in water)




3. Law?


MDPV is in almost every country banned / listed as hard drug since a few month but in normal urine checking not 


detectable. Because its also banned in China, where most MDPV was produced this drug will be very rare and the price


will increase dramatically. So don't wait to long to save a couple g from this superior batch!",Portugal,Worldwide,128bpm,BTC 0.0503,evolution
"NEW YEAR SPECIAL:  5 AL-LAD (150µg) + 0,5g MDPV (99,48%) for 50€","Only valid until 31.12.: 5 AL-LAD (150µg) blotter and 0,5g of our famous MDPV HCL (99,48%) for only 50€. With Xpress shipping (tracked) for EU costumers guaranteed in your hands before the party starts. have fun and take care!",Spain,Worldwide,128bpm,BTC 0.1953,evolution
"Sample: 0,25g MDPV HCL  (99,48%) - **premium batch**","This is the best MDPV we found in 5 years, trying over 20 international supplier and we are very happy to share this premium quality with you. Produced in Belgium by a pharmaceutical lab with highest purity you can find around 99,5%,  It is perfect for smoking and i.v. use, but take care that you don't end with an overdose. MDPV has the same or even more potency than crystal meth and is also called ""supercoke"" and ""supercrack"" for a good reason. 






Synonyms: Cloud 9, Supercoke, MDPK, PV


Form: Powder (Hydrochloride)


Color: White / Off-white


Purity: 99,48%",Worldwide,Worldwide,128bpm,BTC 0.0468,evolution
"Sample: 3 X DOC Blotter (5,5mg-6mg) - extreme strong","5.5-6mg DOC HCL blotter from finest crystals with over 99%. This tickets are real strong and its not recommended to take more than 1 even if you have experience. It takes up to 3 hours until you feel the effects, so don't re-dose . 


One normal trip takes between 14-20 hours and is more colorful than LSD. Worldwide delivery.",Portugal,Worldwide,128bpm,BTC 0.0607,evolution
Antidepressant Citalopram,"New in stock!

Antidepressant drug Citalopram 20mg, active component Citalopram-Hydrobromid.",Germany,"Austria, Belgium, Bulgaria, Croatia, Cyprus, Czech Republic, Denmark, Estonia, Finland, France, Germany, Greece, Hungary, Ireland, Italy, Latvia, Lithuania, Luxembourg, Malta, Netherlands, Poland, Portugal, Romania, Slovakia, Slovenia, Spain, Sweden, United Kingdom",187ACAB,BTC 0.0022,evolution
"Morphine Sulphate 10mg fast acting, 1ea","Morphine Sulphate 10mg fast acting, 1ea. 

They are from Medac Germany,  non retarded.  

Inside the cachet are little Morphine-Balls. Pestle these balls and the Morphine is ready for snort or hit. 

Please don't swallow these capsule, because the bioavailability is than only round about 50-60%.

If if you hit or snort, it will be up till 95%",Germany,"Austria, Belgium, Bulgaria, Croatia, Cyprus, Czech Republic, Denmark, Estonia, Finland, France, Germany, Greece, Hungary, Ireland, Italy, Latvia, Lithuania, Luxembourg, Malta, Netherlands, Poland, Portugal, Romania, Slovakia, Slovenia, Spain, Sweden, United Kingdom, United States",187ACAB,BTC 0.0100,evolution
"Oxycodon 20mg retarded, 50ea","The Oxycodon is from Winthrop Germany and without Naloxon.

They are crushable (retardation is than gone), perfect for snort pure or with water (monkeywater). The analgesics will be sold in original blister. The CH. - B number is dislodged.",Germany,"Austria, Belgium, Bulgaria, Croatia, Cyprus, Czech Republic, Denmark, Estonia, Finland, France, Germany, Greece, Hungary, Ireland, Italy, Latvia, Lithuania, Luxembourg, Malta, Netherlands, Poland, Portugal, Romania, Slovakia, Slovenia, Spain, Sweden, United Kingdom",187ACAB,BTC 1.1366,evolution
"Oxycodone / Oxycontin 20mg time released, 1ea","Back in stock! 



The Oxycodon is from Winthrop Germany and without Naloxon.

They are crushable (time released is than gone), perfect for snort pure or with water (monkeywater), injection or smoke. The analgesics will be sold in original blister. The CH. - B number is dislodged.",Germany,"Austria, Belgium, Bulgaria, Croatia, Cyprus, Czech Republic, Denmark, Estonia, Finland, France, Germany, Greece, Hungary, Ireland, Italy, Latvia, Lithuania, Luxembourg, Malta, Netherlands, Poland, Portugal, Romania, Slovakia, Slovenia, Spain, Sweden, United Kingdom",187ACAB,BTC 0.0265,evolution
"Oxycodone / Oxycontin 20mg time released, 1piece","The Oxycodon is from Winthrop Germany and without Naloxon.

They are crushable (time released is than gone), perfect for snort pure or with water (monkeywater), injection or smoke. The analgesics will be sold in original blister. The CH. - B number is dislodged.",Germany,"Austria, Belgium, Bulgaria, Croatia, Cyprus, Czech Republic, Denmark, Estonia, Finland, France, Germany, Greece, Hungary, Ireland, Italy, Latvia, Lithuania, Luxembourg, Malta, Netherlands, Poland, Portugal, Romania, Slovakia, Slovenia, Spain, Sweden, United Kingdom",187ACAB,BTC 0.0416,evolution
Topiramat / Topamax,"New in stock!

Topiramat / Topamax 50 mg anti epileptic.

They like to act a little bit like Benzos, relaxing.

Dosage for an average European Guy for the first time not more than 100mg.

If order one quantity, you will become two (2x50mg)",Germany,"Austria, Belgium, Bulgaria, Croatia, Cyprus, Czech Republic, Denmark, Estonia, Finland, France, Germany, Greece, Hungary, Ireland, Italy, Latvia, Lithuania, Luxembourg, Malta, Netherlands, Poland, Portugal, Romania, Slovakia, Slovenia, Spain, Sweden, United Kingdom",187ACAB,BTC 0.0022,evolution
"★★★Finest Nepale Cream /Ball /Charas,1gram★★★","★★★★★New in Stock!★★★★★



Finest and fresh Nepale Cream /Ball /Charas directly from the Himalaya region. 

Excellent Up-High, not nodding. 



!!! ATTENTION !!! 

Only shipping to/in Germany. 



Orders at/above 10gr on request. I will set up up a custom listing. 

1 - 9 gr, 12€/g

10 - 29gr, 10€/g

30 - 49gr, 8€/g

> 50gr, 7€/g",Germany,Germany,187ACAB,BTC 0.0279,evolution
"★★★Finest Nepale Cream /Ball /Charas,1gram★★★","DO NOT ORDER!  

TEMLORARILY SOLD OUT! 

RESTOCK IN A FEW DAYS, PLEASE COME BACK LATER! 



Finest and fresh Nepale Cream /Ball /Charas directly from the Himalaya region. 

Excellent Up-High, not nodding. 



!!! ATTENTION !!! 

Now shipping  to European Union. 



Orders at/above 10gr on request. I will set up up a custom listing. 

1 - 9 gr, 12€/g

10 - 29gr, 10€/g

30 - 49gr, 8€/g

> 50gr, 7€/g",Germany,"Austria, Belgium, Bulgaria, Croatia, Cyprus, Czech Republic, Denmark, Estonia, Finland, France, Germany, Greece, Hungary, Ireland, Italy, Latvia, Lithuania, Luxembourg, Malta, Netherlands, Poland, Portugal, Romania, Slovakia, Slovenia, Spain, Sweden, United Kingdom",187ACAB,BTC 0.0269,evolution
"★★★Finest Nepale Cream /Ball /Charas,1gram★★★","New batch is arrived. Far beyond from commercial grade. Top Notch! 

Very soft, fresh, sticky and smells excellent. 

If you heat it with a lighter, it will starts bubbling immediately. 



Finest and fresh Nepale Cream /Ball /Charas directly from the Himalaya region. 

Excellent Up-High, not nodding. 



Orders above 10grams on request. I will set up up a custom listing. 

1 - 9 gr, 12€/g

10 - 30gr, 10€/g

31 - 50gr , 8€/g

> 51gr, 7€/g",Germany,"Austria, Belgium, Bulgaria, Croatia, Cyprus, Czech Republic, Denmark, Estonia, Finland, France, Germany, Greece, Hungary, Ireland, Italy, Latvia, Lithuania, Luxembourg, Malta, Netherlands, Poland, Portugal, Romania, Slovakia, Slovenia, Spain, Sweden, United Kingdom",187ACAB,BTC 0.0405,evolution
"★★★Finest Nepale, Malana Cream /Ball /Charas,1gram★★★","TEMPORARILY SOLD OUT! 


RESTOCK IN PROGRESS! 


DO NOT ORDER! 


New batch is arrived. Far beyond from commercial grade. Top Notch! 


Very soft, fresh, sticky and smells excellent. 


If you heat it with a lighter, it will starts bubbling immediately. 




Finest and fresh Nepale, Malana Cream /Ball /Charas directly from the Himalaya region. 


Excellent Up-High, not nodding. 


A moderate consumption of this strain leads to the production of intensely bright cerebral buzz that is giddy and very sociable. A larger consumption of the same produces a strong and mind altering almost psychedelic effect. It is this variety of marijuana that produces the Champagne of the marijuana resin market.




Orders above 10grams on request. I will set up up a custom listing. 


1 - 9 gr, 12€/g


10 - 30gr, 10€/g


31 - 50gr , 8€/g


> 51gr, 7€/g






Please read my profile before ordering. You automatically agree to all my terms and conditions once your order has been placed. If you do not agree, please do not order.",Germany,"Austria, Belgium, Bulgaria, Croatia, Cyprus, Czech Republic, Denmark, Estonia, Finland, France, Germany, Greece, Hungary, Ireland, Italy, Latvia, Lithuania, Luxembourg, Malta, Netherlands, Poland, Portugal, Romania, Slovakia, Slovenia, Spain, Sweden, United Kingdom",187ACAB,BTC 0.0435,evolution
"★★★Finest Nepale, Malana Cream /Ball /Charas,1gram★★★","New batch is arrived. Far beyond from commercial grade. Top Notch! 


Very soft, fresh, sticky and smells excellent. 


If you heat it with a lighter, it will starts bubbling immediately. 




Finest and fresh Nepale, Malana Cream /Ball /Charas directly from the Himalaya region. 


Excellent Up-High, not nodding. 


A moderate consumption of this strain leads to the production of intensely bright cerebral buzz that is giddy and very sociable. A larger consumption of the same produces a strong and mind altering almost psychedelic effect. It is this variety of marijuana that produces the Champagne of the marijuana resin market.




Orders above 10grams on request. I will set up up a custom listing. 


1 - 9 gr, 12€/g


10 - 30gr, 10€/g


31 - 50gr , 8€/g


> 51gr, 7€/g






Please read my profile before ordering. You automatically agree to all my terms and conditions once your order has been placed. If you do not agree, please do not order.",Germany,"Austria, Belgium, Bulgaria, Croatia, Cyprus, Czech Republic, Denmark, Estonia, Finland, France, Germany, Greece, Hungary, Ireland, Italy, Latvia, Lithuania, Luxembourg, Malta, Netherlands, Poland, Portugal, Romania, Slovakia, Slovenia, Spain, Sweden, United Kingdom",187ACAB,BTC 0.0430,evolution
"★★★Finest Nepale, Malana Cream /Ball /Charas,1gram★★★","New batch is arrived. Far beyond from commercial grade. Top Notch! 


Very soft, fresh, sticky and smells excellent. 


If you heat it with a lighter, it will starts bubbling immediately. 




Finest and fresh Nepale, Malana Cream /Ball /Charas directly from the Himalaya region. 


Excellent Up-High, not nodding. 


A moderate consumption of this strain leads to the production of intensely bright cerebral buzz that is giddy and very sociable. A larger consumption of the same produces a strong and mind altering almost psychedelic effect. It is this variety of marijuana that produces the Champagne of the marijuana resin market.




Orders above 10grams on request. I will set up up a custom listing. 


1 - 9 gr, 12€/g


10 - 30gr, 10€/g


31 - 50gr , 8€/g


51gr - 70, 7€/g


100gr = 600€






Please read my profile before ordering. You automatically agree to all my terms and conditions once your order has been placed. If you do not agree, please do not order.",Germany,"Austria, Belgium, Bulgaria, Croatia, Cyprus, Czech Republic, Denmark, Estonia, Finland, France, Germany, Greece, Hungary, Ireland, Italy, Latvia, Lithuania, Luxembourg, Malta, Netherlands, Poland, Portugal, Romania, Slovakia, Slovenia, Spain, Sweden, United Kingdom",187ACAB,BTC 0.0388,evolution
"★★★Finest Nepale, Malana Cream /Ball /Charas,1gram★★★","Finest and fresh Nepale, Malana Cream /Ball /Charas directly from the Himalaya region. 


Excellent Up-High, not nodding. 


A moderate consumption of this strain leads to the production of intensely bright cerebral buzz that is giddy and very sociable. A larger consumption of the same produces a strong and mind altering almost psychedelic effect. It is this variety of marijuana that produces the Champagne of the marijuana resin market.




Orders above 10grams on request. I will set up up a custom listing. 


1 - 9 gr, 12€/g


10 - 30gr, 10€/g


31 - 50gr , 8€/g


51gr - 70, 7€/g


100gr = 600€






Please read my profile before ordering. You automatically agree to all my terms and conditions once your order has been placed. If you do not agree, please do not order.",Germany,"Austria, Belgium, Bulgaria, Croatia, Cyprus, Czech Republic, Denmark, Estonia, Finland, France, Germany, Greece, Hungary, Ireland, Italy, Latvia, Lithuania, Luxembourg, Malta, Netherlands, Poland, Portugal, Romania, Slovakia, Slovenia, Spain, Sweden, United Kingdom",187ACAB,BTC 0.0478,evolution
"★★★Fresh and finest Nepale Cream/Ball/Charas, 5gram★★★","★★★★★New in Stock!★★★★★



Finest and fresh Nepale Cream /Ball /Charas directly from the Himalaya region.

Excellent Up-High, not nodding.



!!! ATTENTION !!! 

Only shipping to/in Germany.",Germany,Germany,187ACAB,BTC 0.1263,evolution
"★★★Fresh and finest Nepale, Malana Cream/Ball/Charas, 100gram★★★","New batch is arrived. Far beyond from commercial grade. Top Notch! 


Very soft, fresh, sticky and smells excellent. 


If you heat it with a lighter, it will starts bubbling immediately. 




Finest and fresh Nepale, Malana Cream /Ball /Charas directly from the Himalaya region. 


Excellent Up-High, not nodding. 


A moderate consumption of this strain leads to the production of intensely bright cerebral buzz that is giddy and very sociable. A larger consumption of the same produces a strong and mind altering almost psychedelic effect. It is this variety of marijuana that produces the Champagne of the marijuana resin market.




Orders above 10grams on request. I will set up up a custom listing. 


1 - 9 gr, 12€/g


10 - 30gr, 10€/g


31 - 50gr , 8€/g


51gr - 70, 7€/g


100gr = 600€






Please read my profile before ordering. You automatically agree to all my terms and conditions once your order has been placed. If you do not agree, please do not order.",Germany,"Austria, Belgium, Bulgaria, Croatia, Cyprus, Czech Republic, Denmark, Estonia, Finland, France, Germany, Greece, Hungary, Ireland, Italy, Latvia, Lithuania, Luxembourg, Malta, Netherlands, Poland, Portugal, Romania, Slovakia, Slovenia, Spain, Sweden, United Kingdom",187ACAB,BTC 2.0466,evolution
CENTRINOLABS - ANAVAR (Oxandrolone)10mg x 60 tabs - AUS ONLY,"Hi all!




I DO NOT REQUIRE YOU TO FINALISE EARLY :)




-+-PRODUCT DESCRIPTION-+-




This is a listing for one packet of Centrino Labs Anavar (Oxandrolone) 10mg x 60 tabs.




Centrino labs is one of the most reputable labs on the market right now targeting sports medicine. All products are imported by me along with my partners in asia and europe. 




Anavar (oxandrolone) is not very toxic, not very androgenic, mildly anabolic, and pretty mild on the bodys HPTA (Hypothalamic- Testicular-Pituitary-Axis). 




Due to its being a mild steroid in every sense of the word, high amounts of Anavar dosage are needed. It binds reasonably well to the  AR, but pretty high doses are still needed and I would never suggest doing less than 20mgs/day. In fact, 20-80mgs are needed to start halting AIDS related wasting and recovering weight for burn victims so thats the range Id recommend keeping your dosages in concerning this compound. Personally, Id use 100mgs/day if I were ever going to try this stuff. Any less than this amount (20-100mgs) would be a waste. For women, however, I think 2.5-10mgs/day would suffice. Virilation is not a concern with this compound, as it is only very mildly androgenic. Water retention is also virtually nil with it.




Although Anavar is an oral steroid, and has been alpha-alkylated to survive oral ingestion and the first pass through the liver, its still relatively mild in that respect too..., the unique chemical configuration of anavar both confers a resistance to liver metabolism as well as noticable anabolic activity. It would also appear that Anavar appears not to exhibit the serious hepatotoxic effects (jaundice, cholestatic hepatitis, peliosis hepatis, hyperplasias and neoplasms) typically attributed to the C17alpha-alkylated AASs. Anavar has even been used successfully in some studies to heal cutaneous wounds, or to improve respiratory function. Both of these novel properties could make it a good choice for in-season use for boxers, Mixed Martial Arts competitors, and other such athletes.




Now heres some interesting stuff for anyone interested primarily in the fat loss properties of this stuff: Anavar may be what we would call a ""fat-burning steroid"". Abdominal and visceral fat were both reduced in one study when subjects in the low/normal natural testosterone range used anavar. In another study, appendicular, total, and trunk fat were all reduced with a relatively small dose of 20mgs/day, and no exercise. 




In addition, weight gained with var may be nearly permanent too. It might not be much, but youll stand a good chance of keeping most of it. In one study, subjects maintained their weight (re)gains from anavar for at least 6 months after cessation! Concomitantly, in another study, Twelve weeks after discontinuing anavar, 83% of the reductions in total, trunk, and extremity fat were also sustained! If youre regaining weight, Anavar will give you nearly permanent gains, and if you are trying to lose fat (and you keep your diet in check), the fat lost with Anavar is basically looks to be nearly permanent.




Anavar is great for strength and cutting purposes, but not for bulking or a lot of weight gain. In other words, what Im saying is that everything you gain will be solid. Personally I am leaning towards a theory which basically purports that the more solid your gains are, the more youll keep (percentage-wise). It makes sense, when you think about it; people make a lot of weight gains on the highly water-retentive steroids (Dbol, A50, long estered testosteones, etc.), but lose the greatest percentage of their gains afterwards. The same seems to be opposite for the steroids which cause less (or no) water retention (Anavar, Primo, Winstrol, etc).




-+-AUSSIE DOMESTIC SHIPPING ONLY / FREE EXPRESS POST SHIPPING WITH TRACKING (NO SIGNATURE REQUIRED)-+-




I do NOT require you to finalise early on your orders! 




I ship all products domestically inside the borders of Australia only, so there is no risk of customs seizures. I will only accept bitcoin. Please do not ask me to accept anything else or to operate outside the site. I will not ship steroids or anything else internationally from Australia.




I use express post shipping Monday to Thursday only. I would like to avoid shipping on Fridays as I am not comfortable with the possibility of my products sitting in some hot warehouse / post office / van over the weekend. I will usually post your purchase within 24 hours of receiving your order. My maximum time of arrival is anywhere from the next day to 3 days for most parts of the country. I will be in contact with you the entire time.




I provide quick secure local delivery, boasting a 24-48 hour delivery (in most cases) around Australia. 




I have ample knowledge on all my products and steroid use / PCT use in general.




All the international products listed are personally imported so you do not need to worry about seizures.




cheers!


-1dboladay",Australia,Australia,1dboladay,BTC 0.6908,evolution
CENTRINOLABS - DECA DURABOLIN 200mg/10ml - AUS ONLY,"Hi all!




I DO NOT REQUIRE YOU TO FINALISE EARLY :)




-+-PRODUCT DESCRIPTION-+-




This is a listing for one bottle of Centrino Labs Deca 200 (Nandrolone Decanoate) 200mg/10ml.




Centrino labs is one of the most reputable labs on the market right now targeting sports medicine. All products are imported by me along with my partners in asia and europe. 




Deca Durabolin (and Nandrolone in general) doesnt produce many estrogenic or androgenic side effects. This is because Deca Durabolin  has a very low rate of aromatization (conversion to estrogen via the aromatase enzyme), roughly equal to 20% the rate of Testosterone.




Deca is a very nice anabolic, causing nice (albeit slow) gains in quality muscle. This could be due to its moderately strong binding to the Androgen Receptor, or its many positive non-Androgen-Receptor mediated effects. One such effect is nitrogen retention, which is a major factor in muscle growth and lean mass gains; in one study, with low-doses (65 mg/week) and high-doses of Deca (200 mg/week), both low-doses and high-doses resulted in significant nitrogen retention (33-52 g nitrogen/14 days, representing gains of 0.5 to 0.9kg lean tissue/week), and body weight increased by 4.9 +/- 1.2 kg, including 3.1 +/- 0.5 kg lean body mass, and treadmill exercise performance (cardiovascular fitness) also improved.




Deca Durabolin is a progestin (as are all nandrolones), unfortunately; it happens to stimulate the progesterone receptor 20% as well as progesterone itself, and this opens the door for many possible unwanted side effects (water retention, acne, etc...). It must be noted that most of those are rare, though. This also may be the major reason that Deca is such a suppressive drug when it comes to your natural testosterone levels.




Always use Testosterone with your Deca Durabolin!




Deca Durabolin for use in a bulking cycle at up to 600mgs/week for an extended duration (12-16 weeks), or up to 400mgs/week in a cutting cycle (again, for 12-16 weeks), as long as something to combat water retention is present.




-+-AUSSIE DOMESTIC SHIPPING ONLY / FREE EXPRESS POST SHIPPING WITH TRACKING (NO SIGNATURE REQUIRED)-+-




I do NOT require you to finalise early on your orders!




I ship all products domestically inside the borders of Australia only, so there is no risk of customs seizures. I will only accept bitcoin. Please do not ask me to accept anything else or to operate outside the site. I will not ship steroids or anything else internationally from Australia.




I use express post shipping Monday to Thursday only. I would like to avoid shipping on Fridays as I am not comfortable with the possibility of my products sitting in some hot warehouse / post office / van over the weekend. I will usually post your purchase within 24 hours of receiving your order. My maximum time of arrival is anywhere from the next day to 3 days for most parts of the country. I will be in contact with you the entire time.




I provide quick secure local delivery, boasting a 24-48 hour delivery (in most cases) around Australia.




I have ample knowledge on all my products and steroid use / PCT use in general.




All the international products listed are personally imported so you do not need to worry about seizures.




cheers!


-1dboladay",Australia,Australia,1dboladay,BTC 0.6562,evolution
Indian Herbal Malana Charas UK-UK FREE 24 DELIVERY,"Fresh harvested pure Cream from the Himalayas.



Natural Buzz and Powerful natural Odour.



Only UK-UK atm 





special opening offer 6.50gbp a gram for 1st 10 customers then 8.00 gbp 



can also sort 100g-1000g pm if interested



Regards:1timefooled



SOLD OUT WAITING ON MORE WILL UPDATE",Worldwide,United Kingdom,1timefooled,BTC 0.0259,evolution
3 GR. BlackBeard Kush xxx cup winner xxx limited offer,"Hi, 



You want to be as satisfied as possible with this order. Well, great to do business with you, we want exactly the same. 



So here it is, first ten orders gonna get super lucky on the quantity. 



This is an indica dominant, preferably to be smoked at night, superbly cured and cultivated Kush, which exact name can unfortunately not be disclosed at this moment. 



This is the highest quality weed we can find, so we hope you like it. Let us know!





Read our profile for our disclaimer.



Warmest regards,



Bud Brothers",Spain,Worldwide,2BudBrothers3,BTC 0.1158,evolution
0.5g Mescaline hydrochloride (HCL),"I am extremly proud to offer you very pure mescaline hydrochloride (HCL). 




---> Hydrochloride form is more potent than sulfate because it has a smaller molar mass.




Recommended dosage;




* 180-300mg - light - medium trip 


Suitable for beginners or people who seek mdma-like buzz and not many psychedelic effects)




* 300-450mg - medium - strong trip 


Standard dose for most people, should result in a pretty controllable, but deep psychedelic state. Sensitive users might experience a very strong trip on these doses.




* 450-600mg - strong - very strong trip 


A fully immersive experience, recommended for experienced users. It should be possible to walk and talk, but we can't guarantee that. Prepare for a meeting with Mescalito :)




* 600mg-1000mg - very strong trip 


Suitable only for the most experienced users. Complete ego loss is almost certain. Get ready for a journey through to another dimension and touch infinity. 




Product will be vac sealed in MBB. 




If ordering before 2:30pm, the product WILL BE SENT THAT DAY and in most cases when ordering an express envelope, depending on your location, you will receive product next day.




-->IMPORTANT<-- If combining shipping please insure you ENCRYPT YOUR ADDRESS WITH BOTH ITEMS.




Please ensure your ADDRESS IS IN THE CORRECT FORMAT this is important to insure speedy shipping.




>Example<




Super Hans


123 Fake St


Sydney NSW 2000 




Any questions see my profile or feel free to contact me.",Australia,Australia,3-Leg-Racer,BTC 0.2108,evolution
10 x Sensi Star Seeds - Regular - The famous Paradise Seeds strain!!,"▀▀▀▀▀▀▀▀▀▀▀▀▀▀▀▀▀▀▀▀▀▀▀▀▀▀▀▀▀▀▀▀▀


▀▀▀▀▀▀▀▀▀▀▀ 3-LEG-RACER ▀▀▀▀▀▀▀▀▀▀▀▀▀


▀▀▀▀▀▀▀▀▀▀▀▀▀▀▀▀▀▀▀▀▀▀▀▀▀▀▀▀▀▀▀▀▀ 




I am happy to offer you seeds from one of the finest cannabis strains on the face of the planet. I cannot recommend this offering enough. No smoker will be dissapointed with the resinous buds produced from this powerful indica dominant stain that stands the test of time other stains fail. 




RRP $80US+ from overseas (if you can even find Regular seeds most stores only stock Fem seeds)


3-Leg-Racer price - $55AUD




Paradise Seeds - Sensi Star




Sensi Star is a great indoor plant, producing powerful, resinous, and very compact buds. Although mostly indica, she retains a complex high that warps both body and soul. Introduced in 1995 by Paradise, this strains stability was improved in 1997 to deliver a strong plant with big fan leaves and nice thick buds.




Sensi Star works well in a sea of green set-up. It is best to let them vegetate for 2 weeks before entering the 12/12 light cycle. If the strong side branching is allowed to remain and flower, she needs a little extra space. Prospects for gardening this plant outdoors are good in temperate zones, where she will reach approximately 6 feet (1.83 meters).




This headstrong indica produces rock hard colas that have a lemony scent and taste. Some smokers find the buzz to be a very strong body stone, while others report a high with more energetic cerebral properties as well as a body sensation. THC levels have been reported at 20 percent for this variety, making it a one-hitter quitter. CBD has been measured at .9 percent.




* Winner 1st prize Highlife Cannabis Cup 1999 (Bio category)


* Winner 1st prize High Times Cannabis Cup 1999 (Indica category)


* Winner 2nd prize High Times Cannabis Cup 2000 (Indica category


* Plant of the Year 2003, High Times magazine


* Winner 1st prize Highlife Cannnabis Cup 2004 (Bio category)


* Winner 2nd prize Highlife Feria Barcelona 2004


* Winner 3rd prize International Cannagraphics 2005


* Winner 3rd prize Copa La Bella Flor Spain 2005


* Winner 3rd prize High Times Cannabis Cup 2005


* Winner 2nd prize Champions Cup Spain 2005


* Winner 3rd prize Highlife cup 2009 (hydro)


* Plant of the Year 2009 / 2010 Spain (soft secrets)


* Winner 1st prize Highlife Cannnabis Cup 2010 (Hydro category)






Characteristics




Strain: Sensi Star


Breeder: Paradise Seeds


Type: Mostly Indica with a hint of Sativa


Flowering time: 56-63 days indoors. 


Yield: 350-450 g per m2 indoors. Outdoor 400 - 500 grams per plant


Suitable environments: Indoors. Outdoors between 50º n.L. and 50º s.L.


Effect/Buzz: Strong body high possible cerebral effect


Smell/Taste: Pungent


THC: ****


CBD: *




* Free Express postage when ordering 30 seeds or more.




Product will be vac sealed in MBB. 




If ordering before 2:30pm, the product WILL BE SENT THAT DAY and in most cases when ordering an express envelope, depending on your location, you will receive product next day.




-->IMPORTANT<-- If combining shipping please insure you ENCRYPT YOUR ADDRESS WITH BOTH ITEMS.




Please ensure your ADDRESS IS IN THE CORRECT FORMAT this is important to insure speedy shipping.




>Example<




Super Hans


123 Fake St


Sydney NSW 2000 




Any questions see my profile or feel free to contact me.




3-LEG-RACER",Australia,Australia,3-Leg-Racer,BTC 0.1745,evolution
10g Homegrown Weed - *Limited* 10x,"100% Sativa Homegrow 

sehr verharzt. no chemicals.



fast delivery , stealth packed, vacuum.",Germany,Worldwide,420DE,BTC 0.1898,evolution
20g Homegrown Weed - *Limited* 5x,"100% Sativa Homegrow 

sehr verharzt. no chemicals.



fast delivery , stealth packed, vacuum.",Germany,Worldwide,420DE,BTC 0.3543,evolution
50g Homegrown Weed - *Limited* 2x,"100% Sativa Homegrow 

sehr verharzt. no chemicals.



fast delivery , stealth packed, vacuum.",Germany,Worldwide,420DE,BTC 0.8038,evolution
5g Homegrown Weed - *Limited* 10x,"100% Sativa Homegrow 

sehr verharzt. no chemicals.



fast delivery , stealth packed, vacuum.",Germany,Worldwide,420DE,BTC 0.1012,evolution
14g Pineapple Skunk | Free Postage | UK Seller,"I'm new to Evolution but was an established vendor on SR2.0 




I have some high quality, freshly dried, home grown Pineapple Skunk by Humboldt seeds. The buds are big, sticky and dripping with crystals.  




Take advantage of my low introductory prices and grab a bargain as this weed is worth a lot more than I am charging. 




Price includes free first class postage 2-3 days max. The package is not recorded or signed for and can fit through your letter box so no need to be in for delivery. Your order will be in the post within an hour of me clicking ship and if shipped in the morning/early afternoon it will usually arrive next day.",United Kingdom,United Kingdom,420UK,BTC 0.4487,evolution
1g Pineapple Skunk | Home Grown | UK Seller,"I'm new to Evolution but was an established vendor on SR2.0 




I have some high quality, freshly dried, home grown Pineapple Skunk by Humboldt seeds. The buds are big, sticky and dripping with crystals.  




Take advantage of my low introductory prices and grab a bargain as this weed is worth a lot more than I am charging. 




Price includes free first class postage 2-3 days max. The package is not recorded or signed for and can fit through your letter box so no need to be in for delivery. Your order will be in the post within an hour of me clicking ship and if shipped in the morning/early afternoon it will usually arrive next day.",United Kingdom,United Kingdom,420UK,BTC 0.0479,evolution
28g Pineapple Skunk | Free Postage | UK Seller,"I'm new to Evolution but was an established vendor on SR2.0 




I have some high quality, freshly dried, home grown Pineapple Skunk by Humboldt seeds. The buds are big, sticky and dripping with crystals.  




Take advantage of my low introductory prices and grab a bargain as this weed is worth a lot more than I am charging. 




Price includes free first class postage 2-3 days max. The package is not recorded or signed for and can fit through your letter box so no need to be in for delivery. Your order will be in the post within an hour of me clicking ship and if shipped in the morning/early afternoon it will usually arrive next day.     




1oz orders will be split into two 14g packages so that it can easily fit through a your postbox. Other Vendors squash and compact their weed to get it in one but not me. I post both at the same time but sometimes use multiple postboxes if I have a lot of orders so if both packages are not delivered on the same day It will be due to good old Royal Mail and will more than likely be delivered the next day.",United Kingdom,United Kingdom,420UK,BTC 0.8413,evolution
2g Pineapple Skunk | Home Grown | UK Seller,"I'm new to Evolution but was an established vendor on SR2.0 




I have some high quality, freshly dried, home grown Pineapple Skunk by Humboldt seeds. The buds are big, sticky and dripping with crystals.  




Take advantage of my low introductory prices and grab a bargain as this weed is worth a lot more than I am charging. 




Price includes free first class postage 2-3 days max. The package is not recorded or signed for and can fit through your letter box so no need to be in for delivery. Your order will be in the post within an hour of me clicking ship and if shipped in the morning/early afternoon it will usually arrive next day.",United Kingdom,United Kingdom,420UK,BTC 0.0959,evolution
3.5g Pineapple Skunk | Home Grown | UK Seller,"I'm new to Evolution but was an established vendor on SR2.0 




I have some high quality, freshly dried, home grown Pineapple Skunk by Humboldt seeds. The buds are big, sticky and dripping with crystals.  




Take advantage of my low introductory prices and grab a bargan as this weed is worth a lot more than I am charging. 




Price includes free first class postage 2-3 days max. The package is not recorded or signed for and can fit through your letter box so no need to be in for delivery. Your order will be in the post within an hour of me clicking ship and if shipped in the morning/early afternoon it will usually arrive next day.",United Kingdom,United Kingdom,420UK,BTC 0.1279,evolution
7g Pineapple Skunk | Home Grown | UK Seller,"I'm new to Evolution but was an established vendor on SR2.0 




I have some high quality, freshly dried, home grown Pineapple Skunk by Humboldt seeds. The buds are big, sticky and dripping with crystals.  




Take advantage of my low introductory prices and grab a bargain as this weed is worth a lot more than I am charging. 




Price includes free first class postage 2-3 days max. The package is not recorded or signed for and can fit through your letter box so no need to be in for delivery. Your order will be in the post within an hour of me clicking ship and if shipped in the morning/early afternoon it will usually arrive next day.",United Kingdom,United Kingdom,420UK,BTC 0.2238,evolution
7g Pineapple Skunk | Home Grown | UK Seller,"I have some high quality, freshly dried, home grown Pineapple Skunk by Humboldt seeds. The buds are big, sticky and dripping with crystals.  




Price includes free first class postage 2-3 days max. The package is not recorded or signed for and can fit through your letter box so no need to be in for delivery. Your order will be in the post within an hour of me clicking ship and if shipped in the morning/early afternoon it will usually arrive next day.",United Kingdom,United Kingdom,420UK,BTC 0.2932,evolution
"*** 3.5g Bubba Kush, Canadian import, NO FE, FREE NEXT DAY DELIVERY","3.5 grams of Bubba Kush imported from Canada




pictures will be up later




Bubba Kush is a sweet, earthy indica strain with genetics traced back to the Hindu Kush landrace strains. Since finding its way to U.S. shores, the lineage of this nearly pure indica strain becomes more foggy. While some insist Bubba Kush was first bred on the West Coast from OG Kush and landrace genetics, its origins are poorly documented and uncertain.




Despite its wide proliferation, Bubba Kush exhibits a distinctive, bulky bud structure with hues that range from forest green to pale purple. Its effects may begin focused in the head, but it isn’t long before the buzz reaches the rest of the body. Some might consider couchlock an inevitable consequence of Bubba Kush, making this powerhouse indica a perfect go-to strain for evening relaxation, restful sleep, or a lazy weekend at home.




***only order if you can finalize within 24 hours of delivery***




Sent 1st class same day if ordered by 3pm.






by ordering you agree to our terms and conditions on our profile.",United Kingdom,United Kingdom,420express,BTC 0.2546,evolution
0.5G Cocaine (90%) UNCUT 1 FREE!!! GREEN STAR (210mg+),"Write a review in my thread after receiving and get a 10% discount on all future orders!




Thread: http://i25c62nvu4cgeqyz.onion/viewtopic.php?id=17218




NO SHIPPING TO THE US/AUS/SCAN FOR NOW!




Please read my profile before ordering!!!!




New offer!




1Gram 90% cocaine straight from Peru.




Now with 1 free added Green Stars (210mg)!!




Don't miss this offer!",Worldwide,Worldwide,450braiseit,BTC 0.3559,evolution
0.5G Cocaine (90%) UNCUT 1 FREE!!! GREEN STAR (210mg+),"Write a review in my thread after receiving and get a 10% discount on all future orders!




Thread: http://i25c62nvu4cgeqyz.onion/viewtopic.php?id=17218




NO SHIPPING TO THE US/AUS/SCAN FOR NOW!




Please read my profile before ordering!!!!




New offer!




1Gram 90% cocaine straight from Peru.




Now with 1 free added Green Star (210mg)!!




Don't miss this offer!",Worldwide,Worldwide,450braiseit,BTC 0.3559,evolution
100 White Domino's - 220mg MDMA - Shipping worldwide! - Cheapest on evo!,"/* SHIPPING WORLDWIDE */



The White Domino's are back!



Contain 200 - 230mg MDMA each!



They are made with the same MDMA I sold before.

Also the same manufacturer of the white Bugatti's!



More information on them: 



*Clearnet*



http://www.pillreports.com/index.php?page=display_pill&id=33120



Takes 30 min - 1 hour to kick in. 

Lasts for about 3-4 hours.



The best on the market (manufactured by the Defqon team, the creators of the Superman, white Bugatti's, Androids, Bitcoins and Nintendo's.



By buying this listing you will get 100 pills.



Shipping worldwide, takes 5 to 10 days. (sometimes more)

Shipping to Europe takes 3-5 days.



Images taken by me.



For more info send me a message or contact me on ICQ: 663968732 (use otr)",Worldwide,Worldwide,450braiseit,BTC 0.9348,evolution
1000 Green Stars - 210mg+ MDMA - FREE SHIPPING - Cheapest on evo!,"Write a review in my thread after receiving and get a 10% discount on all future orders!




NO SHIPPING TO THE US/AUS/SCAN FOR NOW!




Please read my profile before ordering!!!!




Contain 200 - 210mg MDMA each!




More information on them: 




*Clearnet*




http://www.pillreports.com/index.php?page=display_pill&id=34024




Takes 30 min - 1 hour to kick in. 


Lasts for about 3-4 hours.




The absolute best on the market.




If you want bulk, add me on ICQ or send me a PM.




Shipping worldwide, takes about 15 days. (sometimes more)


Shipping to Europe takes 3-5 days.




Photos always taken by me.




For more info send me a message or contact me on ICQ: 663968732 (use otr)",Worldwide,Worldwide,450braiseit,BTC 8.3318,evolution
1kilo HIGH QUALITY Speed/amphetamine paste 80% uncut,"Write a review in my thread after receiving and get a 10% discount on all future orders!




Thread: http://i25c62nvu4cgeqyz.onion/viewtopic.php?id=17218




NO SHIPPING TO THE US/AUS/SCAN FOR NOW!




Please read my profile before ordering!!!!




Very high quality speed paste




By buying this listing you will get 10 gram




Shipping worldwide, takes about 15 days. (sometimes more)


Shipping to Europe takes 3-5 days.




Photos always taken by me.




For more info send me a message or contact me on ICQ: 663968732 (use otr)",Worldwide,Worldwide,450braiseit,BTC 13.5634,evolution
5 Gold Bars - 200mg+ MDMA - Cheapest on evo!,"Write a review in my thread after receiving and get a 10% discount on all future orders!



Thread: http://i25c62nvu4cgeqyz.onion/viewtopic.php?id=17218



NO SHIPPING TO THE US/AUS FOR NOW!



Please read my profile before ordering!!!!



Famous Goldbars now for sale!



Contain 200 - 210mg MDMA each!



More information on them: 



*Clearnet*



http://www.pillreports.com/index.php?page=display_pill&id=33552



Takes 30 min - 1 hour to kick in. 

Lasts for about 3-4 hours.



The best on the market (pressed by the Defqon team, the creators of the Superman, white Bugatti's, Androids, Bitcoins and Nintendo's.



If you want more, add me on ICQ or send me a PM.



Shipping worldwide, takes about 15 days. (sometimes more)

Shipping to Europe takes 3-5 days.



Photos always taken by me.



For more info send me a message or contact me on ICQ: 663968732 (use otr)",Worldwide,Worldwide,450braiseit,BTC 0.0691,evolution
5 Green Stars - 210mg+ MDMA - FREE SHIPPING - Cheapest on evo!,"Write a review in my thread after receiving and get a 10% discount on all future orders!




NO SHIPPING TO THE US/AUS/SCAN FOR NOW!




Please read my profile before ordering!!!!




Contain 200 - 210mg MDMA each!




More information on them: 




*Clearnet*




http://www.pillreports.com/index.php?page=display_pill&id=34024




Takes 30 min - 1 hour to kick in. 


Lasts for about 3-4 hours.




The absolute best on the market.




If you want bulk, add me on ICQ or send me a PM.




Shipping worldwide, takes about 15 days. (sometimes more)


Shipping to Europe takes 3-5 days.




Photos always taken by me.




For more info send me a message or contact me on ICQ: 663968732 (use otr)",Worldwide,Worldwide,450braiseit,BTC 0.0778,evolution
5 Green Stars - 210mg+ MDMA - FREE SHIPPING - Cheapest on evo!,"Write a review in my thread after receiving and get a 10% discount on all future orders!




NO SHIPPING TO THE US/AUS/SCAN FOR NOW!




Please read my profile before ordering!!!!




Contain 200 - 210mg MDMA each!




More information on them: 




*Clearnet*




http://www.pillreports.net/index.php?page=display_pill&id=34024




Takes 30 min - 1 hour to kick in. 


Lasts for about 3-4 hours.




The absolute best on the market.




If you want bulk, add me on ICQ or send me a PM.




Shipping worldwide, takes about 15 days. (sometimes more)


Shipping to Europe takes 3-5 days.




Photos always taken by me.




For more info send me a message or contact me on ICQ: 663968732 (use otr)",Worldwide,Worldwide,450braiseit,BTC 0.0736,evolution
5 White Domino's - 220mg MDMA - Shipping worldwide! - Cheapest on evo!,"/* SHIPPING WORLDWIDE */



The White Domino's are back!



Contain 200 - 230mg MDMA each!



They are made with the same MDMA I sold before.

Also the same manufacturer of the white Bugatti's!



More information on them: 



*Clearnet*



http://www.pillreports.com/index.php?page=display_pill&id=33120



Price is 25 euro's / 5 pills or 35 dollars / 5 pills



Takes 30 min - 1 hour to kick in. 

Lasts for about 3-4 hours.



The best on the market (manufactured by the Defqon team, the creators of the Superman, white Bugatti's, Androids, Bitcoins and Nintendo's.



500 Pills left, send me a message if you want to order more.



By buying this listing you will get 5 pills.



If you want more, add me on ICQ or send me a PM.



Shipping worldwide, takes 5 to 10 days. (sometimes more)

Shipping to Europe takes 3-5 days.



/* I got a 100% arrival percentage until now, even in Australia! */



Photos always taken by me.



For more info send me a message or contact me on ICQ: 663968732 (use otr)",Worldwide,Worldwide,450braiseit,BTC 0.0669,evolution
500G HIGH QUALITY Speed/amphetamine paste 80% uncut,"Write a review in my thread after receiving and get a 10% discount on all future orders!




Thread: http://i25c62nvu4cgeqyz.onion/viewtopic.php?id=17218




NO SHIPPING TO THE US/AUS/SCAN FOR NOW!




Please read my profile before ordering!!!!




Very high quality speed paste




By buying this listing you will get 10 gram




Shipping worldwide, takes about 15 days. (sometimes more)


Shipping to Europe takes 3-5 days.




Photos always taken by me.




For more info send me a message or contact me on ICQ: 663968732 (use otr)",Worldwide,Worldwide,450braiseit,BTC 7.7505,evolution
MDMA pills (2 White Bugattis) - 220mg - 83% purity - Cheapest on evolution!,"White MDMA pills from Holland, called White Bugatti's.



Contain 200-230mg MDMA each!



They are made with the same MDMA I sold before.



More information on them: 



*Clearnet*



http://www.pillreports.com/index.php?page=display_pill&id=33191



Price is 20 euro's / 2 pills or 30 dollars / 2 pills



Buying more = cheaper.



Takes 30 min - 1 hour to kick in. 

Lasts for about 3 hours.

The best on the market (manufactured by the Defqon team, the creators of the superman, white dominos,  android and the new bitcoin XTC pills.



160 pills left, send me a message if you want to order more.



By buying this listing you will get 2 pills.



If you want more, add me on ICQ or send me a PM.



Shipping worldwide, takes 3 to 10 days.

Shipping to Europe takes 3-5 days.



Images taken by me.



Contact me on ICQ: 663968732 (use otr)",Worldwide,Worldwide,450braiseit,BTC 0.0615,evolution
MDMA pills (5 White Bugattis) - 220mg - 83% purity - Shipping worldwide!,"/* SHIPPING WORLDWIDE */



White MDMA pills from Holland, called White Buggati's.



Contain 200 - 230mg MDMA each!



They are made with the same MDMA I sold before.

Also the same manufacturer of the white Domino's.



More information on them: 



*Clearnet*



http://www.pillreports.com/index.php?page=display_pill&id=33191



Price is 25 euro's / 5 pills or 35 dollars / 5 pills



Takes 30 min - 1 hour to kick in. 

Lasts for about 3-4 hours.



The best on the market (manufactured by the Defqon team, the creators of the superman, white dominos, android and the new bitcoin XTC pills.



160 Pills left, send me a message if you want to order more.



By buying this listing you will get 5 pills.



If you want more, add me on ICQ or send me a PM.



Shipping worldwide, takes 5 to 10 days. (sometimes more)

Shipping to Europe takes 3-5 days.



I will not refund it if the order was placed without tracking.

With tracking I will refund 50% is the package is lost.



/* I got a 100% arrival percentage until now, even in Australia! */



Images taken by me.



For more info send me a message or contact me on ICQ: 663968732 (use otr)",Worldwide,Worldwide,450braiseit,BTC 0.0769,evolution
MDMA powdered crystals - 83% purity - Cheapest on evolution,"White MDMA crystals powdered down from big chunks. 



Price is 40 euro's / gram or 54 dollars / gram



Takes 30 min - 1 hour to kick in. 

Lasts for about 3 hours.

The best on the market (manufactured by the Defqon team, the creators of the superman, android and the new bitcoin XTC pills.



5g available now.

More coming soon!



By buying this listing you will get 1 gram of MDMA.



Shipping worldwide, takes 3 to 10 days.



Both images are taken by me, one is with the flash on and one without it.



Contact me on ICQ: 663968732 (use otr)",Worldwide,Worldwide,450braiseit,BTC 0.0581,evolution
MDMA powdered crystals - 83% purity - Cheapest on evolution!,"White MDMA crystals powdered down from big chunks. 



Price is 30 euro's / gram or 41 dollars / gram



Takes 30 min - 1 hour to kick in. 

Lasts for about 3 hours.

The best on the market (manufactured by the Defqon team, the creators of the superman, android and the new bitcoin XTC pills.



5g available now.

More coming soon!



By buying this listing you will get 1 gram of MDMA.



If you want more, add me on ICQ



Shipping worldwide, takes 3 to 10 days.



Both images are taken by me, one is with the flash on and one without it.



Contact me on ICQ: 663968732 (use otr)",Worldwide,Worldwide,450braiseit,BTC 0.0434,evolution
120grams 84% PURE MDMA sugar crystals. Best MDMA in the world!,"This is the best MDMA in the world, looks like brown sugar, a mix of MDMA and MDA but mostly MDMA. 84% best you can get, comes in crystal form, with some powder, but the powder is not cut, it is just crushed down from the crystals hitting eachother. This is a local USA to USA shipping only. You will have your pack in 3-5 days!!!",United States,United States,4realdeal,BTC 11.6000,evolution
CDB Oil --- Medical Marihuana  50ml,"CDB Öl/Oil




Normal Price in Holland 150€




1x 50 ml










Dieses CBD Öl enthält 4% CBD, während der THC Gehalt deutlich unter 0,2% (bei 0,173% um genau zu sein) liegt. Darüber hinaus ist dieses CBD Öl naturrein - bei der Aufzucht oder im Produktionsprozess werden keine Herbizide, Fungizide oder chemischen Düngemittel verwendet. 


--------


CBD Öl (Biologisch): Naturreines CBD Öl mit einem CBD Gehalt von 4%




Während THC, die psychoaktive Hauptverbindung in Cannabis überall gelobt wird, bleibt CBD heute ein stiller Held. Die meisten Cannabis Pflanzen werden für den Freizeitnutzer gezüchtet, um eine hohe Menge THC zu enthalten, während CBD lange Zeit vernachlässigt wurde. Aber in der letzten Zeit hat sich das Blatt gewendet - jetzt ist CBD ins Rampenlicht getreten und viele Menschen nutzen es als Nahrungsergänzungsmittel. Anders als THC ist CBD nicht psychoaktiv und macht Dich absolut nicht ""high"" oder ""breit.""




Dieses naturreine CBD Öl enthält 4% CBD, das aus biologisch angebauten Hanfpflanzen gewonnen wird - bei der Aufzucht oder im Produktionsprozess werden keine Herbizide, Fungizide oder chemischen Düngemittel verwendet. Dies ist eines der stärksten biologisch erzeugten CBD Öle, das in Europa heute verfügbar ist!




Inhalt: 50 ml






Die empfohlene Dosis beträgt 1-3 Tropfen bis zu 4 mal täglich.",Germany,Worldwide,51Store,BTC 0.4932,evolution
Test Good Speed 2g Free Shipping Domnestic only,"Good Speed Paste 2g Tester




Domnestic Shipping 1-3 Days",Germany,Germany,51Store,BTC 0.0345,evolution
1 One pink GRENADE XTC MDMA pills Pill -- 150mg - Special Price,"Since I'm new on Evolution I'm offering these pills for $9.99



This price will only be offered on Evolution. 



I am a top notch seller on Agora with over 500 excellent feedback



One pink GRENADE XTC MDMA pill - 150 mg



These pills contain 150 mg of pure MDMA



* quantity: 1 pill

Note the minmium order is two

* Premium Quality MDMA

* 150mg MDMA





!! Please read our profile page for ordering instructions and other information.",United States,United States,5588,BTC 0.0393,evolution
10 gr gram grams 10000mg Premium top notch MDMA  ♥ ♥ ♥ Special Price,"10 Grams MDMA real stuff no RK-MDMA, BK-MDMA, Methylone No Bullshit



Made from Dutch 



Best MDMA YOU CAN GET and I do process orders pretty fucking fast!!!



The crystals are crushed for packaging.



##### PLEASE READ MY PROFILE FOR ALL QUESTIONS! #####",United States,United States,5588,BTC 1.0959,evolution
"0,25g Crystal Meth - uncut white ice","Our next big thing arrived today and is ready to be shipped. Highest quality crystal meth  from eastern Europe. Very strong and clean, perfect for smoking, too. This meth is not for beginner, so please start slow to avoid overdosing. Meth is a powerful stimulant drug, 4 times more potent than amphetamine and the effects of a single dose can last up to 30 hours. When buying from us, you can be sure that you only get lab grade quality and no poison which is produced by hobby cooks in a caravan. We sell this item only to Europe costumers, save and secure from Germany.",Germany,Worldwide,5entanyl,BTC 0.0637,evolution
10 LSD blotter (160-170µg) - 2 X dipped (white xtal),"Fresh laid LSD blotter with min. 160µg per piece. Great acid from white xtal, two times dipped to guarantee the potency. We use some cotton blotter papers instead the normal tickets because they absorb more liquid and store it longer. Our tabs only contain pure LSD and no other crap like LSZ, 25X-NBOMEs,etc. Have a nice trip !

Worldwide shipping from Germany available.

(We can supply you with highest quality LSD crystals from Switzerland, just write us a mail if you want to move on the next level.)",Germany,Worldwide,5entanyl,BTC 0.1122,evolution
100mg Butyr-Fentanyl HCL (99%) - 25 X stronger than morphin,"Butyr-fentanyl is a powerful and short acting fentanyl analogue with around a quarter of the potency of fentanyl hcl. Please only order this super potent opiate if you have a tolerance and done enough research about butyr-fentanyl otherwise the danger of a fatal OD is very high. You need a scale with at least 0.001 to work with this chem.

We sell only the purest lab-grade quality with a tested purity of over 99%, which makes our product 25 times stronger than morphine. You can consume b-t in all known ways, including smoking, sniffing and shooting. Butyr-fentanyl is described as more euphoric than normal fentanyl with lower sedative properties and a trip duration of 2-3 hours. This product is available worldwide and will be shipped from Germany..",Germany,Worldwide,5entanyl,BTC 0.2751,evolution
1g MDMA crystals (>80%),"Our ""cola"" MDMA crystals are imported straight from the Netherlands and over 80% pure. Good quality for a good price. Not much more to say. Give them a try and you will order more. We ship this item only to EU and Canada, sorry no exceptions.",Germany,Canada,5entanyl,BTC 0.0802,evolution
1g white MDMA crystals (>84%),"Our white MDMA crystals are imported straight from the Netherlands and have a lab-tested purity from 84% . High quality for a good price. Not much more to say. Give them a try and you will order more. We ship this item only to EU and Canada, sorry no exceptions.",Germany,"Austria, Belgium, Bulgaria, Croatia, Cyprus, Czech Republic, Denmark, Estonia, Finland, France, Germany, Greece, Hungary, Ireland, Italy, Latvia, Lithuania, Luxembourg, Malta, Netherlands, Poland, Portugal, Romania, Slovakia, Slovenia, Spain, Sweden, United Kingdom",5entanyl,BTC 0.0570,evolution
20 LSD blotter (160-170µg) - 2 X dipped (white xtal),"Fresh laid LSD blotter with min. 160µg per piece. Great acid from white xtal, two times dipped to guarantee the potency. We use some cotton blotter papers instead the normal tickets because they absorb more liquid and store it longer. Our tabs only contain pure LSD and no other crap like LSZ, 25X-NBOMEs,etc. Have a nice trip !

Worldwide shipping from Germany available.

(We can supply you with highest quality LSD crystals from Switzerland, just write us a mail if you want to move on the next level.)",Germany,Worldwide,5entanyl,BTC 0.2105,evolution
25 DOC HCL blotter (5mg/piece) -strongest blotter available!,"New in stock and ready to ship: DOC HCL (over 99% pure) is a very strong psychedelic drug from the amphetamine and the phenethylamine class. A trip (0,5mg-3mg) has a duration of 15-25 hours and it takes around 3 hours to produce any effect. Please don't re-dose too early, this can end in 35 hours of complete ego-loss. The blotters are laid seven times and so it is possible that every piece contain 5 mg of best quality DOC, that is a strong dose and everything above is not enjoyable. This stuff is also called super-lsd and we ship the trips worldwide secure from Germany.",Germany,Worldwide,5entanyl,BTC 0.0686,evolution
25 LSD blotter SHIVA (190µg) from the same crystal as the Dalai Lama,"The Dalai Lama blotters were the best tickets w available last year, and our new blotter are from the same crystal only a little bit lower dosed with 190µg instead of 220µg. These tabs are lab tested and ""Avenger"" approved so you can be sure there is no better acid around. Of course they are not as cheap as our last blotters but you will love them, thats for sure. One ticket is enough for a deep and wonderful trip without any bodyload. Take 2 of them and you will fly without knowing when you will be back, so always stay safe and know your limit. This trips are almost as strong as the Dalai Lama and everybody who had a chance to get one knows what we are talking about.  Send from Germany to worldwide.",Germany,Worldwide,5entanyl,BTC 0.4003,evolution
250mg Butyr-Fentanyl HCL (99%) - 25 X stronger than morphin,"Butyr-fentanyl is a powerful and short acting fentanyl analogue with around a quarter of the potency of fentanyl hcl. Please only order this super potent opiate if you have a tolerance and done enough research about butyr-fentanyl otherwise the danger of a fatal OD is very high. You need a scale with at least 0.001 to work with this chem.

We sell only the purest lab-grade quality with a tested purity of over 99%, which makes our product 25 times stronger than morphine. You can consume b-t in all known ways, including smoking, sniffing and shooting. Butyr-fentanyl is described as more euphoric than normal fentanyl with lower sedative properties and a trip duration of 2-3 hours. This product is available worldwide and will be shipped from Germany..",Germany,Worldwide,5entanyl,BTC 0.5515,evolution
250mg pure 2C-E (>99%),"This is the purest 2C-E you will find with over 99%. So take care and don't take to much, cause this would be a long and very mindfucking experience. 20mg are more than enough for a good trip even for experienced user. Our 2C-E is snow-white and fluffy and we would take it oraly cause your nose burns like fire if you sniff it. Our stock is limited thats why we only offer 250mg listings. Shipped worldwide from Germany. No FE is required but very welcome (free bonus added).",Germany,Worldwide,5entanyl,BTC 0.0734,evolution
3g MDMA crystals (>80%),"Our cola MDMA crystals are imported from the Netherlands and over 80% pure. Great quality for a good price. Not much more to say. Give them a try and you will be back for more. We ship this listing from Germany only to EU and Canada, sorry no exceptions.",Germany,"Austria, Belgium, Bulgaria, Croatia, Cyprus, Czech Republic, Denmark, Estonia, Finland, France, Germany, Greece, Hungary, Ireland, Italy, Latvia, Lithuania, Luxembourg, Malta, Netherlands, Poland, Portugal, Romania, Slovakia, Slovenia, Spain, Sweden, United Kingdom",5entanyl,BTC 0.2255,evolution
3g white MDMA crystals (>84%),"Our white MDMA crystals are imported from the Netherlands and over 84% pure. High quality for a good price. Not much more to say. Give them a try and you will be back for more. We ship this listing from Germany only to EU and Canada, sorry no exceptions.",Germany,Worldwide,5entanyl,BTC 0.1596,evolution
500mg Butyr-Fentanyl HCL (99%) - 25 X stronger than morphin,"Butyr-fentanyl is a powerful and short acting fentanyl analogue with around a quarter of the potency of fentanyl hcl. Please only order this super potent opiate if you have a tolerance and done enough research about butyr-fentanyl otherwise the danger of a fatal OD is very high. You need a scale with at least 0.001 to work with this chem.

We sell only the purest lab-grade quality with a tested purity of over 99%, which makes our product 25 times stronger than morphine. You can consume b-t in all known ways, including smoking, sniffing and shooting. Butyr-fentanyl is described as more euphoric than normal fentanyl with lower sedative properties and a trip duration of 2-3 hours. This product is available worldwide and will be shipped from Germany..",Germany,Worldwide,5entanyl,BTC 0.9613,evolution
Sample: 2g dutch Speed (72%) - new batch so still available,"Sample our strong dutch speed, new batch arrived We get it straight from Netherlands and sell it without adding any cut like caffeine etc. The speed has a purity from over 70% and we are very sure that you will love this stuff. This listing is only available for EU costumers and no FE needed. We ship it safe and secure from Germany. Please leave positive feedback after receiving. Only one per costumer.",Germany,"Austria, Belgium, Bulgaria, Croatia, Cyprus, Czech Republic, Denmark, Estonia, Finland, France, Germany, Greece, Hungary, Ireland, Italy, Latvia, Lithuania, Luxembourg, Malta, Netherlands, Poland, Portugal, Romania, Slovakia, Slovenia, Spain, Sweden, United Kingdom",5entanyl,BTC 0.0349,evolution
Sample: 2g dutch Speed (72%) dried- no weight loss,Sample our strong dutch speed which is already dried so you won't loose 30% or more. We get it straight from Netherlands and sell it without adding any cut like caffeine etc. The speed has a purity from over 70% and we are very sure that you will love this stuff. This listing is only available for EU costumers and no FE needed. We ship it safe and secure from Germany. Please leave positive feedback after receiving.,Germany,"Austria, Belgium, Bulgaria, Croatia, Cyprus, Czech Republic, Denmark, Estonia, Finland, France, Germany, Greece, Hungary, Ireland, Italy, Latvia, Lithuania, Luxembourg, Malta, Netherlands, Poland, Portugal, Romania, Slovakia, Slovenia, Spain, Sweden, United Kingdom",5entanyl,BTC 0.0396,evolution
1 G  91 % PURE  COCAINE HIGH HEAT,"1` G  91 % PURE  COCAINE HIGH HEAT


BUY FROM THE DISTRUBTER FOR THE BEST PRICE .",Australia,Australia,5o_DoLLAR_BiLLS,BTC 0.5166,evolution
1 G METH  ABSOLUTE BEST QUALITY,"1 G METH  ABSOLUTE BEST QUALITY


SOUTH EAST ASIAN STYLE METH


AMERICAN QUALITY IS  NOT THE ORIGINAL


I AM THE CHEAPEST WHY BECAUSE.


 THE OTHERS ALL WORK FOR ME.",Australia,Australia,5o_DoLLAR_BiLLS,BTC 0.5166,evolution
1 POUND METH  ABSOLUTE BEST QUALITY,"1 POUND METH  ABSOLUTE BEST QUALITY


SOUTH EAST ASIAN STYLE METH


AMERICAN QUALITY IS  NOT THE ORIGINAL


I AM THE CHEAPEST WHY BECAUSE.


 THE OTHERS ALL WORK FOR ME.",Australia,Australia,5o_DoLLAR_BiLLS,BTC 38.7463,evolution
14 G 91 % PURE  COCAINE HIGH HEAT,"14 G  91 % PURE  COCAINE HIGH HEAT


BUY FROM THE DISTRUBTER FOR THE BEST PRICE .",Australia,Australia,5o_DoLLAR_BiLLS,BTC 4.1329,evolution
2 G 91 % PURE  COCAINE HIGH HEAT,"2G  91 % PURE  COCAINE HIGH HEAT


BUY FROM THE DISTRUBTER FOR THE BEST PRICE .",Australia,Australia,5o_DoLLAR_BiLLS,BTC 0.9040,evolution
2 G METH  ABSOLUTE BEST QUALITY,"2 G METH  ABSOLUTE BEST QUALITY


SOUTH EAST ASIAN STYLE METH


AMERICAN QUALITY IS  NOT THE ORIGINAL


I AM THE CHEAPEST WHY BECAUSE.


 THE OTHERS ALL WORK FOR ME.",Australia,Australia,5o_DoLLAR_BiLLS,BTC 1.0332,evolution
28 G  91 % PURE  COCAINE HIGH HEAT,"28 G  91 % PURE  COCAINE HIGH HEAT


BUY FROM THE DISTRUBTER FOR THE BEST PRICE .",Australia,Australia,5o_DoLLAR_BiLLS,BTC 7.7492,evolution
28 G METH  ABSOLUTE BEST QUALITY,"28 G METH  ABSOLUTE BEST QUALITY


SOUTH EAST ASIAN STYLE METH


AMERICAN QUALITY IS  NOT THE ORIGINAL


I AM THE CHEAPEST WHY BECAUSE.


 THE OTHERS ALL WORK FOR ME.",Australia,Australia,5o_DoLLAR_BiLLS,BTC 10.3323,evolution
3.5 G  METH  ABSOLUTE BEST QUALITY,"3.5 G  METH  ABSOLUTE BEST QUALITY


SOUTH EAST ASIAN STYLE METH


AMERICAN QUALITY IS  NOT THE ORIGINAL


I AM THE CHEAPEST WHY BECAUSE.


 THE OTHERS ALL WORK FOR ME.",Australia,Australia,5o_DoLLAR_BiLLS,BTC 1.8081,evolution
7 G  91 % PURE  COCAINE HIGH HEAT,7 G BUY FROM THE DISTRUBTER FOR THE BEST PRICE .,Australia,Australia,5o_DoLLAR_BiLLS,BTC 2.5830,evolution
*custom listing* Girl Scout Cookies BHO Wax (7 Gram),"Girl Scout Cookies BHO Wax (7 Gram)




Girl Scout Cookies, or GSC, is an OG Kush and Durban Poison hybrid cross whose reputation grew too large to stay within the borders of its California homeland. With a sweet and earthy aroma, Girl Scout Cookies launches you to euphoria’s top floor where full-body relaxation meets a time-bending cerebral space. A little goes a long way with this hybrid, whose THC heights have won Girl Scout Cookies numerous Cannabis Cup awards. Patients needing a strong dose of relief, however, may look to GSC for severe pain, nausea, and appetite loss.




There are several different phenotypes of the Girl Scout Cookies strain including Thin Mint and Platinum Cookies, which exhibit some variation in appearance and effect. Typically, however, Girl Scout Cookies expresses its beauty in twisting green calyxes wrapped in purple leaves and fiery orange hairs. Patients and consumers looking to cultivate this cannabis staple themselves should wait 9 to 10 weeks for their indoor plants to finish flowering.




bho, wax, budder, 710, shatter, wax, dabs, hash, rso, cbd, thc, 420, co2, medical marijuana",Worldwide,Worldwide,710SuperStore,BTC 1.2709,evolution
Girl Scout Cookies BHO Wax (.1g SAMPLE),"Girl Scout Cookies BHO Wax (.1 Gram SAMPLE)




This is a .1 gram sample for new customers to test stealth and shipping times. 




ONE PER CUSTOMER  - Your order will be canceled if you order more then one.




ONE PER CUSTOMER  - Your order will be canceled if you order more then one.




ONE PER CUSTOMER  - Your order will be canceled if you order more then one.",Worldwide,Worldwide,710SuperStore,BTC 0.0209,evolution
Girl Scout Cookies BHO Wax (1 Gram),"Girl Scout Cookies BHO Wax (1 Gram)




Girl Scout Cookies, or GSC, is an OG Kush and Durban Poison hybrid cross whose reputation grew too large to stay within the borders of its California homeland. With a sweet and earthy aroma, Girl Scout Cookies launches you to euphoria’s top floor where full-body relaxation meets a time-bending cerebral space. A little goes a long way with this hybrid, whose THC heights have won Girl Scout Cookies numerous Cannabis Cup awards. Patients needing a strong dose of relief, however, may look to GSC for severe pain, nausea, and appetite loss.




There are several different phenotypes of the Girl Scout Cookies strain including Thin Mint and Platinum Cookies, which exhibit some variation in appearance and effect. Typically, however, Girl Scout Cookies expresses its beauty in twisting green calyxes wrapped in purple leaves and fiery orange hairs. Patients and consumers looking to cultivate this cannabis staple themselves should wait 9 to 10 weeks for their indoor plants to finish flowering.




bho, wax, budder, 710, shatter, wax, dabs, hash, rso, cbd, thc, 420, co2, medical marijuana",Worldwide,Worldwide,710SuperStore,BTC 0.2242,evolution
Harlequin CBD Shatter (.1 Gram Sample),"Harlequin CBD Shatter SAMPLE (.1 Gram) listing


21% CBD




This is a large enough sample (.1g) to test our stealth and quality all while getting extremely high from Evolutions best THC products. 




Harlequin is a 75/25 sativa-dominant strain renowned for its reliable expression of CBD. A descendant of Colombian Gold, Thai, and a Swiss landrace strain, you can depend on Harlequin to provide clear-headed, alert sativa effects. Unlike most high-CBD strains, Harlequin almost always develops a CBD:THC ratio of 5:2, making this strain one of the most effective out there for treatment of pain and anxiety, as CBD counteracts THC’s paranoia while amplifying its painkilling properties. Flavors can range from earthy musk to sweet mango, but without a doubt, what draws crowds to Harlequin is its ability to relax without sedation, and to relieve without intoxication.




bho, wax, budder, 710, shatter, wax, dabs, hash, rso, cbd, thc, 420, co2, medical marijuana",United States,Worldwide,710SuperStore,BTC 0.0218,evolution
Harlequin CBD Shatter (1 Gram),"Harlequin CBD Shatter (1 Gram) listing


21% CBD




Harlequin is a 75/25 sativa-dominant strain renowned for its reliable expression of CBD. A descendant of Colombian Gold, Thai, and a Swiss landrace strain, you can depend on Harlequin to provide clear-headed, alert sativa effects. Unlike most high-CBD strains, Harlequin almost always develops a CBD:THC ratio of 5:2, making this strain one of the most effective out there for treatment of pain and anxiety, as CBD counteracts THC’s paranoia while amplifying its painkilling properties. Flavors can range from earthy musk to sweet mango, but without a doubt, what draws crowds to Harlequin is its ability to relax without sedation, and to relieve without intoxication.




bho, wax, budder, 710, shatter, wax, dabs, hash, rso, cbd, thc, 420, co2, medical marijuana",United States,Worldwide,710SuperStore,BTC 0.2199,evolution
Harlequin CBD Shatter (14 Gram),"Harlequin CBD Shatter (14 Gram) listing


21% CBD




Harlequin is a 75/25 sativa-dominant strain renowned for its reliable expression of CBD. A descendant of Colombian Gold, Thai, and a Swiss landrace strain, you can depend on Harlequin to provide clear-headed, alert sativa effects. Unlike most high-CBD strains, Harlequin almost always develops a CBD:THC ratio of 5:2, making this strain one of the most effective out there for treatment of pain and anxiety, as CBD counteracts THC’s paranoia while amplifying its painkilling properties. Flavors can range from earthy musk to sweet mango, but without a doubt, what draws crowds to Harlequin is its ability to relax without sedation, and to relieve without intoxication.




bho, wax, budder, 710, shatter, wax, dabs, hash, rso, cbd, thc, 420, co2, medical marijuana",United States,Worldwide,710SuperStore,BTC 2.6395,evolution
Harlequin CBD Shatter (28 Gram),"Harlequin CBD Shatter (28 Gram) listing


21% CBD




Harlequin is a 75/25 sativa-dominant strain renowned for its reliable expression of CBD. A descendant of Colombian Gold, Thai, and a Swiss landrace strain, you can depend on Harlequin to provide clear-headed, alert sativa effects. Unlike most high-CBD strains, Harlequin almost always develops a CBD:THC ratio of 5:2, making this strain one of the most effective out there for treatment of pain and anxiety, as CBD counteracts THC’s paranoia while amplifying its painkilling properties. Flavors can range from earthy musk to sweet mango, but without a doubt, what draws crowds to Harlequin is its ability to relax without sedation, and to relieve without intoxication.




bho, wax, budder, 710, shatter, wax, dabs, hash, rso, cbd, thc, 420, co2, medical marijuana",United States,Worldwide,710SuperStore,BTC 5.2790,evolution
Harlequin CBD Shatter (3 Gram),"Harlequin CBD Shatter (3 Gram) listing


21% CBD




Harlequin is a 75/25 sativa-dominant strain renowned for its reliable expression of CBD. A descendant of Colombian Gold, Thai, and a Swiss landrace strain, you can depend on Harlequin to provide clear-headed, alert sativa effects. Unlike most high-CBD strains, Harlequin almost always develops a CBD:THC ratio of 5:2, making this strain one of the most effective out there for treatment of pain and anxiety, as CBD counteracts THC’s paranoia while amplifying its painkilling properties. Flavors can range from earthy musk to sweet mango, but without a doubt, what draws crowds to Harlequin is its ability to relax without sedation, and to relieve without intoxication.




bho, wax, budder, 710, shatter, wax, dabs, hash, rso, cbd, thc, 420, co2, medical marijuana",United States,Worldwide,710SuperStore,BTC 0.6598,evolution
